システムクロック時刻,ジャイロ角速度,左PWM,右PWM,電圧,しっぽ,超音波,カラー
3314,1,0,0,8601,0,0,35
3319,1,-18,19,8601,0,0,35
3324,1,-18,19,8544,0,0,35
3329,1,-18,19,8547,0,0,35
3334,1,-18,19,8487,0,0,35
3339,1,-18,19,8460,0,0,35
3344,1,-14,23,8460,0,0,35
3349,1,-18,18,8450,0,0,35
3354,1,-18,18,8431,0,0,35
3359,1,-22,15,8431,0,0,35
3364,1,-17,19,8411,0,0,35
3369,1,-14,23,8412,0,0,35
3374,1,-18,18,8394,0,43,35
3379,1,-18,19,8375,0,43,35
3384,0,-15,22,8375,0,43,35
3389,-14,-27,9,8355,0,43,35
3394,-20,-31,5,8393,0,43,35
3399,-16,-26,10,8393,0,42,34
3404,-24,-39,-2,8384,0,42,34
3409,-22,-35,2,8383,0,42,34
3414,-14,-31,5,8383,0,42,34
3419,-9,-32,4,8374,0,43,34
3424,7,-26,10,8374,0,43,34
3429,23,-15,22,8364,0,43,35
3434,42,-5,31,8393,0,43,35
3439,54,1,38,8393,0,43,36
3444,51,4,41,8393,0,42,36
3449,48,2,40,8394,0,42,37
3454,40,6,43,8364,0,42,37
3459,33,0,38,8316,0,42,37
3464,23,-2,34,8316,0,42,37
3469,12,-3,33,8316,0,42,37
3474,-3,-12,25,8326,0,42,37
3479,-6,-11,26,8326,0,42,37
3484,-4,-11,25,8345,0,42,37
3489,-12,-13,23,8344,0,42,36
3494,-23,-22,15,8354,0,42,36
3499,-29,-24,13,8364,0,42,36
3504,-26,-25,11,8364,0,42,36
3509,-23,-22,14,8373,0,42,36
3514,-19,-19,17,8383,0,42,36
3519,2,-10,27,8383,0,42,36
3524,2,-7,29,8373,0,42,36
3529,5,-7,29,8375,0,42,36
3534,13,0,37,8345,0,42,36
3539,1,-8,29,8344,0,42,36
3544,-4,-5,31,8344,0,42,36
3549,-8,-7,30,8354,0,42,36
3554,-13,-13,24,8364,0,42,36
3559,-18,-11,25,8364,0,42,35
3564,-23,-18,18,8383,0,42,35
3569,-25,-20,17,8382,0,42,35
3574,-29,-18,18,8410,0,42,35
3579,-31,-17,19,8410,0,43,34
3584,-33,-24,13,8410,0,43,34
3589,-35,-26,10,8420,0,43,34
3594,-33,-26,10,8410,0,43,34
3599,-30,-26,11,8410,0,43,33
3604,-30,-23,14,8410,0,43,33
3609,-26,-26,11,8410,0,43,33
3614,-21,-27,10,8400,0,43,33
3619,-12,-21,15,8383,0,43,32
3624,-14,-18,19,8383,0,43,32
3629,-12,-20,16,8383,0,44,32
3634,-11,-23,14,8383,0,44,32
3639,-14,-24,13,8383,0,44,32
3644,-16,-28,9,8374,0,44,32
3649,-20,-32,4,8374,0,45,31
3654,-19,-34,2,8364,0,45,31
3659,-20,-37,0,8345,0,45,31
3664,-19,-38,0,8345,0,45,31
3669,-14,-36,0,8316,0,45,31
3674,-10,-35,1,8308,0,47,31
3679,-9,-39,-1,8308,0,47,31
3684,0,-37,0,8308,0,47,31
3689,9,-27,10,8309,0,47,31
3694,10,-33,4,8289,0,47,31
3699,16,-31,6,8325,0,48,31
3704,21,-29,8,8325,0,48,31
3709,20,-30,7,8325,0,48,32
3714,16,-32,4,8325,0,48,32
3719,23,-28,8,8325,0,48,32
3724,24,-31,5,8335,0,48,32
3729,14,-36,0,8334,0,48,32
3734,19,-36,0,8344,0,48,32
3739,21,-38,0,8334,0,48,33
3744,19,-40,-3,8334,0,48,33
3749,20,-38,0,8325,0,48,33
3754,27,-35,1,8325,0,48,33
3759,28,-36,1,8325,0,48,33
3764,27,-37,0,8335,0,48,34
3769,28,-33,4,8334,0,48,34
3774,30,-36,0,8344,0,48,34
3779,30,-32,4,8363,0,48,34
3784,27,-38,-1,8363,0,48,35
3789,27,-34,2,8373,0,48,35
3794,26,-35,2,8364,0,48,36
3799,27,-35,2,8364,0,48,36
3804,24,-40,-3,8373,0,48,36
3809,27,-34,2,8373,0,48,36
3814,24,-39,-2,8353,0,48,36
3819,30,-32,5,8373,0,48,37
3824,33,-33,3,8373,0,48,37
3829,29,-31,6,8383,0,48,37
3834,28,-35,2,8392,0,48,38
3839,31,-28,8,8392,0,48,38
3844,26,-35,2,8392,0,48,38
3849,26,-34,3,8392,0,48,39
3854,27,-33,4,8392,0,13,39
3859,28,-31,5,8393,0,13,39
3864,34,-27,9,8393,0,13,40
3869,35,-25,11,8392,0,13,40
3874,30,-27,9,8410,0,13,40
3879,28,-28,9,8410,0,13,41
3884,25,-29,8,8409,0,13,41
3889,22,-30,6,8410,0,13,41
3894,22,-30,7,8410,0,13,41
3899,27,-27,10,8410,0,14,42
3904,25,-27,9,8410,0,14,42
3909,33,-19,18,8410,0,14,43
3914,29,-21,16,8410,0,14,43
3919,22,-25,12,8410,0,18,43
3924,20,-26,10,8410,0,18,43
3929,26,-19,17,8410,0,18,44
3934,16,-29,7,8400,0,18,44
3939,20,-20,17,8400,0,15,44
3944,20,-21,15,8400,0,15,44
3949,16,-24,12,8392,0,15,45
3954,16,-25,11,8393,0,15,45
3959,23,-15,22,8393,0,15,45
3964,11,-23,13,8383,0,15,45
3969,11,-18,19,8383,0,15,45
3974,12,-20,17,8373,0,15,45
3979,7,-21,15,8364,0,15,45
3984,4,-22,14,8364,0,15,45
3989,4,-22,15,8373,0,15,45
3994,3,-18,18,8373,0,15,46
3999,2,-19,17,8373,0,15,46
4004,3,-22,14,8373,0,15,46
4009,3,-18,18,8373,0,15,46
4014,2,-16,21,8373,0,15,46
4019,1,-17,19,8373,0,15,46
4024,-1,-16,21,8373,0,15,45
4029,-1,-17,19,8373,0,15,45
4034,-4,-17,20,8373,0,15,45
4039,-9,-22,15,8373,0,15,45
4044,-11,-17,19,8373,0,15,45
4049,-12,-21,16,8373,0,18,46
4054,-8,-18,19,8383,0,18,45
4059,-9,-21,16,8383,0,18,45
4064,-8,-15,21,8383,0,18,45
4069,-6,-17,19,8383,0,18,44
4074,-5,-12,24,8383,0,18,44
4079,-2,-14,23,8383,0,18,44
4084,-6,-15,21,8383,0,18,44
4089,-10,-13,23,8383,0,18,44
4094,-11,-18,18,8383,0,18,44
4099,-14,-20,17,8393,0,18,44
4104,-16,-21,16,8393,0,18,44
4109,-16,-21,15,8383,0,18,44
4114,-15,-17,19,8392,0,92,44
4119,-10,-15,21,8392,0,92,44
4124,-11,-17,20,8393,0,92,43
4129,-10,-17,20,8393,0,92,43
4134,-11,-18,19,8393,0,92,42
4139,-10,-18,19,8383,0,92,42
4144,-10,-15,22,8383,0,92,42
4149,-13,-21,15,8383,0,92,41
4154,-12,-17,19,8383,0,92,41
4159,-13,-19,18,8383,0,92,41
4164,-14,-20,16,8383,0,92,41
4169,-15,-22,15,8383,0,92,41
4174,-13,-22,15,8383,0,92,41
4179,-12,-18,18,8383,0,92,41
4184,-10,-18,18,8383,0,92,41
4189,-5,-16,20,8383,0,92,41
4194,-2,-15,21,8383,0,92,41
4199,-6,-18,19,8383,0,92,41
4204,-7,-19,18,8383,0,92,40
4209,-9,-21,16,8383,0,92,40
4214,-12,-19,17,8383,0,92,40
4219,-11,-24,13,8373,0,91,40
4224,-12,-21,16,8373,0,91,40
4229,-11,-22,15,8373,0,91,40
4234,-10,-22,15,8383,0,91,40
4239,-10,-23,14,8383,0,91,40
4244,-9,-27,10,8373,0,90,40
4249,-4,-23,13,8373,0,90,40
4254,-1,-21,15,8363,0,90,40
4259,0,-20,16,8373,0,90,40
4264,-2,-21,15,8373,0,90,40
4269,-3,-22,15,8373,0,90,39
4274,-3,-22,15,8373,0,90,39
4279,-2,-21,16,8373,0,90,39
4284,-1,-20,16,8373,0,90,39
4289,-5,-23,14,8373,0,90,39
4294,-5,-23,14,8363,0,90,39
4299,-4,-22,14,8363,0,90,39
4304,1,-23,13,8363,0,90,39
4309,1,-19,18,8363,0,90,39
4314,2,-22,15,8373,0,90,39
4319,3,-20,16,8373,0,90,40
4324,6,-18,18,8363,0,90,40
4329,3,-19,17,8363,0,90,40
4334,1,-20,17,8373,0,90,39
4339,1,-20,17,8373,0,90,39
4344,-1,-24,12,8373,0,90,39
4349,-4,-25,11,8363,0,91,39
4354,1,-22,15,8363,0,91,39
4359,1,-21,15,8363,0,91,39
4364,2,-20,16,8363,0,91,39
4369,3,-19,17,8363,0,91,39
4374,3,-23,14,8373,0,91,39
4379,2,-19,18,8363,0,91,39
4384,2,-22,14,8363,0,91,39
4389,7,-19,18,8363,0,91,39
4394,8,-17,19,8363,0,91,40
4399,7,-17,20,8363,0,92,39
4404,5,-17,19,8373,0,92,40
4409,7,-16,21,8373,0,92,40
4414,8,-18,18,8363,0,92,40
4419,4,-20,17,8363,0,92,39
4424,1,-21,16,8363,0,92,40
4429,0,-21,16,8363,0,92,40
4434,0,-20,16,8363,0,92,40
4439,-2,-21,15,8363,0,92,40
4444,-2,-25,12,8373,0,92,40
4449,-1,-20,17,8373,0,92,40
4454,3,-21,15,8363,0,92,40
4459,5,-19,17,8373,0,92,40
4464,8,-17,20,8373,0,92,40
4469,6,-17,19,8373,0,92,40
4474,4,-18,19,8373,0,92,40
4479,4,-17,19,8373,0,92,40
4484,5,-20,16,8363,0,92,40
4489,2,-21,16,8363,0,92,40
4494,2,-20,16,8373,0,92,40
4499,2,-20,17,8363,0,92,40
4504,1,-20,17,8363,0,92,40
4509,3,-18,18,8363,0,92,40
4514,6,-20,17,8373,0,99,40
4519,7,-15,22,8373,0,99,40
4524,7,-18,19,8373,0,99,40
4529,11,-15,22,8373,0,99,40
4534,8,-15,21,8363,0,99,41
4539,4,-17,20,8373,0,170,40
4544,5,-20,17,8373,0,170,40
4549,6,-18,19,8373,0,170,41
4554,4,-18,18,8373,0,170,41
4559,-2,-21,16,8373,0,170,41
4564,-3,-21,15,8373,0,170,41
4569,0,-20,17,8373,0,170,41
4574,1,-19,18,8373,0,170,41
4579,3,-14,23,8373,0,170,41
4584,7,-16,21,8373,0,170,41
4589,11,-9,28,8373,0,170,41
4594,13,-11,25,8373,0,170,41
4599,14,-10,26,8373,0,171,41
4604,9,-12,24,8373,0,171,41
4609,5,-14,23,8373,0,171,41
4614,1,-16,20,8373,0,171,41
4619,0,-17,20,8373,0,171,41
4624,-4,-15,21,8373,0,171,41
4629,-5,-21,16,8383,0,173,41
4634,-5,-17,19,8383,0,173,41
4639,-6,-19,18,8383,0,173,41
4644,-2,-17,19,8382,0,173,41
4649,4,-14,22,8383,0,173,41
4654,11,-7,30,8373,0,173,41
4659,14,-5,31,8373,0,173,41
4664,12,-7,30,8373,0,173,41
4669,12,-7,30,8363,0,255,42
4674,6,-7,30,8363,0,255,42
4679,2,-13,23,8363,0,255,41
4684,-6,-15,22,8363,0,255,41
4689,-9,-18,19,8363,0,255,42
4694,-14,-18,18,8373,0,255,41
4699,-12,-16,21,8383,0,255,41
4704,-12,-22,15,8383,0,255,41
4709,-11,-19,18,8383,0,255,41
4714,-4,-13,24,8383,0,255,41
4719,-1,-13,24,8383,0,255,41
4724,4,-11,25,8383,0,255,41
4729,10,-5,31,8383,0,255,41
4734,7,-8,29,8383,0,255,41
4739,7,-9,28,8363,0,255,42
4744,8,-5,31,8363,0,255,42
4749,7,-3,33,8363,0,255,41
4754,-1,-9,27,8353,0,255,41
4759,-3,-9,28,8353,0,255,41
4764,-7,-13,23,8363,0,255,41
4769,-13,-15,21,8363,0,255,41
4774,-13,-14,22,8373,0,255,40
4779,-11,-16,20,8382,0,255,40
4784,-12,-15,21,8382,0,255,40
4789,-11,-17,19,8382,0,255,40
4794,-8,-11,26,8382,0,255,40
4799,-9,-14,22,8382,0,255,40
4804,-7,-16,21,8373,0,255,41
4809,-3,-12,25,8373,0,255,41
4814,-3,-14,23,8373,0,255,40
4819,-2,-11,25,8363,0,255,40
4824,-2,-10,27,8363,0,255,40
4829,-3,-13,24,8373,0,255,40
4834,-4,-12,25,8363,0,255,39
4839,-2,-9,27,8363,0,255,39
4844,-2,-12,25,8363,0,255,39
4849,-5,-12,24,8363,0,255,39
4854,-10,-14,23,8363,0,255,39
4859,-10,-17,20,8363,0,255,39
4864,-7,-14,23,8363,0,255,39
4869,-8,-14,23,8363,0,255,39
4874,-8,-16,20,8363,0,255,39
4879,-5,-17,19,8363,0,255,38
4884,-8,-17,20,8373,0,255,38
4889,-7,-15,21,8373,0,255,38
4894,-3,-12,25,8363,0,255,38
4899,-3,-14,22,8363,0,255,38
4904,-4,-17,19,8363,0,255,38
4909,0,-17,20,8373,0,255,38
4914,-3,-12,24,8373,0,255,39
4919,-4,-15,21,8373,0,255,39
4924,-3,-13,23,8373,0,255,38
4929,-5,-17,20,8373,0,255,38
4934,-7,-20,17,8373,0,255,38
4939,-5,-17,20,8373,0,255,38
4944,-3,-14,22,8373,0,255,38
4949,-7,-19,18,8373,0,255,38
4954,-3,-19,18,8373,0,255,38
4959,-1,-15,21,8373,0,255,38
4964,-1,-17,19,8373,0,255,38
4969,-1,-19,18,8373,0,255,38
4974,1,-15,21,8373,0,255,38
4979,0,-14,23,8373,0,255,38
4984,-1,-16,20,8373,0,255,38
4989,-2,-18,18,8363,0,255,38
4994,-4,-17,19,8373,0,255,38
4999,-1,-18,19,8373,0,255,38
5004,-4,-21,16,8373,0,255,38
5009,0,-20,17,8373,0,255,38
5014,3,-15,21,8373,0,255,38
5019,2,-14,23,8373,0,255,38
5024,4,-18,19,8373,0,255,38
5029,6,-14,23,8363,0,255,38
5034,1,-21,15,8373,0,255,38
5039,4,-13,24,8373,0,255,38
5044,6,-17,20,8373,0,255,38
5049,2,-16,21,8373,0,255,38
5054,0,-18,18,8363,0,255,38
5059,2,-18,18,8373,0,255,38
5064,-1,-17,20,8373,0,255,38
5069,-4,-20,16,8373,0,167,38
5074,4,-17,20,8373,0,167,38
5079,5,-17,19,8373,0,167,38
5084,3,-15,21,8373,0,167,39
5089,6,-15,22,8373,0,167,39
5094,9,-14,23,8373,0,167,39
5099,5,-16,20,8363,0,167,39
5104,4,-17,19,8363,0,167,39
5109,3,-19,18,8363,0,167,39
5114,0,-17,19,8363,0,167,38
5119,0,-18,18,8363,0,167,38
5124,2,-18,18,8373,0,167,38
5129,-2,-21,15,8373,0,165,38
5134,-7,-25,12,8363,0,165,38
5139,0,-22,15,8363,0,165,39
5144,3,-17,20,8363,0,165,39
5149,3,-17,19,8363,0,165,39
5154,9,-15,22,8363,0,165,39
5159,16,-11,26,8363,0,165,39
5164,12,-13,24,8363,0,165,39
5169,11,-13,23,8363,0,165,40
5174,9,-15,22,8363,0,165,39
5179,5,-17,20,8363,0,165,39
5184,0,-16,20,8363,0,117,39
5189,-3,-19,17,8363,0,117,39
5194,-4,-21,16,8373,0,117,39
5199,-6,-23,14,8373,0,117,39
5204,-5,-23,13,8373,0,117,39
5209,-2,-18,18,8373,0,117,39
5214,2,-17,19,8373,0,118,39
5219,5,-16,20,8373,0,118,40
5224,10,-14,23,8373,0,118,40
5229,12,-13,24,8373,0,118,40
5234,9,-14,22,8363,0,118,40
5239,7,-16,21,8363,0,89,40
5244,4,-14,23,8363,0,89,40
5249,2,-16,21,8363,0,89,40
5254,4,-15,21,8363,0,89,40
5259,6,-15,22,8373,0,89,40
5264,0,-19,18,8373,0,89,40
5269,-1,-20,17,8373,0,87,40
5274,2,-15,22,8363,0,87,40
5279,3,-15,21,8363,0,87,40
5284,3,-16,21,8363,0,87,40
5289,3,-17,20,8363,0,87,40
5294,4,-13,24,8373,0,88,41
5299,4,-17,19,8373,0,88,40
5304,1,-16,21,8373,0,88,40
5309,2,-16,21,8373,0,88,40
5314,2,-17,20,8373,0,88,40
5319,2,-17,19,8373,0,87,40
5324,3,-13,23,8373,0,87,40
5329,5,-10,27,8373,0,87,41
5334,4,-12,25,8373,0,87,41
5339,3,-13,23,8353,0,87,41
5344,3,-11,26,8353,0,88,41
5349,4,-12,25,8363,0,88,41
5354,3,-13,23,8363,0,88,41
5359,0,-16,21,8363,0,88,40
5364,-2,-14,22,8363,0,88,40
5369,-8,-19,17,8363,0,88,40
5374,-8,-21,16,8373,0,88,40
5379,-5,-17,20,8373,0,88,40
5384,-3,-17,19,8373,0,88,40
5389,2,-12,24,8363,0,88,40
5394,4,-13,24,8363,0,88,40
5399,5,-13,23,8363,0,88,41
5404,8,-8,28,8363,0,88,41
5409,5,-11,25,8363,0,88,41
5414,3,-14,23,8363,0,88,41
5419,1,-16,21,8363,0,88,41
5424,0,-13,23,8363,0,88,40
5429,-2,-12,24,8363,0,88,40
5434,-5,-16,20,8363,0,88,40
5439,-6,-15,22,8363,0,88,40
5444,1,-13,24,8363,0,88,40
5449,6,-12,25,8363,0,88,40
5454,5,-9,27,8363,0,88,40
5459,3,-8,28,8363,0,88,40
5464,1,-11,25,8363,0,88,41
5469,-1,-14,22,8353,0,88,41
5474,-3,-13,23,8363,0,88,40
5479,-6,-17,20,8363,0,88,40
5484,-7,-12,25,8363,0,88,40
5489,-6,-18,18,8363,0,88,40
5494,-4,-15,22,8353,0,88,39
5499,0,-15,22,8363,0,88,39
5504,-1,-13,24,8363,0,88,39
5509,0,-10,26,8363,0,88,40
5514,3,-15,22,8353,0,88,40
5519,2,-12,24,8353,0,88,40
5524,-1,-12,25,8363,0,88,40
5529,0,-13,23,8363,0,88,40
5534,-1,-12,25,8363,0,88,40
5539,-5,-13,24,8363,0,88,39
5544,-4,-15,22,8363,0,88,39
5549,-3,-16,20,8353,0,88,39
5554,-6,-16,21,8363,0,88,39
5559,-5,-14,23,8363,0,88,39
5564,1,-9,27,8363,0,88,39
5569,-1,-13,24,8363,0,88,39
5574,-1,-15,22,8353,0,88,39
5579,0,-16,21,8353,0,74,39
5584,-1,-10,26,8353,0,74,39
5589,-2,-13,23,8353,0,74,39
5594,0,-14,22,8353,0,74,39
5599,-1,-13,24,8353,0,74,39
5604,-4,-17,20,8363,0,74,38
5609,-2,-14,23,8363,0,74,38
5614,-2,-16,21,8363,0,74,38
5619,-3,-14,22,8363,0,74,38
5624,-3,-16,20,8363,0,74,38
5629,-1,-13,23,8353,0,73,39
5634,0,-15,22,8363,0,73,38
5639,-2,-14,23,8363,0,73,38
5644,-6,-15,22,8363,0,73,38
5649,-4,-16,20,8363,0,73,39
5654,-6,-19,17,8353,0,73,38
5659,-6,-21,16,8363,0,73,38
5664,-3,-17,19,8363,0,73,38
5669,-2,-15,22,8363,0,73,38
5674,0,-16,21,8363,0,73,38
5679,2,-16,21,8363,0,73,38
5684,3,-13,24,8353,0,73,38
5689,5,-13,23,8353,0,73,38
5694,2,-13,24,8363,0,73,38
5699,3,-14,23,8363,0,73,38
5704,-1,-17,19,8363,0,73,38
5709,-3,-20,17,8363,0,73,38
5714,-5,-19,18,8363,0,73,38
5719,-5,-17,20,8363,0,73,38
5724,-5,-19,18,8363,0,73,38
5729,-5,-17,20,8363,0,73,38
5734,-1,-17,20,8363,0,73,38
5739,1,-17,19,8363,0,73,38
5744,0,-15,21,8363,0,73,38
5749,1,-20,16,8372,0,73,38
5754,1,-17,19,8372,0,73,38
5759,1,-18,18,8372,0,73,38
5764,1,-19,17,8372,0,73,38
5769,3,-15,21,8373,0,73,38
5774,4,-16,21,8373,0,73,38
5779,3,-17,19,8373,0,73,38
5784,0,-16,20,8373,0,73,38
5789,0,-21,15,8372,0,73,38
5794,0,-18,18,8372,0,73,38
5799,-1,-16,20,8372,0,73,38
5804,0,-21,16,8373,0,73,39
5809,2,-13,23,8373,0,73,39
5814,1,-19,17,8373,0,72,39
5819,5,-14,23,8372,0,72,39
5824,5,-19,18,8372,0,72,39
5829,2,-17,20,8373,0,73,39
5834,3,-17,19,8373,0,73,39
5839,5,-13,23,8373,0,73,39
5844,2,-20,17,8372,0,73,38
5849,1,-17,19,8372,0,73,38
5854,0,-22,14,8372,0,72,38
5859,-3,-17,19,8372,0,72,38
5864,0,-21,16,8372,0,72,39
5869,3,-16,21,8372,0,72,39
5874,0,-22,14,8373,0,72,39
5879,3,-17,19,8373,0,72,39
5884,6,-16,20,8373,0,72,39
5889,3,-18,18,8372,0,72,39
5894,2,-19,17,8372,0,72,39
5899,3,-16,21,8372,0,72,39
5904,2,-21,16,8372,0,72,39
5909,1,-18,19,8373,0,72,39
5914,5,-20,16,8373,0,73,39
5919,5,-13,24,8373,0,73,39
5924,3,-19,18,8372,0,73,39
5929,-1,-18,19,8373,0,72,39
5934,-1,-23,14,8373,0,72,39
5939,-1,-19,17,8373,0,72,39
5944,-1,-24,13,8373,0,72,39
5949,2,-18,18,8373,0,72,39
5954,7,-16,20,8373,0,74,39
5959,7,-20,16,8373,0,74,39
5964,6,-16,20,8372,0,74,39
5969,5,-17,19,8372,0,74,39
5974,6,-17,20,8372,0,74,39
5979,3,-19,18,8372,0,73,39
5984,6,-17,19,8372,0,73,40
5989,5,-18,19,8372,0,73,40
5994,3,-15,21,8372,0,73,40
5999,1,-17,19,8372,0,73,40
6004,0,-19,18,8373,0,73,40
6009,-1,-20,16,8372,0,73,40
6014,1,-20,17,8372,0,73,40
6019,2,-19,17,8363,0,73,40
6024,3,-15,21,8363,0,73,39
6029,4,-19,17,8373,0,73,40
6034,3,-16,20,8372,0,73,39
6039,4,-16,20,8372,0,73,40
6044,4,-17,20,8373,0,73,40
6049,3,-18,19,8373,0,73,40
6054,4,-18,19,8373,0,74,40
6059,3,-18,18,8363,0,74,40
6064,3,-19,18,8363,0,74,40
6069,1,-20,17,8373,0,74,40
6074,1,-20,16,8363,0,74,40
6079,0,-21,16,8363,0,73,40
6084,-1,-22,15,8373,0,73,40
6089,0,-21,15,8373,0,73,39
6094,3,-20,17,8353,0,73,39
6099,5,-19,18,8363,0,73,40
6104,4,-19,17,8363,0,73,39
6109,8,-17,20,8353,0,73,40
6114,7,-13,23,8363,0,74,40
6119,5,-19,18,8363,0,74,40
6124,9,-12,24,8363,0,74,41
6129,10,-16,21,8363,0,74,41
6134,7,-13,23,8363,0,74,41
6139,2,-16,20,8353,0,74,41
6144,0,-18,18,8353,0,74,40
6149,-1,-19,17,8363,0,74,41
6154,-5,-22,14,8363,0,74,40
6159,1,-19,17,8363,0,74,40
6164,0,-20,16,8363,0,74,40
6169,0,-20,16,8363,0,74,40
6174,2,-19,17,8353,0,74,40
6179,4,-18,18,8353,0,74,40
6184,6,-13,23,8353,0,74,41
6189,6,-18,19,8353,0,74,40
6194,7,-13,23,8353,0,74,41
6199,5,-15,22,8353,0,74,41
6204,7,-14,23,8353,0,74,41
6209,7,-14,22,8353,0,74,41
6214,3,-16,20,8343,0,163,41
6219,1,-18,19,8343,0,163,41
6224,-1,-19,17,8343,0,163,40
6229,-2,-20,16,8353,0,163,40
6234,-3,-21,15,8343,0,163,40
6239,0,-16,20,8343,0,163,40
6244,2,-12,24,8353,0,164,40
6249,5,-16,21,8353,0,164,40
6254,5,-12,24,8353,0,164,40
6259,6,-16,20,8343,0,164,41
6264,5,-13,24,8343,0,164,41
6269,3,-15,22,8343,0,164,41
6274,3,-15,21,8333,0,164,41
6279,2,-16,20,8333,0,164,41
6284,1,-17,19,8343,0,164,41
6289,1,-18,19,8343,0,164,41
6294,1,-18,18,8343,0,164,41
6299,0,-19,18,8333,0,164,41
6304,1,-15,22,8333,0,164,41
6309,4,-14,22,8343,0,164,40
6314,7,-13,24,8333,0,164,41
6319,8,-9,28,8333,0,164,41
6324,6,-15,22,8334,0,164,41
6329,5,-12,25,8334,0,164,41
6334,4,-17,20,8334,0,164,41
6339,-1,-16,21,8334,0,164,41
6344,-3,-14,22,8334,0,164,41
6349,-5,-21,16,8334,0,164,41
6354,-4,-17,19,8324,0,164,41
6359,-5,-19,18,8324,0,164,41
6364,0,-17,19,8333,0,164,41
6369,0,-18,19,8334,0,164,41
6374,5,-15,21,8334,0,164,41
6379,7,-14,22,8334,0,164,41
6384,6,-11,25,8334,0,164,40
6389,5,-13,24,8333,0,164,41
6394,4,-14,23,8334,0,164,41
6399,3,-11,25,8334,0,164,41
6404,2,-9,27,8334,0,164,41
6409,2,-15,22,8334,0,164,41
6414,1,-12,24,8334,0,164,41
6419,0,-14,22,8333,0,42,41
6424,0,-15,21,8333,0,42,41
6429,-3,-18,19,8343,0,42,41
6434,-5,-16,20,8333,0,42,41
6439,-3,-13,24,8333,0,42,40
6444,-2,-18,19,8333,0,42,40
6449,0,-14,23,8334,0,42,40
6454,2,-10,26,8334,0,42,40
6459,2,-16,21,8333,0,42,40
6464,3,-12,25,8333,0,42,40
6469,0,-15,22,8334,0,42,41
6474,1,-15,21,8333,0,42,40
6479,0,-13,24,8333,0,42,41
6484,-1,-15,22,8343,0,41,41
6489,-5,-18,18,8343,0,41,40
6494,-7,-17,19,8333,0,41,40
6499,-6,-22,14,8343,0,41,40
6504,2,-14,22,8343,0,41,40
6509,4,-11,26,8333,0,41,40
6514,6,-11,26,8333,0,41,40
6519,6,-8,29,8333,0,41,40
6524,6,-9,27,8334,0,41,41
6529,7,-10,27,8334,0,40,41
6534,5,-8,28,8334,0,40,41
6539,2,-15,21,8333,0,40,41
6544,-2,-14,22,8333,0,40,41
6549,-2,-12,24,8343,0,40,41
6554,-5,-16,21,8343,0,40,40
6559,-9,-16,20,8343,0,40,40
6564,-8,-18,19,8343,0,40,40
6569,-7,-19,17,8343,0,40,40
6574,0,-13,24,8343,0,40,40
6579,5,-12,25,8343,0,40,40
6584,5,-13,24,8343,0,40,40
6589,4,-10,26,8333,0,40,41
6594,6,-7,30,8333,0,40,41
6599,4,-10,27,8333,0,39,41
6604,-1,-10,26,8324,0,39,41
6609,1,-15,22,8324,0,39,40
6614,2,-12,25,8334,0,39,40
6619,-2,-12,25,8333,0,39,40
6624,-3,-14,22,8333,0,39,40
6629,-4,-13,24,8333,0,39,40
6634,-7,-13,23,8343,0,39,40
6639,-5,-15,22,8343,0,39,40
6644,-2,-15,22,8343,0,39,40
6649,-4,-18,19,8343,0,39,40
6654,0,-9,27,8343,0,39,40
6659,0,-12,25,8343,0,39,40
6664,0,-10,27,8343,0,39,40
6669,0,-12,24,8343,0,39,40
6674,-1,-14,22,8343,0,39,39
6679,-2,-13,24,8343,0,39,40
6684,-3,-15,21,8343,0,39,40
6689,0,-12,25,8343,0,38,40
6694,-4,-12,24,8353,0,38,40
6699,-5,-15,21,8353,0,38,40
6704,-2,-12,25,8353,0,38,40
6709,-3,-15,22,8353,0,38,40
6714,-2,-12,24,8353,0,38,40
6719,6,-10,27,8353,0,38,40
6724,3,-9,27,8353,0,38,40
6729,0,-13,24,8353,0,38,40
6734,1,-10,26,8343,0,38,39
6739,-1,-14,23,8353,0,37,39
6744,-6,-14,22,8353,0,37,39
6749,-8,-14,22,8353,0,37,39
6754,-5,-12,25,8353,0,37,39
6759,-9,-17,20,8353,0,37,40
6764,-13,-18,18,8353,0,37,40
6769,-8,-22,15,8353,0,37,40
6774,-5,-18,19,8363,0,37,39
6779,-5,-20,17,8363,0,37,39
6784,3,-9,27,8363,0,37,39
6789,4,-11,26,8353,0,37,39
6794,3,-10,27,8353,0,37,39
6799,4,-15,22,8353,0,37,39
6804,10,-9,28,8353,0,37,39
6809,3,-14,23,8353,0,37,39
6814,1,-12,24,8353,0,36,40
6819,0,-11,25,8353,0,36,40
6824,-3,-11,25,8353,0,36,39
6829,-5,-15,21,8353,0,36,39
6834,-4,-17,20,8353,0,36,39
6839,-5,-16,21,8353,0,36,39
6844,-5,-18,19,8353,0,36,39
6849,-4,-15,21,8353,0,36,39
6854,-5,-14,22,8353,0,36,39
6859,-3,-16,21,8363,0,36,39
6864,-1,-13,23,8363,0,36,39
6869,2,-13,23,8363,0,36,40
6874,3,-14,22,8363,0,36,39
6879,1,-13,23,8363,0,36,40
6884,3,-14,23,8363,0,36,39
6889,0,-13,23,8363,0,36,39
6894,-2,-13,24,8363,0,36,39
6899,-4,-16,20,8363,0,36,39
6904,-4,-18,18,8363,0,36,38
6909,-8,-22,14,8363,0,36,38
6914,-5,-18,18,8362,0,36,39
6919,-3,-19,17,8362,0,36,39
6924,-3,-17,20,8362,0,36,39
6929,2,-12,24,8363,0,36,39
6934,3,-14,23,8363,0,36,39
6939,0,-17,20,8363,0,36,39
6944,0,-15,22,8363,0,36,39
6949,4,-18,19,8363,0,36,39
6954,1,-16,20,8363,0,36,38
6959,-2,-16,21,8363,0,36,38
6964,-5,-23,13,8363,0,36,39
6969,-3,-16,21,8363,0,36,39
6974,-1,-20,16,8353,0,36,39
6979,3,-15,21,8363,0,36,39
6984,3,-13,24,8363,0,36,39
6989,5,-17,19,8363,0,36,39
6994,8,-12,24,8363,0,36,39
6999,5,-15,22,8363,0,36,39
7004,4,-16,20,8363,0,36,39
7009,0,-16,21,8363,0,36,39
7014,-1,-18,19,8363,0,36,39
7019,-6,-22,15,8363,0,36,38
7024,-4,-22,14,8363,0,36,39
7029,-2,-22,15,8363,0,36,39
7034,-5,-21,16,8363,0,36,39
7039,-2,-21,16,8363,0,36,39
7044,3,-19,18,8363,0,36,39
7049,5,-18,18,8363,0,36,39
7054,9,-16,20,8363,0,36,39
7059,9,-16,20,8363,0,36,39
7064,6,-14,22,8363,0,36,39
7069,6,-15,21,8363,0,36,39
7074,6,-16,21,8363,0,36,39
7079,2,-19,18,8363,0,36,38
7084,-2,-21,15,8363,0,36,39
7089,1,-20,16,8363,0,36,39
7094,1,-17,19,8363,0,36,39
7099,-2,-24,13,8363,0,36,39
7104,2,-18,19,8363,0,36,39
7109,3,-18,18,8353,0,36,40
7114,3,-19,18,8363,0,36,39
7119,7,-17,20,8363,0,36,39
7124,8,-16,20,8363,0,36,39
7129,6,-17,19,8363,0,37,39
7134,5,-18,18,8353,0,37,39
7139,4,-19,18,8363,0,37,39
7144,0,-18,19,8363,0,37,39
7149,0,-19,18,8353,0,37,39
7154,-1,-24,13,8363,0,37,39
7159,-1,-20,16,8363,0,37,39
7164,1,-23,13,8363,0,37,39
7169,3,-18,18,8363,0,37,39
7174,4,-22,15,8363,0,37,39
7179,8,-19,17,8362,0,37,40
7184,8,-15,22,8362,0,37,40
7189,6,-20,17,8363,0,37,40
7194,7,-15,21,8363,0,37,40
7199,10,-17,19,8363,0,38,40
7204,12,-12,25,8363,0,38,40
7209,6,-15,21,8363,0,38,40
7214,3,-17,19,8353,0,38,40
7219,3,-18,19,8363,0,38,40
7224,2,-19,18,8363,0,38,40
7229,-1,-21,16,8363,0,38,40
7234,-1,-21,16,8362,0,38,40
7239,0,-21,16,8362,0,38,40
7244,-2,-18,18,8363,0,39,40
7249,1,-18,19,8362,0,39,41
7254,4,-17,20,8372,0,39,41
7259,7,-15,21,8362,0,39,41
7264,11,-17,20,8362,0,39,41
7269,11,-16,21,8363,0,39,41
7274,8,-13,23,8363,0,39,41
7279,4,-19,17,8363,0,39,41
7284,1,-17,19,8363,0,39,41
7289,2,-17,19,8362,0,39,40
7294,1,-18,18,8362,0,39,40
7299,1,-19,18,8362,0,39,41
7304,3,-18,19,8362,0,39,41
7309,8,-15,22,8372,0,39,41
7314,6,-16,21,8363,0,39,41
7319,7,-12,25,8363,0,39,41
7324,4,-14,22,8362,0,39,41
7329,5,-14,22,8362,0,39,41
7334,6,-14,23,8362,0,39,41
7339,3,-16,21,8363,0,39,41
7344,4,-12,24,8363,0,39,41
7349,3,-17,19,8363,0,39,41
7354,2,-14,22,8363,0,39,41
7359,0,-16,20,8363,0,39,41
7364,2,-16,21,8362,0,39,41
7369,2,-16,20,8363,0,39,41
7374,8,-10,27,8353,0,39,41
7379,11,-9,28,8353,0,39,42
7384,7,-11,25,8353,0,39,42
7389,4,-10,27,8353,0,39,42
7394,4,-7,29,8353,0,39,42
7399,3,-10,27,8353,0,39,42
7404,0,-13,24,8353,0,39,42
7409,-1,-15,22,8353,0,39,42
7414,-2,-13,24,8353,0,95,42
7419,0,-9,27,8353,0,95,42
7424,0,-15,21,8353,0,95,42
7429,-2,-13,23,8353,0,95,42
7434,-5,-13,24,8353,0,95,42
7439,-1,-13,24,8353,0,94,42
7444,-1,-11,26,8353,0,94,42
7449,-3,-14,23,8353,0,94,42
7454,-1,-11,26,8353,0,94,42
7459,2,-11,26,8363,0,94,42
7464,2,-9,28,8363,0,94,42
7469,4,-9,27,8363,0,94,41
7474,3,-8,29,8353,0,94,42
7479,-2,-9,28,8353,0,94,42
7484,1,-6,31,8353,0,94,42
7489,0,-9,28,8353,0,93,42
7494,0,-4,33,8353,0,93,43
7499,-5,-10,27,8353,0,93,42
7504,-8,-10,26,8353,0,93,42
7509,-7,-9,27,8353,0,93,42
7514,-7,-13,24,8363,0,93,42
7519,-6,-11,25,8363,0,93,41
7524,-6,-14,23,8362,0,93,41
7529,-5,-12,25,8362,0,93,41
7534,-5,-11,26,8362,0,93,41
7539,-4,-9,27,8362,0,93,42
7544,-4,-12,24,8362,0,93,42
7549,-3,-10,26,8362,0,93,42
7554,-5,-10,26,8362,0,93,42
7559,-7,-14,22,8362,0,93,41
7564,-6,-9,27,8362,0,93,41
7569,-4,-11,25,8362,0,93,41
7574,-3,-10,27,8362,0,93,41
7579,0,-7,29,8372,0,93,41
7584,0,-6,30,8372,0,93,41
7589,-2,-10,26,8363,0,93,41
7594,-3,-6,30,8363,0,93,41
7599,-1,-9,28,8363,0,93,42
7604,-3,-9,28,8363,0,93,42
7609,-2,-8,29,8363,0,93,42
7614,-1,-6,30,8363,0,93,41
7619,-6,-9,28,8363,0,93,41
7624,-4,-8,29,8363,0,93,41
7629,-3,-7,30,8363,0,93,41
7634,-3,-7,30,8353,0,93,41
7639,-7,-9,28,8353,0,93,41
7644,-5,-8,29,8353,0,93,41
7649,-6,-8,28,8353,0,92,41
7654,-7,-13,24,8363,0,92,41
7659,-7,-8,28,8362,0,92,41
7664,-7,-9,28,8362,0,92,40
7669,-7,-9,28,8363,0,92,40
7674,-5,-8,28,8353,0,92,40
7679,-6,-9,28,8353,0,92,39
7684,-7,-9,27,8353,0,92,40
7689,-6,-13,24,8353,0,92,40
7694,-7,-9,27,8353,0,92,40
7699,-7,-13,23,8353,0,91,40
7704,-6,-8,28,8353,0,91,40
7709,-7,-13,23,8353,0,91,40
7714,-8,-13,23,8353,0,91,39
7719,-6,-12,25,8353,0,91,39
7724,-5,-11,25,8363,0,91,39
7729,-3,-10,27,8363,0,91,39
7734,-4,-10,26,8353,0,91,39
7739,-5,-14,22,8343,0,91,39
7744,-5,-10,27,8343,0,91,39
7749,-3,-12,24,8353,0,91,40
7754,-4,-16,21,8343,0,91,39
7759,-6,-12,24,8343,0,91,39
7764,-5,-15,21,8343,0,91,39
7769,-8,-16,21,8343,0,91,39
7774,-4,-13,23,8353,0,91,38
7779,-3,-16,21,8353,0,91,38
7784,-3,-14,22,8353,0,91,38
7789,1,-11,25,8343,0,91,38
7794,3,-9,28,8343,0,91,38
7799,3,-12,25,8343,0,91,38
7804,3,-7,30,8343,0,91,39
7809,2,-10,26,8343,0,91,39
7814,-3,-12,24,8333,0,91,39
7819,-4,-12,24,8343,0,91,38
7824,-7,-17,19,8343,0,91,38
7829,-11,-22,14,8343,0,90,38
7834,-13,-18,18,8343,0,90,38
7839,-9,-20,17,8343,0,90,38
7844,-7,-18,19,8343,0,90,38
7849,0,-13,24,8343,0,90,38
7854,5,-13,24,8353,0,90,38
7859,7,-10,27,8343,0,90,38
7864,4,-14,23,8343,0,90,38
7869,3,-16,21,8343,0,90,38
7874,2,-11,26,8343,0,90,38
7879,0,-14,22,8343,0,91,38
7884,-3,-15,22,8343,0,91,37
7889,-2,-17,20,8343,0,91,37
7894,-1,-18,18,8343,0,91,37
7899,-3,-18,19,8343,0,91,38
7904,1,-14,23,8343,0,91,38
7909,0,-17,20,8343,0,91,38
7914,-2,-16,21,8343,0,93,38
7919,-3,-19,18,8343,0,93,38
7924,3,-17,19,8343,0,93,38
7929,-1,-17,19,8343,0,93,38
7934,3,-13,23,8343,0,93,38
7939,4,-15,22,8343,0,93,38
7944,4,-16,20,8343,0,93,37
7949,5,-17,20,8343,0,93,38
7954,6,-13,23,8343,0,93,38
7959,4,-16,20,8343,0,93,38
7964,1,-19,18,8333,0,170,38
7969,0,-17,20,8333,0,170,38
7974,-1,-19,17,8343,0,170,38
7979,-3,-18,18,8343,0,170,38
7984,0,-18,18,8343,0,170,38
7989,2,-19,18,8343,0,170,38
7994,7,-17,20,8343,0,170,38
7999,8,-17,20,8343,0,170,37
8004,5,-15,21,8333,0,170,38
8009,4,-17,20,8333,0,170,38
8014,2,-19,18,8333,0,170,38
8019,2,-20,17,8333,0,170,38
8024,0,-18,19,8333,0,170,38
8029,4,-21,16,8343,0,171,38
8034,1,-19,18,8333,0,171,38
8039,-1,-17,19,8333,0,171,38
8044,4,-20,17,8343,0,171,38
8049,4,-16,20,8343,0,171,38
8054,2,-19,18,8343,0,171,38
8059,7,-13,24,8343,0,172,38
8064,8,-13,23,8343,0,172,38
8069,4,-17,20,8333,0,172,38
8074,2,-19,18,8343,0,172,38
8079,0,-21,16,8343,0,172,38
8084,-1,-18,18,8343,0,172,38
8089,0,-19,18,8343,0,172,39
8094,2,-19,18,8343,0,255,38
8099,1,-20,16,8343,0,255,39
8104,4,-19,17,8343,0,255,38
8109,8,-17,19,8343,0,255,38
8114,6,-15,22,8343,0,255,38
8119,6,-15,21,8343,0,255,38
8124,6,-16,20,8343,0,255,38
8129,6,-17,20,8343,0,255,38
8134,3,-19,18,8343,0,255,38
8139,0,-21,16,8333,0,255,38
8144,0,-18,19,8333,0,255,38
8149,0,-23,14,8333,0,255,38
8154,-2,-20,16,8333,0,255,39
8159,0,-20,16,8333,0,255,39
8164,3,-19,17,8333,0,255,38
8169,4,-19,18,8333,0,255,38
8174,3,-20,17,8333,0,255,38
8179,10,-16,21,8333,0,255,38
8184,11,-15,21,8333,0,255,38
8189,9,-16,20,8333,0,255,38
8194,6,-14,23,8333,0,255,39
8199,3,-16,20,8333,0,255,38
8204,-1,-19,17,8333,0,255,39
8209,-2,-21,16,8333,0,255,38
8214,-2,-21,15,8333,0,255,38
8219,0,-17,19,8333,0,255,39
8224,3,-17,20,8333,0,255,39
8229,5,-16,20,8323,0,255,38
8234,2,-18,18,8333,0,255,39
8239,3,-18,18,8333,0,255,39
8244,4,-18,18,8323,0,255,39
8249,1,-16,20,8323,0,255,38
8254,1,-21,15,8333,0,255,38
8259,3,-16,20,8323,0,255,38
8264,5,-20,17,8323,0,255,39
8269,4,-16,20,8323,0,255,39
8274,7,-15,21,8333,0,255,39
8279,4,-13,23,8333,0,255,39
8284,0,-20,16,8333,0,255,39
8289,4,-15,22,8333,0,255,38
8294,0,-18,19,8333,0,255,39
8299,1,-18,18,8323,0,255,38
8304,5,-13,24,8323,0,255,39
8309,2,-19,17,8324,0,255,38
8314,-3,-19,18,8323,0,255,38
8319,-3,-20,17,8323,0,255,38
8324,-4,-21,15,8324,0,255,38
8329,0,-20,17,8324,0,255,38
8334,5,-17,19,8314,0,255,39
8339,9,-15,21,8314,0,255,39
8344,8,-16,21,8314,0,255,39
8349,9,-15,21,8323,0,255,39
8354,7,-12,24,8324,0,255,39
8359,3,-15,21,8324,0,255,39
8364,3,-16,20,8323,0,255,39
8369,3,-17,20,8323,0,255,39
8374,1,-18,18,8323,0,255,39
8379,0,-19,17,8324,0,255,38
8384,1,-15,21,8324,0,255,39
8389,-1,-21,15,8323,0,255,39
8394,0,-17,19,8323,0,255,39
8399,-1,-19,18,8323,0,255,39
8404,3,-17,19,8323,0,255,39
8409,3,-17,19,8323,0,255,39
8414,7,-15,21,8333,0,255,39
8419,7,-15,21,8323,0,255,39
8424,7,-12,25,8323,0,255,39
8429,5,-14,23,8333,0,255,39
8434,2,-16,21,8323,0,255,39
8439,1,-17,19,8323,0,255,39
8444,-1,-19,18,8323,0,255,39
8449,0,-19,18,8323,0,255,39
8454,0,-16,21,8323,0,255,39
8459,3,-19,18,8323,0,255,39
8464,3,-15,22,8323,0,255,39
8469,3,-16,21,8333,0,255,40
8474,2,-17,20,8323,0,255,39
8479,4,-16,20,8323,0,255,40
8484,5,-16,21,8333,0,255,39
8489,5,-16,21,8333,0,255,40
8494,6,-12,25,8323,0,255,40
8499,6,-12,24,8333,0,255,39
8504,4,-14,22,8333,0,255,39
8509,4,-15,22,8323,0,255,39
8514,3,-12,24,8333,0,255,39
8519,2,-17,19,8333,0,255,39
8524,0,-15,21,8333,0,255,39
8529,1,-15,21,8333,0,255,39
8534,0,-17,20,8343,0,255,39
8539,0,-17,19,8333,0,255,39
8544,2,-13,23,8333,0,255,39
8549,3,-14,23,8333,0,255,39
8554,-2,-17,19,8333,0,255,39
8559,0,-17,19,8333,0,255,39
8564,0,-14,23,8333,0,255,39
8569,2,-18,19,8333,0,255,39
8574,3,-14,23,8323,0,255,39
8579,4,-14,23,8333,0,255,39
8584,2,-16,21,8333,0,255,39
8589,2,-12,24,8333,0,255,39
8594,3,-13,23,8333,0,255,39
8599,1,-11,25,8333,0,255,39
8604,-2,-11,26,8343,0,255,39
8609,4,-13,23,8343,0,255,39
8614,4,-10,26,8343,0,255,39
8619,2,-13,24,8343,0,182,40
8624,-4,-14,23,8343,0,182,39
8629,0,-13,23,8343,0,182,39
8634,-1,-15,21,8343,0,182,39
8639,-4,-18,19,8343,0,182,39
8644,-2,-14,22,8343,0,255,39
8649,-1,-15,21,8343,0,255,39
8654,-4,-18,19,8343,0,255,39
8659,-3,-11,25,8343,0,255,39
8664,-2,-17,20,8343,0,255,39
8669,-3,-15,22,8343,0,90,39
8674,2,-13,23,8353,0,90,39
8679,2,-11,26,8353,0,90,39
8684,3,-12,25,8352,0,90,39
8689,0,-11,25,8353,0,90,39
8694,-1,-14,23,8353,0,87,39
8699,-5,-17,19,8352,0,87,39
8704,-5,-15,21,8352,0,87,39
8709,-4,-16,20,8362,0,87,39
8714,-7,-20,17,8362,0,87,39
8719,-6,-17,20,8362,0,87,39
8724,1,-15,22,8352,0,88,39
8729,3,-11,25,8353,0,88,39
8734,7,-7,30,8353,0,88,39
8739,12,-5,31,8353,0,88,39
8744,8,-9,28,8353,0,88,39
8749,6,-7,29,8333,0,87,39
8754,5,-9,27,8343,0,87,39
8759,-2,-15,22,8343,0,87,39
8764,-6,-15,22,8353,0,87,39
8769,-9,-15,22,8352,0,87,39
8774,-12,-16,21,8362,0,80,39
8779,-14,-20,17,8362,0,80,39
8784,-9,-16,21,8362,0,80,39
8789,-9,-18,18,8362,0,80,39
8794,-6,-19,18,8362,0,80,39
8799,-4,-16,21,8362,0,78,39
8804,3,-14,23,8362,0,78,39
8809,3,-11,25,8362,0,78,39
8814,6,-7,29,8362,0,78,38
8819,5,-10,27,8352,0,78,38
8824,2,-13,23,8352,0,77,39
8829,-2,-17,20,8353,0,77,39
8834,-7,-17,19,8362,0,77,39
8839,-8,-16,20,8362,0,77,39
8844,-10,-16,20,8362,0,77,39
8849,-9,-18,18,8362,0,75,39
8854,-8,-20,16,8362,0,75,38
8859,-5,-17,20,8362,0,75,38
8864,-2,-17,20,8362,0,75,38
8869,0,-17,19,8362,0,75,38
8874,2,-14,23,8362,0,75,38
8879,3,-11,26,8362,0,75,38
8884,4,-12,24,8362,0,75,39
8889,3,-14,22,8362,0,75,39
8894,2,-12,24,8362,0,75,39
8899,-1,-16,21,8362,0,75,39
8904,-3,-15,22,8362,0,75,39
8909,-7,-23,14,8362,0,75,39
8914,-6,-20,17,8362,0,75,38
8919,-6,-18,19,8362,0,75,38
8924,-8,-21,16,8362,0,75,38
8929,-7,-19,18,8362,0,75,38
8934,-1,-17,19,8362,0,75,38
8939,1,-18,19,8362,0,75,38
8944,6,-12,24,8362,0,75,39
8949,6,-13,23,8362,0,75,39
8954,5,-15,22,8362,0,75,39
8959,6,-15,21,8362,0,75,39
8964,2,-14,22,8362,0,75,39
8969,0,-17,19,8362,0,75,39
8974,-2,-19,17,8362,0,75,39
8979,-2,-20,16,8362,0,75,39
8984,-4,-19,18,8362,0,75,39
8989,0,-14,22,8362,0,75,39
8994,0,-16,20,8362,0,75,39
8999,-1,-18,18,8362,0,75,39
9004,4,-17,20,8362,0,75,39
9009,7,-12,25,8362,0,75,40
9014,5,-14,22,8362,0,75,39
9019,4,-16,21,8362,0,75,39
9024,8,-14,22,8362,0,75,40
9029,4,-17,20,8362,0,75,39
9034,2,-15,22,8362,0,75,39
9039,-1,-18,19,8362,0,75,39
9044,-1,-19,17,8362,0,75,39
9049,-1,-20,17,8362,0,75,39
9054,-1,-21,16,8352,0,75,40
9059,0,-17,19,8352,0,74,40
9064,2,-17,19,8352,0,74,40
9069,5,-16,20,8362,0,74,40
9074,5,-17,20,8362,0,74,40
9079,3,-18,18,8362,0,74,40
9084,4,-14,22,8362,0,74,40
9089,6,-18,19,8362,0,74,39
9094,2,-17,20,8362,0,74,39
9099,3,-17,20,8362,0,74,39
9104,3,-17,19,8362,0,74,39
9109,2,-19,18,8362,0,74,39
9114,-2,-21,15,8353,0,74,39
9119,-1,-18,19,8353,0,74,40
9124,3,-20,16,8353,0,74,40
9129,5,-15,21,8353,0,74,40
9134,9,-14,23,8353,0,73,41
9139,12,-8,28,8353,0,73,40
9144,9,-15,22,8353,0,73,41
9149,7,-12,25,8343,0,73,40
9154,6,-17,20,8343,0,73,40
9159,1,-16,20,8343,0,73,40
9164,-2,-22,14,8353,0,73,40
9169,-4,-20,16,8353,0,73,40
9174,-5,-22,15,8353,0,73,40
9179,-4,-18,18,8343,0,73,40
9184,-2,-18,18,8343,0,73,40
9189,1,-18,19,8353,0,73,40
9194,2,-18,19,8343,0,73,40
9199,6,-16,20,8343,0,73,41
9204,8,-15,21,8343,0,73,41
9209,7,-16,21,8343,0,73,41
9214,6,-16,20,8343,0,73,41
9219,5,-17,20,8333,0,73,41
9224,5,-13,23,8333,0,73,41
9229,4,-15,22,8343,0,73,40
9234,2,-16,20,8343,0,73,40
9239,0,-18,18,8343,0,73,40
9244,1,-18,18,8343,0,73,40
9249,0,-19,17,8343,0,73,40
9254,1,-19,17,8343,0,73,40
9259,1,-19,17,8343,0,73,41
9264,3,-15,22,8343,0,73,40
9269,4,-19,18,8353,0,73,41
9274,3,-15,21,8343,0,73,41
9279,2,-17,20,8343,0,73,41
9284,4,-16,20,8343,0,73,41
9289,3,-17,20,8343,0,73,41
9294,4,-17,20,8343,0,73,41
9299,3,-17,19,8343,0,73,41
9304,2,-18,18,8343,0,73,41
9309,1,-19,18,8333,0,73,40
9314,3,-14,22,8343,0,74,40
9319,4,-15,22,8343,0,74,41
9324,2,-16,20,8343,0,74,41
9329,4,-16,21,8343,0,74,41
9334,4,-16,20,8343,0,73,41
9339,5,-16,21,8343,0,73,41
9344,3,-13,23,8343,0,73,41
9349,3,-18,19,8333,0,73,41
9354,1,-15,21,8343,0,73,41
9359,-3,-15,22,8343,0,74,41
9364,-2,-16,21,8333,0,74,41
9369,-1,-17,20,8333,0,74,41
9374,2,-16,21,8333,0,74,41
9379,7,-14,23,8333,0,74,41
9384,6,-11,26,8333,0,74,41
9389,5,-12,24,8333,0,74,41
9394,3,-14,22,8333,0,74,41
9399,1,-16,21,8333,0,74,41
9404,1,-13,24,8333,0,74,41
9409,5,-16,21,8333,0,74,41
9414,2,-14,23,8333,0,74,41
9419,-1,-13,24,8333,0,74,41
9424,0,-17,19,8333,0,74,41
9429,0,-14,22,8323,0,74,41
9434,-2,-13,24,8333,0,74,41
9439,1,-13,24,8333,0,74,41
9444,3,-13,23,8323,0,74,41
9449,2,-15,22,8323,0,74,41
9454,5,-10,27,8333,0,74,41
9459,4,-15,21,8333,0,74,41
9464,1,-14,23,8333,0,74,41
9469,-2,-13,24,8333,0,74,41
9474,-2,-15,22,8323,0,74,41
9479,-4,-13,23,8323,0,74,41
9484,-4,-15,21,8323,0,74,40
9489,-3,-16,20,8323,0,74,40
9494,-1,-13,24,8333,0,74,40
9499,1,-13,23,8323,0,74,40
9504,2,-10,26,8323,0,74,40
9509,0,-13,23,8324,0,74,41
9514,0,-15,22,8323,0,74,41
9519,1,-11,25,8323,0,74,41
9524,-2,-15,22,8323,0,74,41
9529,-5,-14,22,8323,0,74,41
9534,-1,-10,26,8323,0,74,41
9539,-4,-14,22,8333,0,74,41
9544,-4,-16,20,8333,0,74,40
9549,0,-16,21,8333,0,74,41
9554,0,-13,24,8333,0,74,40
9559,-4,-13,23,8333,0,74,40
9564,-1,-14,23,8333,0,74,40
9569,1,-14,22,8333,0,74,40
9574,-1,-13,24,8333,0,74,40
9579,-3,-16,21,8333,0,74,41
9584,-2,-13,23,8333,0,74,41
9589,-5,-17,20,8333,0,74,41
9594,-5,-15,22,8333,0,74,40
9599,0,-14,22,8333,0,74,41
9604,-1,-12,24,8333,0,74,40
9609,0,-14,23,8333,0,74,40
9614,2,-11,26,8333,0,74,40
9619,3,-8,28,8333,0,164,40
9624,3,-14,23,8333,0,164,40
9629,3,-11,25,8323,0,164,41
9634,0,-11,26,8333,0,164,41
9639,-2,-14,23,8333,0,164,41
9644,-8,-19,17,8333,0,164,41
9649,-11,-19,17,8333,0,164,41
9654,-14,-19,17,8333,0,164,40
9659,-8,-19,18,8343,0,164,40
9664,-5,-15,21,8343,0,164,40
9669,2,-14,23,8333,0,164,40
9674,3,-15,22,8333,0,164,39
9679,3,-12,25,8333,0,164,40
9684,3,-13,23,8333,0,164,40
9689,6,-9,27,8333,0,164,40
9694,0,-14,22,8333,0,164,41
9699,-4,-15,22,8333,0,164,40
9704,-6,-18,19,8333,0,164,40
9709,-9,-21,15,8333,0,164,40
9714,-8,-19,18,8343,0,164,40
9719,-8,-21,15,8343,0,164,39
9724,-3,-16,20,8343,0,164,39
9729,1,-19,17,8343,0,164,39
9734,5,-10,26,8343,0,164,39
9739,4,-13,24,8343,0,164,39
9744,1,-16,21,8343,0,164,39
9749,2,-13,24,8333,0,164,40
9754,0,-16,21,8333,0,164,40
9759,-3,-19,18,8333,0,164,40
9764,-3,-16,20,8343,0,164,40
9769,-4,-19,18,8343,0,164,40
9774,-5,-21,16,8343,0,164,39
9779,-2,-17,20,8343,0,164,39
9784,-2,-22,14,8343,0,164,39
9789,0,-14,22,8333,0,164,39
9794,5,-17,20,8343,0,164,39
9799,5,-14,23,8343,0,164,39
9804,5,-15,22,8333,0,164,39
9809,5,-16,21,8333,0,164,40
9814,4,-13,23,8333,0,164,39
9819,-3,-19,18,8333,0,44,40
9824,5,-15,21,8333,0,44,39
9829,1,-18,18,8343,0,44,39
9834,-5,-19,18,8343,0,44,39
9839,-4,-20,16,8343,0,44,39
9844,0,-19,17,8343,0,44,38
9849,-3,-22,15,8343,0,44,39
9854,-3,-19,18,8343,0,44,38
9859,1,-22,15,8343,0,44,39
9864,-1,-19,17,8343,0,44,39
9869,3,-18,18,8333,0,44,39
9874,5,-18,19,8343,0,44,39
9879,5,-18,19,8343,0,44,39
9884,5,-18,18,8343,0,44,39
9889,9,-16,20,8343,0,44,39
9894,5,-15,22,8343,0,44,39
9899,0,-18,18,8333,0,44,39
9904,1,-19,18,8333,0,44,39
9909,0,-20,17,8343,0,44,38
9914,-2,-22,15,8343,0,44,38
9919,4,-19,18,8343,0,44,39
9924,5,-15,22,8333,0,44,39
9929,2,-21,15,8333,0,42,39
9934,-1,-19,17,8323,0,42,39
9939,0,-23,13,8343,0,42,39
9944,2,-18,18,8343,0,42,39
9949,3,-18,18,8333,0,44,39
9954,5,-18,19,8343,0,44,39
9959,8,-16,20,8343,0,44,39
9964,6,-17,19,8343,0,44,39
9969,4,-19,18,8343,0,44,38
9974,4,-22,14,8333,0,44,39
9979,2,-19,17,8343,0,44,38
9984,3,-23,14,8343,0,44,39
9989,2,-15,21,8343,0,44,38
9994,2,-20,16,8333,0,44,39
9999,2,-17,20,8333,0,44,39
10004,4,-20,17,8333,0,44,39
10009,5,-16,21,8333,0,44,39
10014,3,-21,16,8333,0,44,39
10019,4,-16,20,8323,0,44,39
10024,3,-21,15,8323,0,44,39
10029,1,-18,18,8333,0,44,39
10034,0,-23,13,8333,0,44,38
10039,-1,-24,13,8333,0,44,38
10044,-2,-20,16,8333,0,44,38
10049,-3,-25,11,8333,0,44,38
10054,1,-19,17,8333,0,40,38
10059,4,-22,15,8333,0,40,38
10064,6,-16,20,8333,0,40,38
10069,7,-20,17,8323,0,40,39
10074,8,-15,22,8333,0,40,39
10079,5,-20,16,8333,0,44,39
10084,4,-17,20,8323,0,44,39
10089,4,-17,19,8323,0,44,39
10094,6,-20,17,8323,0,44,39
10099,3,-21,15,8333,0,44,39
10104,-1,-23,13,8333,0,41,39
10109,-2,-24,13,8323,0,41,38
10114,-2,-24,13,8323,0,41,38
10119,-3,-24,12,8323,0,41,38
10124,0,-23,14,8323,0,41,38
10129,4,-20,16,8323,0,41,38
10134,8,-18,19,8313,0,41,39
10139,10,-16,20,8323,0,41,39
10144,9,-16,20,8323,0,41,39
10149,12,-14,22,8323,0,32,39
10154,9,-19,18,8323,0,32,39
10159,5,-17,20,8323,0,32,39
10164,3,-21,15,8323,0,32,40
10169,3,-17,19,8323,0,32,39
10174,1,-22,14,8323,0,32,39
10179,2,-21,15,8323,0,32,39
10184,-1,-23,14,8323,0,32,39
10189,-2,-23,13,8323,0,32,39
10194,-2,-23,13,8323,0,32,39
10199,2,-21,16,8323,0,32,39
10204,7,-18,19,8323,0,32,39
10209,11,-15,22,8323,0,32,39
10214,10,-15,22,8323,0,20,40
10219,11,-14,23,8323,0,20,40
10224,11,-17,19,8323,0,20,40
10229,9,-17,19,8323,0,20,40
10234,4,-15,21,8323,0,20,40
10239,2,-17,20,8323,0,20,40
10244,2,-17,19,8323,0,20,40
10249,0,-19,18,8323,0,20,40
10254,2,-18,19,8323,0,20,40
10259,8,-14,22,8323,0,20,40
10264,8,-14,22,8323,0,20,40
10269,8,-14,22,8323,0,20,40
10274,7,-14,22,8323,0,20,40
10279,5,-15,21,8323,0,20,40
10284,4,-12,24,8333,0,20,41
10289,2,-18,19,8333,0,20,41
10294,1,-15,22,8333,0,20,40
10299,0,-16,20,8333,0,20,41
10304,1,-16,20,8333,0,20,41
10309,1,-17,20,8333,0,20,41
10314,2,-16,20,8333,0,20,40
10319,7,-10,26,8333,0,20,41
10324,5,-12,25,8333,0,32,40
10329,4,-13,23,8333,0,32,40
10334,6,-13,24,8333,0,32,40
10339,5,-13,23,8333,0,32,41
10344,4,-11,26,8333,0,32,41
10349,4,-15,21,8333,0,32,41
10354,0,-14,23,8333,0,32,41
10359,-4,-17,19,8333,0,32,41
10364,-4,-18,18,8333,0,32,41
10369,-5,-20,17,8333,0,41,41
10374,-6,-17,19,8333,0,41,41
10379,0,-15,21,8333,0,41,41
10384,3,-14,22,8333,0,41,41
10389,7,-13,24,8333,0,41,41
10394,12,-6,30,8343,0,41,41
10399,12,-7,30,8343,0,41,41
10404,10,-8,28,8333,0,41,41
10409,7,-7,30,8333,0,41,41
10414,5,-5,31,8323,0,41,41
10419,2,-9,28,8323,0,41,41
10424,-1,-8,28,8323,0,41,41
10429,-5,-16,20,8333,0,41,41
10434,-7,-15,21,8343,0,41,41
10439,-9,-14,22,8343,0,41,41
10444,-8,-12,24,8343,0,41,41
10449,-7,-15,22,8343,0,41,41
10454,-5,-12,25,8343,0,41,41
10459,-4,-13,23,8343,0,42,41
10464,2,-12,25,8343,0,42,41
10469,1,-10,27,8333,0,42,41
10474,1,-8,29,8333,0,42,41
10479,0,-11,26,8333,0,42,41
10484,0,-9,28,8333,0,41,41
10489,-4,-9,27,8333,0,41,41
10494,-7,-10,26,8333,0,41,41
10499,-9,-14,22,8343,0,41,41
10504,-11,-14,22,8343,0,41,40
10509,-11,-17,19,8343,0,41,40
10514,-7,-14,23,8352,0,42,40
10519,-5,-11,25,8352,0,42,40
10524,-4,-14,23,8342,0,42,41
10529,0,-10,27,8343,0,42,41
10534,1,-8,29,8343,0,42,41
10539,1,-10,26,8343,0,42,41
10544,-2,-10,26,8343,0,42,41
10549,1,-11,26,8343,0,42,41
10554,-2,-7,29,8343,0,43,41
10559,-5,-12,25,8343,0,43,40
10564,-7,-12,25,8333,0,43,40
10569,-7,-11,25,8333,0,43,40
10574,-5,-10,27,8343,0,44,40
10579,-5,-13,24,8342,0,44,40
10584,-5,-12,25,8342,0,44,41
10589,-6,-15,22,8343,0,44,40
10594,-4,-9,28,8343,0,44,40
10599,-4,-12,24,8343,0,44,40
10604,-2,-14,23,8343,0,44,40
10609,-5,-10,27,8343,0,44,40
10614,-3,-12,24,8343,0,44,39
10619,-5,-16,21,8343,0,44,39
10624,-7,-15,21,8343,0,44,39
10629,-6,-14,23,8343,0,44,40
10634,-4,-12,25,8343,0,44,40
10639,-6,-16,21,8343,0,44,40
10644,-1,-12,25,8343,0,44,40
10649,1,-9,27,8343,0,44,40
10654,1,-12,25,8343,0,51,40
10659,4,-12,24,8333,0,51,40
10664,5,-9,27,8333,0,51,40
10669,2,-13,24,8343,0,51,39
10674,2,-7,29,8333,0,51,39
10679,2,-10,27,8333,0,51,40
10684,-2,-14,22,8333,0,51,40
10689,-6,-11,25,8333,0,51,40
10694,-7,-19,18,8333,0,51,40
10699,-10,-19,18,8343,0,51,40
10704,-10,-18,19,8343,0,51,40
10709,-8,-19,17,8343,0,51,40
10714,-6,-13,24,8343,0,51,39
10719,-4,-15,22,8343,0,51,39
10724,-2,-16,20,8343,0,51,39
10729,1,-16,20,8343,0,51,39
10734,3,-13,24,8343,0,51,39
10739,2,-11,25,8333,0,51,39
10744,4,-12,24,8333,0,51,39
10749,2,-11,25,8333,0,51,39
10754,0,-15,22,8333,0,51,40
10759,-1,-17,19,8333,0,51,40
10764,-1,-15,22,8333,0,51,40
10769,-3,-14,22,8333,0,51,39
10774,-2,-16,20,8343,0,51,39
10779,-3,-15,22,8343,0,51,39
10784,-5,-18,18,8343,0,51,39
10789,-2,-19,18,8333,0,51,39
10794,0,-15,21,8333,0,51,39
10799,1,-13,24,8333,0,51,39
10804,3,-14,23,8333,0,51,39
10809,3,-15,21,8333,0,51,39
10814,-1,-15,21,8333,0,51,39
10819,-1,-17,19,8333,0,51,39
10824,1,-14,23,8333,0,51,39
10829,-1,-20,16,8343,0,51,39
10834,-3,-15,21,8343,0,51,39
10839,0,-16,21,8343,0,51,39
10844,2,-13,24,8333,0,45,39
10849,1,-15,21,8333,0,45,39
10854,2,-16,20,8333,0,45,40
10859,3,-17,20,8343,0,45,40
10864,4,-14,23,8343,0,45,40
10869,1,-13,23,8343,0,45,40
10874,-1,-20,17,8343,0,45,40
10879,3,-15,22,8343,0,45,40
10884,2,-13,23,8333,0,45,40
10889,1,-15,21,8333,0,45,39
10894,5,-15,22,8333,0,45,39
10899,2,-17,19,8333,0,45,39
10904,0,-16,21,8333,0,93,39
10909,0,-17,19,8333,0,93,40
10914,0,-19,18,8333,0,93,40
10919,0,-16,21,8333,0,93,40
10924,-3,-16,21,8333,0,93,40
10929,3,-14,22,8333,0,92,40
10934,4,-15,21,8333,0,92,40
10939,5,-16,21,8333,0,92,40
10944,4,-13,23,8333,0,92,40
10949,8,-16,21,8333,0,92,40
10954,3,-15,21,8333,0,92,39
10959,4,-16,21,8333,0,92,40
10964,2,-18,19,8333,0,92,40
10969,-5,-19,18,8333,0,92,40
10974,-4,-20,16,8333,0,92,40
10979,0,-15,21,8333,0,91,40
10984,-1,-21,15,8333,0,91,40
10989,4,-15,21,8333,0,91,41
10994,7,-11,26,8343,0,91,41
10999,6,-13,24,8343,0,91,41
11004,5,-14,22,8333,0,91,41
11009,7,-14,22,8333,0,91,41
11014,5,-16,21,8333,0,90,40
11019,2,-14,22,8333,0,90,40
11024,4,-15,22,8333,0,90,40
11029,1,-17,19,8333,0,90,41
11034,-3,-17,20,8333,0,90,41
11039,-4,-23,14,8333,0,90,41
11044,-2,-19,18,8343,0,90,41
11049,-4,-17,19,8343,0,90,41
11054,0,-17,20,8343,0,90,41
11059,2,-13,23,8343,0,89,41
11064,6,-13,24,8343,0,89,41
11069,6,-14,23,8343,0,89,41
11074,7,-14,23,8333,0,89,41
11079,6,-15,21,8333,0,89,41
11084,5,-12,24,8333,0,90,41
11089,4,-14,22,8333,0,90,41
11094,4,-15,21,8343,0,90,41
11099,-1,-19,18,8333,0,90,41
11104,3,-14,23,8333,0,90,41
11109,2,-12,25,8333,0,90,41
11114,-1,-19,18,8333,0,89,41
11119,-2,-17,20,8333,0,89,41
11124,0,-17,20,8333,0,89,41
11129,1,-14,23,8333,0,89,41
11134,1,-15,21,8343,0,89,41
11139,3,-15,21,8333,0,89,40
11144,0,-14,22,8333,0,89,41
11149,0,-16,21,8343,0,89,41
11154,2,-16,21,8333,0,89,41
11159,1,-17,19,8333,0,89,41
11164,-1,-16,21,8333,0,89,41
11169,0,-17,20,8333,0,89,42
11174,3,-12,24,8333,0,89,41
11179,2,-14,22,8333,0,89,42
11184,4,-14,22,8333,0,89,41
11189,6,-10,26,8333,0,89,41
11194,5,-12,24,8333,0,89,41
11199,2,-15,21,8333,0,89,41
11204,2,-12,24,8333,0,89,41
11209,0,-15,21,8333,0,89,41
11214,-4,-19,18,8323,0,89,41
11219,-1,-15,22,8323,0,89,41
11224,-1,-16,20,8323,0,89,41
11229,-5,-16,20,8323,0,89,41
11234,0,-15,21,8333,0,89,41
11239,1,-16,20,8333,0,90,41
11244,3,-12,24,8333,0,90,41
11249,5,-13,24,8333,0,90,41
11254,1,-12,24,8343,0,90,41
11259,-1,-15,21,8323,0,90,41
11264,-1,-17,20,8323,0,90,41
11269,1,-13,23,8333,0,90,41
11274,0,-15,21,8333,0,90,41
11279,0,-17,20,8333,0,90,41
11284,3,-12,24,8333,0,90,41
11289,1,-11,25,8333,0,90,41
11294,3,-12,24,8333,0,90,41
11299,2,-14,22,8333,0,90,41
11304,1,-12,24,8333,0,90,41
11309,-1,-15,21,8333,0,90,41
11314,1,-15,21,8333,0,90,40
11319,-1,-14,22,8333,0,90,40
11324,-4,-14,23,8333,0,90,40
11329,-5,-17,20,8333,0,90,40
11334,2,-15,22,8333,0,90,41
11339,2,-16,21,8333,0,90,41
11344,3,-12,24,8333,0,91,41
11349,6,-8,28,8333,0,91,41
11354,3,-12,25,8323,0,91,41
11359,2,-14,23,8323,0,91,41
11364,2,-11,25,8323,0,91,40
11369,0,-14,22,8323,0,96,40
11374,-5,-15,21,8323,0,96,40
11379,-3,-12,24,8333,0,96,40
11384,-3,-15,22,8333,0,96,40
11389,-3,-17,20,8323,0,96,40
11394,-1,-13,23,8323,0,96,40
11399,0,-11,25,8323,0,169,40
11404,2,-16,21,8323,0,169,40
11409,3,-9,28,8323,0,169,40
11414,0,-13,24,8313,0,169,40
11419,0,-15,22,8313,0,169,40
11424,-1,-13,24,8313,0,169,40
11429,-3,-12,24,8323,0,169,40
11434,-3,-15,22,8323,0,169,39
11439,-2,-13,24,8323,0,169,39
11444,-3,-15,21,8323,0,169,39
11449,0,-12,25,8323,0,169,40
11454,2,-9,27,8323,0,169,40
11459,1,-12,25,8323,0,169,40
11464,-1,-15,22,8323,0,170,40
11469,-2,-17,19,8313,0,170,39
11474,-4,-12,24,8323,0,170,39
11479,-8,-17,19,8323,0,170,39
11484,-6,-15,22,8323,0,170,39
11489,-6,-17,19,8323,0,170,39
11494,-5,-19,18,8323,0,170,38
11499,-1,-15,22,8323,0,170,39
11504,-1,-13,24,8323,0,170,39
11509,2,-13,23,8323,0,170,39
11514,6,-9,28,8323,0,170,39
11519,5,-15,21,8323,0,170,39
11524,3,-10,27,8323,0,170,39
11529,2,-12,24,8323,0,170,39
11534,-4,-14,23,8323,0,255,39
11539,-7,-18,19,8323,0,255,38
11544,-9,-18,19,8323,0,255,38
11549,-5,-18,19,8323,0,255,38
11554,-7,-17,19,8323,0,255,38
11559,-1,-16,20,8323,0,255,38
11564,-1,-14,22,8333,0,255,38
11569,-1,-16,20,8333,0,255,38
11574,3,-16,21,8333,0,255,38
11579,3,-17,20,8333,0,255,38
11584,3,-10,26,8333,0,255,38
11589,3,-12,24,8333,0,255,38
11594,-1,-16,20,8323,0,255,38
11599,-1,-14,22,8323,0,255,38
11604,-2,-17,20,8333,0,255,38
11609,-2,-19,18,8333,0,255,38
11614,-2,-16,20,8333,0,255,38
11619,4,-11,26,8333,0,255,38
11624,6,-15,21,8333,0,255,38
11629,6,-9,28,8333,0,255,39
11634,5,-11,25,8333,0,255,39
11639,3,-14,23,8333,0,255,39
11644,1,-13,24,8333,0,255,38
11649,-2,-16,20,8333,0,255,38
11654,-5,-20,17,8333,0,255,38
11659,-5,-14,23,8342,0,255,38
11664,-6,-17,19,8342,0,255,38
11669,-3,-18,19,8342,0,255,38
11674,0,-14,23,8342,0,255,38
11679,2,-15,22,8342,0,255,38
11684,3,-16,21,8342,0,255,38
11689,5,-12,25,8343,0,255,39
11694,7,-12,24,8343,0,255,39
11699,1,-13,23,8343,0,255,38
11704,-1,-16,20,8343,0,255,39
11709,0,-13,23,8342,0,255,38
11714,0,-15,21,8352,0,255,38
11719,-2,-14,22,8352,0,255,38
11724,2,-14,22,8352,0,255,38
11729,0,-17,20,8352,0,255,38
11734,-2,-16,21,8342,0,255,38
11739,-3,-18,18,8342,0,255,38
11744,-6,-18,19,8342,0,255,38
11749,-5,-16,21,8342,0,255,38
11754,-3,-17,20,8342,0,255,38
11759,-1,-18,19,8342,0,255,38
11764,3,-13,23,8343,0,255,38
11769,5,-17,19,8342,0,255,38
11774,4,-15,22,8342,0,255,38
11779,4,-16,21,8342,0,255,38
11784,4,-13,24,8342,0,255,38
11789,3,-11,25,8342,0,255,38
11794,3,-17,20,8342,0,255,38
11799,3,-14,23,8342,0,255,38
11804,1,-13,24,8342,0,255,38
11809,-1,-16,21,8342,0,255,38
11814,-3,-19,18,8342,0,255,38
11819,-2,-16,21,8342,0,255,38
11824,0,-16,20,8342,0,255,38
11829,1,-17,19,8342,0,255,38
11834,0,-15,21,8352,0,255,38
11839,0,-17,20,8352,0,255,38
11844,2,-13,23,8342,0,255,38
11849,0,-16,20,8342,0,255,38
11854,0,-14,23,8342,0,255,38
11859,3,-14,22,8342,0,255,38
11864,0,-17,19,8342,0,255,38
11869,0,-18,18,8352,0,255,39
11874,2,-15,22,8352,0,255,38
11879,0,-17,19,8352,0,255,38
11884,-2,-19,17,8342,0,255,38
11889,4,-17,19,8342,0,255,38
11894,2,-15,21,8342,0,255,38
11899,1,-13,23,8352,0,255,38
11904,4,-17,19,8352,0,255,38
11909,5,-13,23,8342,0,255,38
11914,3,-16,21,8352,0,255,38
11919,5,-12,25,8352,0,255,38
11924,4,-14,23,8342,0,255,39
11929,-1,-18,19,8342,0,255,39
11934,1,-14,22,8342,0,255,39
11939,-1,-17,20,8343,0,255,38
11944,-1,-18,18,8343,0,255,38
11949,-2,-20,17,8342,0,255,38
11954,2,-15,22,8343,0,255,38
11959,2,-20,17,8343,0,255,38
11964,5,-15,22,8342,0,255,38
11969,5,-16,21,8343,0,255,38
11974,5,-16,20,8343,0,255,38
11979,3,-14,22,8342,0,255,38
11984,3,-12,25,8342,0,255,38
11989,3,-13,23,8342,0,255,38
11994,0,-16,20,8343,0,255,38
11999,0,-18,19,8343,0,255,38
12004,2,-14,23,8343,0,255,38
12009,0,-20,17,8343,0,255,38
12014,3,-15,21,8333,0,255,38
12019,3,-16,21,8333,0,168,38
12024,4,-16,20,8333,0,168,38
12029,2,-14,22,8333,0,168,38
12034,0,-20,16,8333,0,89,38
12039,3,-12,25,8333,0,89,39
12044,2,-14,23,8333,0,89,39
12049,4,-14,23,8333,0,89,39
12054,5,-14,22,8333,0,89,39
12059,1,-17,19,8333,0,87,39
12064,2,-14,23,8333,0,87,38
12069,3,-18,18,8333,0,87,38
12074,0,-17,20,8323,0,87,38
12079,-2,-15,21,8323,0,87,38
12084,1,-15,21,8323,0,86,38
12089,2,-16,21,8323,0,86,38
12094,0,-14,22,8323,0,86,38
12099,0,-16,21,8323,0,86,39
12104,0,-17,20,8323,0,86,38
12109,0,-18,19,8313,0,86,39
12114,0,-19,18,8323,0,85,39
12119,0,-16,21,8323,0,85,39
12124,0,-13,23,8313,0,85,38
12129,0,-19,18,8313,0,85,38
12134,2,-15,22,8323,0,85,38
12139,2,-16,21,8313,0,85,38
12144,-1,-18,18,8313,0,85,38
12149,0,-19,18,8313,0,85,38
12154,3,-18,19,8313,0,85,38
12159,0,-12,24,8313,0,85,38
12164,0,-14,22,8313,0,85,38
12169,3,-14,22,8313,0,85,38
12174,1,-16,20,8313,0,85,39
12179,-1,-18,18,8313,0,85,39
12184,-1,-19,17,8313,0,85,39
12189,-1,-16,20,8313,0,84,39
12194,-4,-19,17,8313,0,84,38
12199,0,-15,22,8313,0,84,38
12204,0,-16,20,8313,0,84,38
12209,-2,-19,18,8313,0,84,38
12214,1,-18,19,8313,0,85,38
12219,4,-17,20,8306,0,85,38
12224,5,-13,23,8306,0,85,38
12229,5,-14,22,8306,0,85,38
12234,1,-17,19,8313,0,85,38
12239,0,-19,18,8313,0,85,38
12244,1,-15,21,8313,0,85,38
12249,0,-17,20,8313,0,85,38
12254,-3,-16,21,8313,0,85,38
12259,-4,-22,15,8305,0,85,38
12264,-2,-18,19,8305,0,85,38
12269,0,-18,19,8306,0,85,38
12274,1,-18,18,8306,0,85,38
12279,3,-18,19,8306,0,85,38
12284,6,-17,20,8313,0,85,38
12289,6,-13,23,8313,0,85,38
12294,7,-13,23,8305,0,85,39
12299,5,-11,25,8313,0,85,39
12304,5,-16,20,8313,0,85,39
12309,3,-14,22,8306,0,85,39
12314,2,-16,21,8313,0,85,39
12319,0,-18,19,8313,0,85,39
12324,5,-12,25,8305,0,85,39
12329,4,-14,23,8306,0,85,38
12334,-1,-17,19,8306,0,85,38
12339,0,-18,19,8306,0,85,38
12344,0,-19,18,8306,0,85,39
12349,0,-19,17,8306,0,85,39
12354,4,-14,23,8306,0,85,39
12359,4,-15,22,8306,0,85,39
12364,1,-17,19,8306,0,85,39
12369,3,-17,20,8306,0,85,39
12374,7,-11,25,8306,0,85,39
12379,4,-14,23,8306,0,85,39
12384,3,-11,25,8306,0,85,39
12389,7,-11,26,8296,0,85,39
12394,5,-13,24,8306,0,85,39
12399,3,-15,22,8306,0,85,39
12404,4,-11,25,8306,0,85,39
12409,0,-15,22,8306,0,85,39
12414,-2,-17,19,8306,0,85,39
12419,1,-16,20,8306,0,85,39
12424,2,-13,24,8306,0,85,39
12429,0,-15,21,8313,0,85,39
12434,1,-16,21,8305,0,85,40
12439,3,-12,25,8305,0,85,40
12444,-1,-15,21,8305,0,85,39
12449,0,-12,24,8306,0,85,39
12454,3,-12,24,8306,0,85,39
12459,3,-14,23,8305,0,85,39
12464,1,-12,25,8305,0,85,39
12469,3,-16,20,8313,0,85,39
12474,3,-13,24,8313,0,85,39
12479,1,-15,21,8313,0,85,39
12484,-3,-15,22,8313,0,85,39
12489,-2,-16,21,8313,0,85,40
12494,-2,-13,23,8305,0,85,40
12499,-3,-16,21,8313,0,85,40
12504,1,-11,25,8313,0,85,40
12509,4,-11,25,8313,0,85,40
12514,3,-13,23,8323,0,85,39
12519,7,-8,28,8323,0,85,40
12524,6,-10,26,8313,0,85,40
12529,1,-14,23,8313,0,85,40
12534,-1,-13,24,8313,0,85,40
12539,-1,-11,26,8313,0,85,40
12544,-2,-17,19,8313,0,85,40
12549,-3,-15,22,8313,0,85,40
12554,-6,-15,22,8313,0,85,40
12559,-7,-17,19,8313,0,85,40
12564,-6,-15,21,8313,0,85,40
12569,-1,-14,22,8313,0,85,39
12574,3,-14,23,8323,0,85,39
12579,2,-11,25,8323,0,85,39
12584,1,-10,27,8323,0,85,39
12589,1,-12,25,8323,0,74,40
12594,3,-9,28,8323,0,74,40
12599,1,-12,25,8323,0,74,40
12604,-1,-15,22,8313,0,74,40
12609,-1,-12,24,8313,0,74,40
12614,-2,-15,22,8323,0,74,40
12619,-5,-14,22,8323,0,74,40
12624,-1,-11,26,8323,0,74,40
12629,-1,-13,24,8323,0,74,40
12634,-4,-16,20,8323,0,74,40
12639,2,-11,26,8323,0,74,39
12644,2,-9,27,8323,0,74,39
12649,-6,-16,21,8323,0,74,40
12654,-3,-12,24,8323,0,74,40
12659,-1,-14,23,8323,0,74,40
12664,-4,-13,23,8323,0,74,40
12669,-5,-13,24,8333,0,74,40
12674,-4,-15,22,8323,0,74,40
12679,-5,-14,23,8323,0,74,40
12684,-5,-16,20,8333,0,74,39
12689,-4,-18,19,8333,0,74,39
12694,-5,-16,20,8333,0,74,39
12699,-4,-18,19,8333,0,74,39
12704,-4,-16,21,8333,0,74,39
12709,-6,-15,21,8323,0,74,39
12714,-2,-15,21,8333,0,74,40
12719,-1,-17,20,8333,0,74,40
12724,4,-11,25,8333,0,74,40
12729,8,-11,26,8333,0,74,40
12734,4,-10,26,8323,0,74,39
12739,1,-14,23,8323,0,74,39
12744,3,-14,22,8323,0,74,39
12749,2,-12,24,8333,0,74,39
12754,-6,-19,18,8333,0,74,39
12759,-8,-18,19,8333,0,74,39
12764,-9,-17,19,8333,0,74,39
12769,-13,-22,15,8332,0,74,39
12774,-12,-24,13,8332,0,74,39
12779,-7,-23,14,8333,0,74,39
12784,-5,-19,17,8333,0,74,39
12789,0,-18,18,8333,0,74,39
12794,2,-18,18,8342,0,74,39
12799,5,-17,19,8342,0,74,38
12804,4,-15,22,8333,0,74,38
12809,5,-19,18,8333,0,74,38
12814,3,-17,20,8333,0,74,38
12819,3,-18,19,8323,0,74,38
12824,-1,-21,16,8323,0,74,38
12829,-2,-22,15,8333,0,74,39
12834,-4,-24,13,8323,0,74,39
12839,-3,-20,16,8323,0,74,39
12844,-1,-20,16,8323,0,74,39
12849,2,-20,17,8323,0,74,39
12854,4,-19,18,8333,0,74,39
12859,6,-18,18,8333,0,74,38
12864,6,-18,18,8333,0,74,38
12869,7,-18,19,8333,0,74,38
12874,6,-15,22,8333,0,74,38
12879,5,-20,17,8333,0,74,38
12884,3,-21,16,8333,0,74,39
12889,1,-22,15,8333,0,74,39
12894,-1,-23,13,8333,0,74,39
12899,-3,-25,12,8323,0,74,39
12904,-3,-25,12,8323,0,74,39
12909,-2,-25,12,8323,0,74,39
12914,6,-20,16,8323,0,74,39
12919,6,-20,17,8323,0,74,39
12924,8,-18,18,8323,0,74,39
12929,11,-16,20,8323,0,74,39
12934,9,-21,16,8333,0,74,39
12939,8,-20,16,8333,0,74,39
12944,9,-19,18,8333,0,74,39
12949,6,-20,17,8333,0,74,39
12954,3,-21,15,8333,0,74,39
12959,-1,-23,13,8333,0,74,39
12964,1,-26,11,8333,0,74,39
12969,4,-20,17,8333,0,75,39
12974,4,-23,13,8323,0,75,39
12979,4,-22,14,8333,0,75,39
12984,9,-19,18,8333,0,75,39
12989,7,-19,17,8333,0,75,40
12994,6,-23,13,8332,0,76,40
12999,10,-20,17,8332,0,76,40
13004,8,-20,17,8333,0,76,40
13009,6,-20,17,8333,0,76,40
13014,7,-22,14,8333,0,76,40
13019,7,-17,19,8332,0,76,40
13024,2,-24,13,8332,0,76,40
13029,3,-22,14,8342,0,76,40
13034,2,-22,14,8333,0,76,40
13039,0,-23,14,8333,0,76,40
13044,3,-21,16,8342,0,77,40
13049,7,-22,15,8343,0,77,40
13054,5,-22,15,8333,0,77,41
13059,6,-20,16,8332,0,77,41
13064,12,-16,20,8332,0,77,41
13069,18,-12,25,8333,0,77,41
13074,14,-16,20,8333,0,77,41
13079,11,-17,20,8333,0,77,41
13084,8,-17,19,8333,0,77,41
13089,4,-19,18,8332,0,77,41
13094,0,-21,16,8332,0,77,41
13099,-1,-25,12,8343,0,77,41
13104,-2,-25,12,8343,0,77,41
13109,-3,-25,12,8342,0,77,41
13114,2,-21,15,8333,0,77,41
13119,9,-17,20,8333,0,77,41
13124,10,-19,17,8342,0,77,41
13129,8,-15,21,8342,0,77,42
13134,12,-16,20,8342,0,77,41
13139,10,-16,21,8342,0,77,42
13144,10,-15,22,8342,0,77,42
13149,8,-15,21,8333,0,77,41
13154,5,-16,20,8343,0,77,41
13159,3,-17,19,8343,0,77,41
13164,3,-21,16,8332,0,77,41
13169,0,-22,15,8332,0,77,41
13174,-4,-23,13,8342,0,77,41
13179,-1,-21,15,8342,0,77,41
13184,1,-20,16,8342,0,77,41
13189,5,-17,19,8342,0,77,42
13194,7,-19,17,8342,0,77,42
13199,12,-12,25,8342,0,77,42
13204,13,-14,22,8342,0,77,42
13209,12,-10,27,8342,0,77,42
13214,10,-11,26,8332,0,77,42
13219,7,-12,24,8323,0,77,42
13224,6,-13,24,8323,0,77,42
13229,3,-14,22,8333,0,77,42
13234,2,-15,21,8333,0,77,42
13239,0,-17,20,8333,0,77,42
13244,0,-13,23,8333,0,77,42
13249,-2,-19,18,8332,0,77,42
13254,-3,-16,21,8332,0,77,42
13259,-3,-17,20,8342,0,77,43
13264,-1,-16,20,8342,0,77,43
13269,1,-12,24,8342,0,77,42
13274,3,-16,21,8333,0,77,43
13279,4,-8,29,8333,0,77,42
13284,7,-11,25,8333,0,77,42
13289,6,-8,28,8333,0,77,42
13294,4,-10,26,8333,0,77,42
13299,2,-12,24,8333,0,77,42
13304,-1,-11,25,8333,0,77,42
13309,-4,-14,22,8333,0,77,42
13314,-4,-16,21,8342,0,77,42
13319,-4,-13,23,8342,0,77,42
13324,-2,-10,27,8332,0,77,42
13329,-5,-14,23,8333,0,77,42
13334,-5,-12,25,8333,0,77,42
13339,-4,-13,23,8333,0,77,42
13344,-3,-14,22,8333,0,77,42
13349,-2,-11,25,8333,0,77,42
13354,-1,-9,27,8332,0,77,42
13359,0,-11,26,8332,0,77,41
13364,0,-8,28,8333,0,77,41
13369,1,-6,30,8333,0,77,42
13374,0,-9,27,8333,0,77,42
13379,-2,-9,28,8323,0,77,42
13384,-4,-12,24,8323,0,77,42
13389,-5,-11,26,8333,0,77,42
13394,-9,-12,24,8333,0,77,42
13399,-11,-16,20,8333,0,77,41
13404,-12,-12,25,8333,0,77,41
13409,-11,-15,22,8333,0,77,41
13414,-9,-13,24,8333,0,77,41
13419,-5,-10,27,8333,0,77,41
13424,1,-9,27,8333,0,77,41
13429,4,-6,31,8323,0,77,41
13434,3,-5,31,8323,0,77,41
13439,3,-8,29,8323,0,77,41
13444,2,-6,30,8323,0,77,41
13449,-4,-9,28,8323,0,49,41
13454,-7,-10,27,8323,0,49,41
13459,-10,-15,22,8323,0,49,40
13464,-13,-12,25,8323,0,49,40
13469,-14,-16,20,8323,0,49,40
13474,-10,-14,23,8323,0,50,40
13479,-10,-13,23,8323,0,50,40
13484,-5,-10,26,8332,0,50,40
13489,0,-10,26,8332,0,50,40
13494,1,-5,32,8332,0,32,40
13499,-1,-9,27,8333,0,32,40
13504,1,-7,30,8333,0,32,40
13509,-2,-8,29,8333,0,32,40
13514,-7,-14,23,8313,0,32,39
13519,-6,-12,24,8313,0,32,39
13524,-10,-14,23,8323,0,32,39
13529,-12,-18,18,8323,0,32,39
13534,-11,-17,20,8323,0,32,39
13539,-8,-15,22,8333,0,32,39
13544,-8,-14,23,8333,0,32,40
13549,-1,-13,23,8333,0,32,40
13554,0,-7,29,8323,0,32,39
13559,2,-9,27,8323,0,32,39
13564,3,-11,25,8313,0,32,39
13569,3,-6,31,8313,0,32,39
13574,2,-9,27,8323,0,32,39
13579,0,-13,24,8313,0,32,39
13584,-1,-12,25,8313,0,32,39
13589,-5,-13,24,8323,0,48,39
13594,-10,-15,22,8313,0,48,39
13599,-13,-16,20,8313,0,48,39
13604,-13,-16,20,8313,0,48,39
13609,-10,-18,18,8313,0,48,38
13614,-5,-18,18,8323,0,32,38
13619,-2,-19,18,8323,0,32,38
13624,2,-10,26,8323,0,32,38
13629,3,-12,24,8323,0,32,38
13634,2,-11,25,8323,0,32,38
13639,2,-10,27,8323,0,32,38
13644,1,-17,20,8313,0,32,38
13649,0,-15,22,8313,0,32,38
13654,-3,-15,22,8313,0,19,38
13659,-7,-20,17,8313,0,19,38
13664,-11,-17,20,8313,0,19,38
13669,-8,-18,18,8323,0,19,38
13674,-8,-21,16,8323,0,19,38
13679,0,-19,18,8323,0,48,38
13684,0,-16,20,8313,0,48,38
13689,5,-11,25,8313,0,48,38
13694,5,-17,19,8323,0,48,38
13699,5,-14,22,8313,0,48,38
13704,1,-14,22,8313,0,47,38
13709,1,-16,20,8323,0,47,39
13714,0,-18,18,8323,0,47,38
13719,-6,-23,13,8323,0,47,38
13724,-7,-21,15,8323,0,47,38
13729,-6,-23,14,8323,0,47,38
13734,-4,-19,17,8323,0,47,38
13739,2,-18,19,8323,0,47,38
13744,5,-14,23,8323,0,47,38
13749,5,-15,21,8323,0,47,38
13754,8,-15,22,8313,0,47,38
13759,9,-15,22,8313,0,47,38
13764,7,-17,20,8313,0,47,39
13769,5,-14,22,8313,0,47,39
13774,3,-17,20,8313,0,47,39
13779,1,-19,17,8313,0,47,39
13784,-4,-23,14,8313,0,47,38
13789,4,-19,17,8313,0,47,38
13794,3,-17,20,8313,0,47,38
13799,1,-23,14,8313,0,47,38
13804,5,-17,20,8313,0,47,38
13809,8,-12,24,8313,0,47,38
13814,9,-16,20,8313,0,47,38
13819,14,-10,27,8313,0,47,39
13824,-8,-27,10,8313,0,46,39
13829,-16,-28,8,8305,0,46,39
13834,-7,-25,11,8313,0,46,38
13839,-24,-32,4,8313,0,46,36
13844,-56,-57,-20,8305,0,46,35
13849,-58,-62,-24,8308,0,48,35
13854,-73,-74,-36,8210,0,48,34
13859,-76,-85,-47,8041,0,48,33
13864,-64,-84,-47,8041,0,48,33
13869,-81,-100,-65,7788,0,48,33
13874,-35,-81,-43,7609,0,48,33
13879,-14,-74,-36,7609,0,48,33
13884,13,-64,-26,7798,0,48,34
13889,38,-45,-8,7793,0,48,34
13894,69,-26,11,7881,0,48,34
13899,74,-21,16,8097,0,48,35
13904,71,-20,16,8097,0,48,35
13909,83,-15,21,8209,0,48,35
13914,85,-7,30,8228,0,48,36
13919,62,-14,22,8228,0,48,35
13924,64,-16,20,8246,0,48,35
13929,33,-33,3,8246,0,48,34
13934,5,-46,-8,8256,0,49,34
13939,-14,-56,-19,8171,0,49,33
13944,-23,-73,-35,8171,0,49,31
13949,-35,-79,-42,8061,0,49,30
13954,-51,-79,-79,7872,0,49,29
13959,-59,-83,-83,7872,0,49,27
13964,-64,-100,-100,7683,0,49,26
13969,-69,-100,-100,7689,0,49,25
13974,-74,-100,-100,7513,0,49,23
13979,-75,-100,-100,7469,0,47,22
13984,-75,-100,-100,7469,0,47,20
13989,-72,-100,-100,7504,0,47,19
13994,-71,-100,-100,7580,0,47,18
13999,-68,-100,-100,7580,0,47,16
14004,-66,-100,-100,7626,0,47,15
14009,-46,-100,-100,7621,0,47,14
14014,-50,-100,-100,7699,0,47,13
14019,-29,-100,-100,7756,0,47,12
14024,-35,-100,-100,7756,0,47,11
14029,-35,-100,-100,7804,0,49,10
14034,-23,-100,-100,7823,0,49,10
14039,-16,-100,-100,7823,0,49,9
14044,-18,-100,-100,7943,0,49,8
14049,-7,-100,-100,7944,0,49,8
14054,-3,-100,-100,7954,0,47,7
14059,-1,-100,-100,7954,0,47,7
14064,-5,-100,-100,7954,0,47,6
14069,2,-100,-100,7983,0,47,6
14074,-2,-100,-100,8010,0,47,5
14079,0,-100,-100,8010,0,47,5
14084,-2,-100,-100,8048,0,47,5
14089,-5,-100,-100,8048,0,47,4
14094,-8,-100,-100,8106,0,47,4
14099,-11,-100,-100,8133,0,46,4
14104,-13,-100,-100,8133,0,46,3
14109,-17,-100,-100,8134,0,46,3
14114,-20,-100,-100,8134,0,46,3
14119,-28,-100,-100,8134,0,46,3
14124,-34,-100,-100,8144,0,46,3
14129,-34,-100,-100,8143,0,46,3
14134,-33,-100,-100,8151,0,46,2
14139,-39,-100,-100,8161,0,46,2
14144,-37,-100,-100,8161,0,46,2
14149,-34,-100,-100,8171,0,46,2
14154,-34,-100,-100,8200,0,46,2
14159,-35,-100,-100,8200,0,46,2
14164,-27,-100,-100,8209,0,46,2
14169,-25,-100,-100,8209,0,46,2
14174,-22,-100,-100,8237,0,46,1
14179,-18,-100,-100,8237,0,46,1
14184,-22,-100,-100,8237,0,46,1
14189,-18,-100,-100,8237,0,46,1
14194,-18,-100,-100,8247,0,46,1
14199,-19,-100,-100,8247,0,46,1
14204,-15,-100,-100,8246,0,46,1
14209,-15,-100,-100,8246,0,46,1
14214,-13,-100,-100,8246,0,46,1
14219,-16,-100,-100,8256,0,46,1
14224,-6,-100,-100,8256,0,46,1
14229,-8,-100,-100,8265,0,46,1
14234,-11,-100,-100,8275,0,46,1
14239,-7,-100,-100,8275,0,45,1
14244,-6,-100,-100,8275,0,45,1
14249,-1,-100,-100,8275,0,45,1
14254,-7,-100,-100,8285,0,45,1
14259,2,-100,-100,8295,0,45,1
14264,0,-100,-100,8295,0,44,0
14269,-3,-100,-100,8305,0,44,0
14274,2,-100,-100,8305,0,44,0
14279,4,-100,-100,8305,0,44,1
14284,3,-100,-100,8304,0,43,0
14289,4,-100,-100,8305,0,43,0
14294,2,-100,-100,8313,0,43,0
14299,7,-100,-100,8312,0,43,0
14304,3,-100,-100,8312,0,43,0
14309,5,-100,-100,8313,0,43,0
14314,6,-100,-100,8313,0,43,0
14319,6,-100,-100,8313,0,43,0
14324,9,-100,-100,8313,0,43,0
14329,4,-100,-100,8312,0,43,0
14334,6,-100,-100,8312,0,43,0
14339,1,-100,-100,8312,0,43,0
14344,-1,-100,-100,8312,0,43,0
14349,-6,-100,-100,8322,0,43,0
14354,-5,-100,-100,8322,0,42,0
14359,-6,-100,-100,8322,0,42,0
14364,-6,-100,-100,8332,0,42,0
14369,-12,-100,-100,8332,0,42,0
14374,-9,-100,-100,8332,0,42,0
14379,-14,-100,-100,8332,0,42,0
14384,-10,-100,-100,8332,0,42,0
14389,-15,-100,-100,8322,0,42,0
14394,-9,-100,-100,8322,0,42,0
14399,-5,-100,-100,8322,0,42,0
14404,-10,-100,-100,8322,0,42,0
14409,-8,-100,-100,8322,0,42,0
14414,-8,-100,-100,8332,0,42,0
14419,-5,-100,-100,8332,0,42,0
14424,-8,-100,-100,8332,0,42,0
14429,-9,-100,-100,8342,0,42,0
14434,-7,-100,-100,8342,0,42,0
14439,-8,-100,-100,8342,0,42,0
14444,-2,-100,-100,8352,0,42,0
14449,2,-100,-100,8352,0,42,0
14454,-3,-100,-100,8352,0,42,0
14459,5,-100,-100,8342,0,42,0
14464,2,-100,-100,8342,0,42,0
14469,5,-100,-100,8342,0,42,0
14474,9,-100,-100,8342,0,42,0
14479,4,-100,-100,8342,0,42,0
14484,9,-100,-100,8342,0,42,0
14489,6,-100,-100,8342,0,42,0
14494,10,-100,-100,8342,0,42,0
14499,9,-100,-100,8342,0,42,0
14504,3,-100,-100,8342,0,42,0
14509,7,-100,-100,8342,0,42,0
14514,5,-100,-100,8342,0,41,0
14519,4,-100,-100,8342,0,41,0
14524,5,-100,-100,8342,0,41,0
14529,-4,-100,-100,8342,0,41,0
14534,3,-100,-100,8342,0,41,0
14539,-8,-100,-100,8342,0,41,0
14544,-4,-100,-100,8342,0,41,0
14549,-9,-100,-100,8342,0,41,0
14554,-12,-100,-100,8342,0,41,0
14559,-9,-100,-100,8342,0,41,0
14564,-12,-100,-100,8341,0,41,0
14569,-9,-100,-100,8342,0,41,0
14574,-4,-100,-100,8342,0,41,0
14579,-4,-100,-100,8341,0,41,0
14584,2,-100,-100,8341,0,41,0
14589,4,-100,-100,8341,0,41,0
14594,0,-100,-100,8351,0,41,0
14599,6,-100,-100,8351,0,41,0
14604,3,-100,-100,8351,0,41,0
14609,2,-100,-100,8351,0,41,0
14614,8,-100,-100,8351,0,41,0
14619,-10,-100,-100,8351,0,41,0
14624,1,-100,-100,8351,0,41,0
14629,-11,-100,-100,8351,0,41,0
14634,-8,-100,-100,8351,0,41,0
14639,-11,-100,-100,8351,0,41,0
14644,-8,-100,-100,8351,0,41,0
14649,-6,-100,-100,8351,0,41,0
14654,-8,-100,-100,8351,0,40,0
14659,-9,-100,-100,8351,0,40,0
14664,-7,-100,-100,8351,0,40,0
14669,-2,-100,-100,8351,0,40,0
14674,2,-100,-100,8351,0,40,0
14679,3,-100,-100,8351,0,40,0
14684,0,-100,-100,8351,0,40,0
14689,7,-100,-100,8351,0,40,0
14694,9,-100,-100,8351,0,40,0
14699,9,-100,-100,8361,0,40,0
14704,15,-100,-100,8361,0,40,0
14709,9,-100,-100,8361,0,40,0
14714,13,-100,-100,8361,0,40,0
14719,13,-100,-100,8361,0,40,0
14724,9,-100,-100,8361,0,41,0
14729,14,-100,-100,8361,0,41,0
14734,10,-100,-100,8361,0,41,0
14739,5,-100,-100,8361,0,41,0
14744,6,-100,-100,8361,0,41,0
14749,-5,-100,-100,8361,0,41,0
14754,-1,-100,-100,8371,0,41,0
14759,-11,-100,-100,8371,0,41,0
14764,-11,-100,-100,8361,0,41,0
14769,-13,-100,-100,8361,0,41,0
14774,-11,-100,-100,8371,0,41,0
14779,-19,-100,-100,8371,0,41,0
14784,-20,-100,-100,8371,0,41,0
14789,-15,-100,-100,8361,0,41,0
14794,-21,-100,-100,8361,0,41,0
14799,-23,-100,-100,8361,0,41,0
14804,-17,-100,-100,8371,0,41,0
14809,-23,-100,-100,8371,0,41,0
14814,-19,-100,-100,8371,0,42,0
14819,-18,-100,-100,8371,0,42,0
14824,-27,-100,-100,8371,0,42,0
14829,-19,-100,-100,8361,0,42,0
14834,-27,-100,-100,8362,0,42,0
14839,-23,-100,-100,8362,0,42,0
14844,-22,-100,-100,8362,0,42,0
14849,-30,-100,-100,8362,0,42,0
14854,-26,-100,-100,8362,0,42,0
14859,-30,-100,-100,8362,0,42,0
14864,-27,-100,-100,8362,0,42,0
14869,-24,-100,-100,8362,0,42,0
14874,-27,-100,-100,8362,0,42,0
14879,-21,-100,-100,8362,0,42,0
14884,-23,-100,-100,8362,0,43,0
14889,-25,-100,-100,8361,0,43,0
14894,-18,-100,-100,8361,0,43,0
14899,-24,-100,-100,8361,0,43,0
14904,-19,-100,-100,8361,0,43,0
14909,-18,-100,-100,8351,0,43,0
14914,-19,-100,-100,8361,0,43,0
14919,-12,-100,-100,8361,0,43,0
14924,-15,-100,-100,8361,0,43,0
14929,-16,-100,-100,8361,0,44,0
14934,-16,-100,-100,8361,0,44,0
14939,-15,-100,-100,8361,0,44,0
14944,-12,-100,-100,8361,0,44,0
14949,-17,-100,-100,8361,0,44,0
14954,-19,-100,-100,8361,0,44,0
14959,-20,-100,-100,8361,0,44,0
14964,-19,-100,-100,8361,0,44,0
14969,-18,-100,-100,8361,0,44,0
14974,-21,-100,-100,8361,0,45,0
14979,-23,-100,-100,8361,0,45,0
14984,-26,-100,-100,8361,0,45,0
14989,-28,-100,-100,8361,0,45,0
14994,-25,-100,-100,8361,0,45,0
14999,-27,-100,-100,8361,0,45,0
15004,-25,-100,-100,8361,0,45,0
15009,-20,-100,-100,8361,0,45,0
15014,-23,-100,-100,8351,0,45,0
15019,-19,-100,-100,8351,0,45,0
15024,-17,-100,-100,8351,0,45,0
15029,-21,-100,-100,8351,0,45,0
15034,-17,-100,-100,8361,0,45,0
15039,-17,-100,-100,8361,0,45,0
15044,-18,-100,-100,8351,0,45,0
15049,-16,-100,-100,8351,0,45,0
15054,-21,-100,-100,8351,0,45,0
15059,-19,-100,-100,8361,0,45,0
15064,-23,-100,-100,8361,0,45,0
15069,-20,-100,-100,8361,0,45,0
15074,-20,-100,-100,8361,0,45,0
15079,-23,-100,-100,8361,0,45,0
15084,-22,-100,-100,8371,0,45,0
15089,-23,-100,-100,8372,0,45,0
15094,-23,-100,-100,8362,0,45,0
15099,-22,-100,-100,8371,0,45,0
15104,-28,-100,-100,8371,0,45,0
15109,-23,-100,-100,8361,0,45,0
15114,-28,-100,-100,8361,0,45,0
15119,-20,-100,-100,8361,0,45,0
15124,-25,-100,-100,8361,0,45,0
15129,-24,-100,-100,8361,0,45,0
15134,-25,-100,-100,8361,0,45,0
15139,-22,-100,-100,8361,0,45,0
15144,-24,-100,-100,8361,0,45,0
15149,-19,-100,-100,8361,0,45,0
15154,-26,-100,-100,8361,0,45,0
15159,-24,-100,-100,8361,0,45,0
15164,-24,-100,-100,8341,0,46,0
15169,-24,-100,-100,8340,0,46,0
15174,-24,-100,-100,8390,0,46,0
15179,-24,-100,-100,8361,0,46,0
15184,-24,-100,-100,8361,0,46,0
15189,-24,-100,-100,8361,0,46,0
15194,-24,-100,-100,8391,0,46,0
15199,-24,-100,-100,8391,0,46,0
15204,-24,-100,-100,8361,0,46,0
15209,-24,-100,-100,8358,0,46,0
15214,-24,-100,-100,8436,0,46,0
15219,-24,-100,-100,8361,0,46,0
15224,-24,-100,-100,8361,0,46,0
15229,-24,-100,-100,8391,0,46,0
15234,-24,-100,-100,8436,0,46,0
15239,-24,-100,-100,8436,0,46,0
15244,-24,-100,-100,8408,0,46,0
15249,-24,-100,-100,8410,0,46,0
15254,-24,-100,-100,8362,0,46,0
15259,-24,-100,-100,8323,0,46,0
15264,-24,-100,-100,8323,0,46,0
15269,-24,-100,-100,8323,0,46,0
15274,-24,-100,-100,8333,0,46,0
15279,-24,-100,-100,8333,0,46,0
15284,-24,-100,-100,8390,0,46,0
15289,-24,-100,-100,8391,0,46,0
15294,-24,-100,-100,8361,0,46,0
15299,-24,-100,-100,8332,0,46,0
15304,-24,-100,-100,8332,0,46,0
15309,-24,-100,-100,8323,0,46,0
15314,-24,-100,-100,8333,0,46,0
15319,-24,-100,-100,8333,0,46,0
15324,-24,-100,-100,8333,0,46,0
15329,-24,-100,-100,8333,0,46,0
15334,-24,-100,-100,8343,0,46,0
15339,-24,-100,-100,8333,0,46,0
15344,-24,-100,-100,8333,0,46,0
15349,-24,-100,-100,8323,0,46,0
15354,-24,-100,-100,8323,0,46,0
15359,-24,-100,-100,8323,0,46,0
15364,-24,-100,-100,8323,0,46,0
15369,-24,-100,-100,8323,0,46,0
15