システムクロック時刻,ジャイロ角速度,左PWM,右PWM,電圧,kp100,-1
1,5,0,9,6795,,
5,5,0,9,6670,,
9,7,0,10,6670,,
13,5,0,10,6297,,
17,4,0,9,6297,,
21,2,-2,8,6153,,
25,0,-4,6,6153,,
29,0,-5,6,6050,,
33,0,-5,5,6050,,
37,0,-5,4,6067,,
41,3,1,12,6067,,
45,7,4,14,6105,,
49,6,2,13,6105,,
53,4,0,10,6244,,
57,1,-2,7,6244,,
61,-1,-4,5,6206,,
65,3,-2,7,6206,,
69,1,-3,6,6197,,
73,0,-5,4,6197,,
77,6,0,9,6224,,
81,5,-2,8,6224,,
85,-1,-1,8,6282,,
89,0,-2,8,6282,,
93,1,-3,7,6291,,
97,2,-3,7,6291,,
101,2,0,12,6298,,
105,3,0,11,6298,,
109,4,0,10,6327,,
113,6,0,11,6327,,
117,3,2,13,6356,,
121,3,0,11,6356,,
125,9,3,15,6356,,
129,6,5,17,6356,,
133,5,3,14,6365,,
137,7,3,14,6365,,
141,10,9,20,6383,,
145,6,9,21,6383,,
149,1,3,14,6366,,
153,-1,0,11,6366,,
157,-2,1,13,6393,,
161,-17,-12,-1,6393,,
165,-18,-10,0,6432,,
169,-21,-17,-7,6432,,
173,-25,-23,-13,6451,,
177,-24,-21,-11,6451,,
181,-18,-20,-10,6412,,
185,-16,-16,-7,6412,,
189,-19,-21,-13,6412,,
193,-14,-20,-12,6412,,
197,-16,-24,-15,6412,,
201,-17,-27,-18,6412,,
205,-16,-27,-20,6383,,
209,-18,-31,-22,6383,,
213,-17,-27,-19,6317,,
217,-17,-30,-21,6317,,
221,-9,-26,-17,6166,,
225,-6,-30,-21,6166,,
229,-11,-35,-26,5977,,
233,-7,-32,-23,5977,,
237,8,-21,-12,5675,,
241,10,-18,-9,5675,,
245,15,-12,-5,5619,,
249,15,-11,-3,5619,,
253,18,-13,-5,5608,,
257,19,-10,-2,5608,,
261,10,-21,-14,5569,,
265,9,-20,-13,5569,,
269,9,-19,-11,5492,,
273,6,-20,-13,5492,,
277,-2,-32,-26,5445,,
281,2,-27,-21,5445,,
285,11,-18,-12,5340,,
289,12,-22,-16,5340,,
293,16,-15,-9,5339,,
297,24,-5,0,5339,,
301,29,-4,1,5377,,
305,31,1,7,5377,,
309,35,2,9,5433,,
313,37,9,14,5433,,
317,34,10,16,5477,,
321,31,11,16,5477,,
325,25,7,14,5487,,
329,17,2,8,5487,,
333,12,0,4,5477,,
337,6,-5,0,5477,,
341,3,-8,-3,5534,,
345,-9,-20,-15,5534,,
349,-20,-32,-26,5485,,
353,-25,-38,-33,5485,,
357,-30,-46,-41,5410,,
361,-31,-50,-45,5410,,
365,-31,-54,-49,5278,,
369,-31,-56,-51,5278,,
373,-30,-60,-53,5155,,
377,-28,-59,-54,5155,,
381,-23,-65,-59,5015,,
385,-17,-58,-53,5015,,
389,-13,-63,-57,4887,,
393,-8,-56,-51,4887,,
397,-8,-62,-57,4793,,
401,5,-52,-47,4793,,
405,13,-40,-35,4704,,
409,22,-33,-28,4704,,
413,27,-28,-23,4823,,
417,32,-16,-11,4823,,
421,34,-15,-9,4934,,
425,33,-16,-10,4934,,
429,37,-12,-6,4971,,
433,34,-14,-8,4971,,
437,25,-23,-17,4989,,
441,18,-31,-24,,,
システムクロック時刻,ジャイロ角速度,左PWM,右PWM,電圧,kp0.8,-1
1,12,11,7,6591,,
5,13,12,8,6598,,
9,13,14,10,6304,,
13,11,13,9,6315,,
17,11,13,9,6101,,
21,11,19,15,6103,,
25,10,18,14,6035,,
29,9,16,12,6037,,
33,9,21,17,5919,,
37,11,22,18,5853,,
41,12,27,23,5853,,
45,15,28,24,5855,,
49,15,33,28,5815,,
53,14,36,31,5811,,
57,14,38,33,5889,,
61,10,32,27,5888,,
65,4,29,25,5870,,
69,-4,24,19,5869,,
73,-13,17,13,5897,,
77,-13,17,13,5894,,
81,-16,8,4,5954,,
85,-20,5,1,5946,,
89,-18,7,2,6140,,
93,-17,8,3,6139,,
97,-20,6,0,6159,,
101,-19,6,0,6159,,
105,-18,7,0,6169,,
109,-14,5,-1,6170,,
113,-2,15,7,6170,,
117,6,18,10,6170,,
121,11,25,16,6170,,
125,17,28,19,6169,,
129,17,31,22,6179,,
133,15,32,23,6179,,
137,17,31,22,6189,,
141,22,33,24,6189,,
145,22,37,28,6199,,
149,22,40,31,6199,,
153,27,42,33,6209,,
157,20,36,26,6209,,
161,18,38,28,6199,,
165,17,40,30,6198,,
169,12,33,23,6216,,
173,7,27,17,6217,,
177,6,28,18,6217,,
181,8,33,22,6216,,
185,3,25,14,6226,,
189,5,24,13,6226,,
193,14,34,23,6236,,
197,6,31,19,6235,,
201,6,28,16,6235,,
205,13,31,19,6235,,
209,8,30,18,6255,,
213,3,29,17,6255,,
217,9,30,18,6265,,
221,4,29,17,6265,,
225,0,23,11,6275,,
229,1,26,14,6276,,
233,9,30,17,6226,,
237,11,34,22,6231,,
241,9,36,23,6095,,
245,0,25,12,6102,,
249,6,33,20,5886,,
253,6,35,22,5893,,
257,1,29,16,5679,,
261,2,31,18,5682,,
265,3,29,16,5594,,
269,-1,28,14,5594,,
273,-3,23,9,5556,,
277,-7,22,8,5556,,
281,-5,25,11,5546,,
285,-4,21,7,5546,,
289,-5,23,9,5506,,
293,-3,21,6,5506,,
297,-1,25,10,5496,,
301,-2,21,6,5496,,
305,1,26,11,5476,,
309,0,27,12,5476,,
313,0,24,9,5458,,
317,1,27,12,5458,,
321,-2,21,6,5458,,
325,-3,22,7,5457,,
329,0,22,6,5437,,
333,0,24,9,5437,,
337,-1,26,10,5437,,
341,-1,22,6,5436,,
345,-4,21,6,5446,,
349,-4,17,1,5447,,
353,-4,20,4,5427,,
357,-7,12,-2,5425,,
361,-9,7,-7,5455,,
365,-10,9,-5,5456,,
369,-7,8,-6,5406,,
373,-7,11,-4,5407,,
377,-7,7,-7,5389,,
381,-4,6,-8,5389,,
385,-3,11,-3,5359,,
389,0,11,-3,5359,,
393,1,10,-4,5349,,
397,1,8,-6,5349,,
401,2,7,-7,5339,,
405,2,12,-2,5338,,
409,4,12,-2,5348,,
413,6,12,-2,5349,,
417,7,12,-2,5329,,
421,7,11,-3,5329,,
425,6,10,-4,5319,,
429,6,9,-5,5320,,
433,5,8,-6,5302,,
437,4,6,-8,5302,,
441,3,5,-9,5292,,
445,1,-3,-18,5292,,
449,0,-3,-18,5272,,
453,0,-3,-18,5273,,
457,-1,-4,-19,5233,,
461,-1,-4,-19,5233,,
465,-1,-10,-25,5215,,
469,-2,-10,-25,5216,,
473,-3,-10,-25,5176,,
477,-3,-16,-31,5177,,
481,-4,-16,-31,5147,,
485,-4,-21,-36,5149,,
489,-4,-20,-35,5101,,
493,-4,-24,-39,5102,,
497,-5,-24,-38,5062,,
501,-5,-29,-43,5061,,
505,-6,-34,-48,5061,,
509,-7,-38,-52,5062,,
513,-7,-35,-49,5024,,
517,-11,-43,-57,5025,,
521,-10,-46,-60,4985,,
525,5,-34,-48,4987,,
529,13,-27,-41,4899,,
533,23,-17,-31,4898,,
537,38,-1,-15,4948,,
541,41,4,-9,4945,,
545,40,5,-8,5023,,
549,46,13,0,5020,,
553,39,8,-4,5078,,
557,27,-1,-14,5076,,
561,25,-3,-15,5116,,
565,20,-8,-20,5115,,
569,20,-8,-20,5135,,
573,19,-3,-14,5135,,
577,21,-2,-13,5135,,
581,26,1,-9,5135,,
585,22,3,-7,5135,,
589,16,-3,-14,5136,,
593,20,-1,-11,5126,,
597,16,0,-10,5125,,
601,6,-12,-22,5125,,
605,1,-20,-30,5126,,
609,-2,-19,-28,5126,,
613,-9,-24,-33,5126,,
617,-16,-36,-45,5116,,
621,-16,-41,-49,5117,,
625,-12,-35,-43,5087,,
629,-16,-37,-45,5088,,
633,-18,-45,-53,5050,,
637,-19,-51,-59,5051,,
641,-23,-53,-61,5011,,
645,-28,-64,-72,5013,,
649,-33,-75,-83,4955,,
653,-37,-84,-91,4960,,
657,-32,-87,-94,4804,,
661,-30,-82,-89,4807,,
665,-11,-68,-75,4747,,
669,8,-50,-57,4746,,
673,21,-36,-42,4776,,
677,28,-27,-33,4776,,
681,30,-23,-28,4884,,
685,36,-15,-20,4877,,
689,29,-21,-25,4935,,
693,19,-30,-33,4937,,
697,11,-38,-41,4957,,
701,7,-43,-45,4964,,
705,-1,-53,-55,4904,,
709,-3,-57,-58,4900,,
713,8,-54,-55,4832,,
717,9,-52,-53,4836,,
721,4,-57,-58,4808,,
725,4,-64,-64,4802,,
729,4,-63,-63,4810,,
733,5,-67,-67,4815,,
737,0,-70,-70,4825,,
741,-6,-82,-81,4825,,
745,-7,-82,-81,4825,,
749,-6,-87,-86,4819,,
753,-4,-83,-81,4829,,
757,9,-74,-72,4830,,
761,17,-62,-60,4830,,
765,23,-59,-56,4836,,
769,25,-52,-48,4876,,
773,27,-53,-49,4875,,
777,25,-50,-45,4903,,
781,18,-60,-55,4895,,
785,11,-63,-57,4905,,
789,3,-76,-69,4913,,
793,3,-81,-74,4865,,
797,3,-78,-71,4864,,
801,0,-86,-79,4854,,
805,0,-89,-82,4848,,
809,1,-85,-78,4848,,
813,1,-89,-82,4855,,
817,1,-92,-85,4865,,
821,3,-93,-85,4860,,
825,1,-91,-83,4860,,
829,-1,-96,-88,4857,,
833,1,-97,-89,4857,,
837,8,-85,-77,4857,,
841,9,-87,-79,4847,,
845,8,-91,-82,4852,,
849,9,-91,-82,4862,,
853,11,-91,-82,4865,,
857,13,-83,-74,4865,,
861,11,-87,-78,4860,,
865,10,-90,-81,4860,,
869,10,-91,-82,4862,,
873,5,-92,-82,4862,,
877,2,-97,-88,4856,,
881,-1,-100,-94,4866,,
885,-3,-100,-98,4875,,
889,-2,-100,-99,4875,,
893,-2,-100,-100,4866,,
897,-5,-100,-100,4876,,
901,-4,-100,-100,4880,,
905,-3,-100,-100,4880,,
909,-1,-100,-100,4880,,
913,-2,-100,-100,4890,,
917,-5,-100,-100,4889,,
921,-4,-100,-100,4879,,
925,-6,-100,-100,4879,,
929,-11,-100,-100,4889,,
933,-14,-100,-100,4886,,
937,-15,-100,-100,4876,,
941,-15,-100,-100,4875,,
945,-10,-100,-100,4875,,
949,-6,-100,-100,4885,,
953,-5,-100,-100,4875,,
957,-6,-100,-100,4866,,
961,-8,-100,-100,4866,,
965,-8,-100,-100,4866,,
969,-11,-100,-100,4866,,
973,-11,-100,-100,4867,,
977,-16,-100,-100,4867,,
981,-18,-100,-100,4874,,
985,-15,-100,-100,4874,,
989,-15,-100,-100,4868,,
993,-19,-100,-100,4878,,
997,-19,-100,-100,4882,,
システムクロック時刻,ジャイロ角速度,左PWM,右PWM,電圧,kp0.6,-1
1,-10,-8,-5,6659,,
5,-11,-10,-6,6661,,
9,-11,-11,-8,6573,,
13,-12,-12,-9,6577,,
17,-13,-14,-11,6509,,
21,-13,-15,-11,6510,,
25,-15,-22,-19,6452,,
29,-17,-24,-21,6454,,
33,-17,-24,-21,6384,,
37,-19,-27,-23,6387,,
41,-19,-27,-24,6299,,
45,-16,-26,-23,6302,,
49,-15,-26,-23,6206,,
53,-13,-25,-22,6207,,
57,-13,-25,-22,6177,,
61,-14,-32,-29,6177,,
65,-15,-32,-29,6157,,
69,-17,-34,-31,6159,,
73,-18,-41,-38,6071,,
77,-17,-39,-36,6074,,
81,-12,-41,-38,5968,,
85,-14,-41,-38,5971,,
89,-12,-44,-41,5883,,
93,-3,-35,-32,5885,,
97,-3,-39,-36,5787,,
101,7,-33,-30,5788,,
105,15,-23,-20,5788,,
109,26,-14,-12,5785,,
113,36,-6,-4,5823,,
117,40,-2,0,5819,,
121,43,0,3,5927,,
125,45,9,11,5920,,
129,42,6,9,6086,,
133,32,0,1,6085,,
137,26,0,1,6085,,
141,21,-1,1,6083,,
145,14,-9,-6,6161,,
149,7,-12,-9,6160,,
153,10,-13,-10,6190,,
157,7,-12,-10,6190,,
161,5,-12,-10,6210,,
165,-4,-23,-21,6210,,
169,-2,-20,-18,6200,,
173,-2,-24,-22,6200,,
177,-9,-27,-26,6210,,
181,-9,-27,-25,6210,,
185,-11,-28,-26,6190,,
189,-13,-34,-33,6191,,
193,-17,-37,-35,6181,,
197,-19,-38,-36,6183,,
201,-19,-44,-42,6125,,
205,-17,-41,-40,6127,,
209,-7,-33,-32,6057,,
213,5,-27,-26,6057,,
217,11,-20,-19,6057,,
221,22,-13,-13,6055,,
225,30,-2,-2,6115,,
229,27,-1,-1,6112,,
233,30,0,0,6180,,
237,30,-2,-2,6177,,
241,22,-4,-4,6265,,
245,21,-2,-2,6265,,
249,17,-8,-8,6255,,
253,17,-5,-5,6258,,
257,19,-1,-1,6170,,
261,13,-9,-9,6176,,
265,2,-16,-17,6000,,
269,8,-10,-11,6010,,
273,10,-7,-8,5766,,
277,7,-14,-15,5769,,
281,3,-16,-17,5661,,
285,2,-16,-17,5663,,
289,0,-23,-24,5585,,
293,-2,-23,-24,5585,,
297,-6,-26,-27,5537,,
301,-6,-31,-32,5538,,
305,-1,-26,-26,5488,,
309,2,-21,-23,5489,,
313,6,-22,-24,5441,,
317,8,-18,-19,5441,,
321,16,-8,-10,5401,,
325,22,-6,-8,5401,,
329,23,-1,-4,5421,,
333,24,-3,-5,5419,,
337,25,1,-1,5429,,
341,24,4,1,5429,,
345,22,0,-3,5439,,
349,20,0,-2,5437,,
353,19,-3,-6,5457,,
357,16,-2,-5,5457,,
361,14,-2,-5,5447,,
365,12,-2,-5,5447,,
369,10,-2,-6,5467,,
373,9,-8,-12,5467,,
377,10,-5,-9,5427,,
381,10,-4,-7,5428,,
385,7,-5,-9,5408,,
389,7,-10,-14,5408,,
393,8,-8,-11,5390,,
397,9,-5,-9,5390,,
401,9,-3,-8,5370,,
405,9,-2,-7,5370,,
409,9,-2,-6,5360,,
413,12,1,-2,5360,,
417,13,3,-1,5340,,
421,16,1,-3,5340,,
425,17,4,0,5350,,
429,17,6,1,5348,,
433,18,8,3,5368,,
437,17,9,3,5370,,
441,17,10,5,5340,,
445,16,10,5,5340,,
449,15,10,5,5310,,
453,14,10,4,5311,,
457,14,10,4,5303,,
461,16,13,7,5303,,
465,18,15,9,5293,,
469,20,18,12,5293,,
473,21,20,13,5273,,
477,21,21,14,5274,,
481,20,21,14,5234,,
485,21,23,16,5234,,
489,21,24,16,5234,,
493,22,26,18,5234,,
497,23,34,26,5216,,
501,25,36,27,5217,,
505,28,39,30,5167,,
509,31,43,34,5169,,
513,33,46,37,5101,,
517,35,50,40,5104,,
521,37,60,50,5016,,
525,37,60,51,5021,,
529,38,71,60,4875,,
533,39,71,61,4881,,
537,38,80,69,4705,,
541,40,81,70,4710,,
545,43,93,82,4612,,
549,46,100,91,4611,,
553,47,100,98,4581,,
557,52,100,100,4580,,
561,45,100,100,4570,,
565,26,100,88,4578,,
569,4,78,65,4578,,
573,-3,69,57,4572,,
577,-26,40,28,4690,,
581,-57,3,-8,4685,,
585,-61,-7,-18,4841,,
589,-46,1,-8,4827,,
593,-62,-18,-28,4993,,
597,-78,-39,-49,4991,,
601,-68,-42,-52,4991,,
605,-47,-23,-35,4999,,
609,-24,-2,-13,4843,,
613,18,35,24,4841,,
617,24,46,34,4979,,
621,19,40,28,4973,,
625,28,47,35,5001,,
629,52,78,66,5002,,
633,64,91,79,4992,,
637,67,100,90,5007,,
641,77,100,100,4725,,
645,98,100,100,4727,,
649,106,100,100,4501,,
653,94,100,100,4512,,
657,86,100,100,4454,,
661,86,100,100,4453,,
665,86,100,100,4463,,
669,70,100,100,4453,,
673,43,100,100,4473,,
677,40,100,100,4471,,
681,44,100,100,4471,,
685,14,100,100,4471,,
689,-1,100,93,4471,,
693,6,100,99,4470,,
697,-2,100,88,4498,,
701,-6,93,81,4505,,
705,24,100,100,4535,,
709,41,100,100,4527,,
713,33,100,100,4527,,
717,40,100,100,4525,,
721,53,100,100,4545,,
725,59,100,100,4545,,
729,60,100,100,4563,,
733,56,100,100,4562,,
737,63,100,100,4562,,
741,76,100,100,4570,,
745,68,100,100,4580,,
749,47,100,100,4578,,
753,41,100,100,4578,,
757,42,100,100,4579,,
761,37,100,100,4579,,
765,35,100,100,4572,,
769,45,100,100,4582,,
773,54,100,100,4585,,
777,50,100,100,4585,,
781,57,100,100,4583,,
785,64,100,100,4603,,
789,76,100,100,4604,,
793,85,100,100,4604,,
797,87,100,100,4599,,
801,91,100,100,4609,,
805,96,100,100,4609,,
809,98,100,100,4609,,
813,101,100,100,4611,,
817,95,100,100,4611,,
821,95,100,100,4610,,
825,98,100,100,4600,,
829,91,100,100,4601,,
833,93,100,100,4601,,
837,102,100,100,4604,,
841,103,100,100,4614,,
845,122,100,100,4613,,
849,128,100,100,4613,,
853,119,100,100,4612,,
857,143,100,100,4612,,
861,148,100,100,4609,,
865,142,100,100,4609,,
869,161,100,100,4611,,
873,166,100,100,4611,,
877,174,100,100,4609,,
881,192,100,100,4609,,
885,185,100,100,4611,,
889,169,100,100,4611,,
893,178,100,100,4615,,
897,187,100,100,4615,,
901,205,100,100,4608,,
905,243,100,100,4618,,
909,284,100,100,4627,,
913,316,100,100,4647,,
917,335,100,100,4644,,
921,313,100,100,4662,,
925,292,100,100,4661,,
929,292,100,100,4671,,
933,284,100,100,4668,,
937,283,100,100,4678,,
941,282,100,100,4675,,
945,252,100,100,4695,,
949,221,100,100,4702,,
953,148,100,100,4712,,
957,101,100,100,4711,,
961,105,100,100,4731,,
965,119,100,100,4727,,
969,115,100,100,4745,,
973,96,100,100,4741,,
977,73,100,100,4751,,
981,67,100,100,4752,,
985,53,100,100,4772,,
989,65,100,100,4776,,
993,63,100,100,4776,,
997,53,100,100,4772,,
システムクロック時刻,ジャイロ角速度,左PWM,右PWM,電圧
1,-4,-6,1,6669
5,-3,-6,1,6669
9,-4,-7,0,6480
13,-4,-8,0,6480
17,-4,-8,0,6424
21,-5,-10,-1,6424
25,-8,-13,-4,6367
29,-12,-16,-8,6367
33,-11,-17,-8,6291
37,-18,-23,-15,6291
41,-19,-25,-17,6216
45,-16,-24,-16,6216
49,-13,-23,-15,6206
53,-17,-28,-19,6206
57,-17,-28,-20,6205
61,-14,-27,-18,6205
65,-16,-30,-21,6166
69,-16,-31,-22,6166
73,-16,-32,-23,6129
77,-11,-29,-20,6129
81,-10,-34,-25,6080
85,-9,-33,-24,6080
89,-4,-28,-19,6005
93,1,-24,-15,6005
97,4,-26,-17,6005
101,11,-18,-9,6005
105,12,-15,-6,5984
109,16,-16,-7,5984
113,33,0,9,6022
117,39,9,18,6022
121,36,4,13,6143
125,33,6,15,6143
129,38,13,22,6153
133,36,9,18,6153
137,23,2,11,6172
141,13,-3,5,6172
145,13,-2,6,6202
149,-4,-14,-6,6202
153,-4,-15,-7,6247
157,-15,-24,-16,6247
161,-29,-37,-28,6257
165,-26,-36,-28,6257
169,-23,-41,-33,6211
173,-37,-53,-45,6211
177,-32,-51,-43,6143
181,-17,-41,-33,6143
185,-17,-41,-33,6097
189,-18,-42,-34,6097
193,-11,-37,-29,6087
197,-9,-36,-27,6087
201,-6,-39,-30,6087
205,5,-29,-20,6087
209,5,-33,-24,6058
213,6,-30,-21,6058
217,12,-23,-14,6049
221,13,-25,-16,6049
225,10,-25,-16,6076
229,11,-27,-19,6076
233,7,-28,-20,6000
237,17,-23,-15,6000
241,19,-24,-16,5831
245,19,-20,-12,5831
249,17,-24,-16,5633
253,25,-14,-5,5633
257,34,-8,0,5464
261,29,-7,0,5464
265,26,-11,-3,5472
269,31,-8,0,5472
273,29,-5,2,5423
277,22,-8,0,5423
281,20,-12,-4,5403
285,23,-6,1,5403
289,19,-7,0,5356
293,16,-13,-5,5356
297,15,-11,-4,5345
301,15,-9,-1,5345
305,15,-7,0,5315
309,16,-4,2,5315
313,15,-10,-3,5307
317,13,-9,-2,5307
321,11,-9,-3,5277
325,14,-5,0,5277
329,17,-1,4,5277
333,13,-3,2,5277
337,9,-6,-1,5286
341,12,-3,2,5286
345,13,-1,3,5276
349,8,-5,0,5276
353,7,-6,-1,5294
357,10,-3,0,5294
361,11,-2,1,5265
365,11,-1,2,5265
369,14,1,5,5264
373,16,3,7,5264
377,17,5,8,5311
381,20,9,12,5311
385,21,11,14,5303
389,15,6,8,5303
393,9,1,3,5283
397,5,-2,0,5283
401,-2,-9,-7,5320
405,-6,-14,-12,5320
409,-10,-19,-17,5338
413,-15,-25,-24,5338
417,-19,-31,-30,5282
421,-23,-36,-36,5282
425,-21,-37,-36,5234
429,-16,-40,-40,5234
433,-13,-38,-38,5168
437,-9,-34,-34,5168
441,-7,-33,-32,5131
445,-4,-30,-29,5131
449,-3,-35,-34,5121
453,2,-29,-27,5121
457,3,-33,-31,5073
461,3,-30,-29,5073
465,5,-27,-25,5045
469,7,-29,-28,5045
473,8,-32,-30,5015
477,8,-29,-27,5015
481,8,-33,-30,4986
485,9,-28,-26,4986
489,11,-30,-27,4959
493,13,-30,-28,4959
497,15,-30,-28,4939
501,19,-21,-19,4939
505,22,-20,-18,4930
509,23,-20,-17,4930
513,26,-11,-8,4958
517,29,-10,-7,4958
521,32,-7,-4,4984
525,33,-7,-4,4984
529,35,-5,-1,5003
533,38,-1,2,5003
537,36,3,7,5032
541,34,0,5,5032
545,35,1,6,5107
549,34,0,5,5107
553,32,4,10,5116
557,31,2,7,5116
561,28,5,10,5117
565,25,0,5,5117
569,21,0,6,5117
573,18,1,7,5117
577,15,0,6,5117
581,10,-8,-2,5117
585,6,-10,-4,5127
589,2,-12,-6,5127
593,-1,-14,-8,5136
597,-4,-17,-11,5136
601,-8,-27,-21,5126
605,-9,-28,-22,5126
609,-12,-31,-25,5107
613,-14,-33,-27,5107
617,-13,-33,-27,5078
621,-12,-32,-26,5078
625,-11,-32,-26,5051
629,-9,-31,-25,5051
633,-6,-34,-28,5031
637,-2,-29,-23,5031
641,1,-26,-20,5002
645,3,-29,-23,5002
649,3,-27,-21,5002
653,6,-22,-16,5002
657,12,-21,-15,4983
661,17,-13,-7,4983
665,20,-7,-1,4992
669,23,-7,-1,4992
673,27,0,6,5030
677,33,9,15,5030
681,32,12,18,5076
685,30,6,13,5076
689,32,12,19,5050
693,34,17,24,5050
697,27,7,14,5030
701,22,5,12,5030
705,22,8,14,5040
709,22,9,17,5040
713,17,6,13,5040
717,12,2,9,5040
721,11,1,9,5040
725,9,0,7,5040
729,7,4,11,5057
733,7,2,10,5057
737,4,-1,6,5039
741,2,-4,3,5039
745,3,1,9,5039
749,6,2,10,5039
753,10,4,12,5040
757,10,3,12,5040
761,10,3,11,5020
765,10,8,17,5020
769,7,4,12,5020
773,7,9,17,5020
777,7,6,14,5001
781,2,0,7,5001
785,0,-4,3,5011
789,-4,-4,3,5011
793,-6,-9,-1,5020
797,-3,-2,4,5020
801,-3,-6,1,5049
805,0,-5,0,5049
809,2,0,7,5049
813,0,-4,1,5049
817,3,-3,2,5075
821,6,3,9,5075
825,7,2,8,5075
829,11,4,10,5075
833,16,8,13,5056
837,19,11,16,5056
841,21,13,18,5049
845,23,21,27,5049
849,28,26,31,5029
853,31,29,34,5029
857,35,34,39,4981
861,36,42,48,4981
865,34,41,46,4905
869,31,37,43,4905
873,32,39,45,4840
877,31,45,51,4840
881,27,40,46,4783
885,22,41,46,4783
889,19,36,41,4735
893,19,34,39,4735
897,19,39,44,4735
901,20,45,49,4735
905,21,44,48,4658
909,20,47,51,4658
913,19,51,54,4593
917,20,49,51,4593
921,22,57,58,4499
925,21,59,61,4499
929,23,66,67,4449
933,25,71,71,4449
937,28,78,77,4446
941,17,68,67,4446
945,7,58,55,4471
949,-1,50,45,4471
953,-6,50,44,4568
957,-19,33,26,4568
961,-27,21,12,4612
965,-33,11,1,4612
969,-32,8,-2,4737
973,-38,6,-6,4737
977,-39,0,-12,4788
981,-28,8,-6,4788
985,-26,7,-7,4865
989,-21,10,-5,4865
993,3,34,17,4875
997,17,43,24,4875
システムクロック時刻,ジャイロ角速度,左PWM,右PWM,電圧
1,-1,-1,0,6562
5,-2,-2,0,6562
9,-5,-5,-3,6467
13,-5,-6,-3,6467
17,-5,-6,-4,6317
21,-5,-7,-5,6317
25,-6,-8,-6,6261
29,-7,-14,-13,6261
33,-8,-15,-13,6214
37,-8,-15,-13,6214
41,-8,-20,-18,6156
45,-4,-16,-14,6156
49,-3,-20,-18,6080
53,-4,-19,-17,6080
57,-3,-22,-20,6109
61,-1,-18,-16,6109
65,-5,-25,-23,6089
69,-8,-31,-29,6089
73,-6,-32,-30,6059
77,-8,-31,-29,6059
81,14,-16,-14,6078
85,29,-5,-3,6078
89,37,1,3,6117
93,36,1,4,6117
97,38,9,12,6133
101,38,8,12,6133
105,26,0,3,6106
109,16,-4,0,6106
113,15,-7,-2,6143
117,12,-6,0,6143
121,6,-14,-7,6152
125,3,-14,-7,6152
129,3,-12,-5,6171
133,8,-12,-4,6171
137,8,-9,-2,6191
141,9,-6,0,6191
145,7,-11,-4,6218
149,7,-9,-2,6218
153,3,-10,-3,6217
157,2,-10,-3,6217
161,0,-11,-3,6237
165,-6,-15,-8,6237
169,-8,-22,-14,6217
173,-8,-22,-14,6217
177,-8,-21,-14,6237
181,-8,-21,-13,6237
185,-7,-20,-13,6247
189,-2,-21,-14,6247
193,6,-14,-6,6246
197,7,-11,-4,6246
201,1,-15,-7,6266
205,2,-13,-6,6266
209,10,-6,0,6275
213,12,-4,2,6275
217,6,-12,-6,6292
221,10,-8,-1,6292
225,9,-7,-1,6312
229,17,0,6,6312
233,25,6,13,6322
237,19,4,10,6322
241,14,1,8,6312
245,26,11,18,6312
249,33,17,25,6312
253,18,7,15,6312
257,21,10,18,6293
261,30,18,26,6293
265,18,10,18,6293
269,23,14,22,6293
273,25,16,25,6237
277,35,30,38,6237
281,36,33,41,6057
285,28,27,35,6057
289,20,22,30,5765
293,41,45,54,5765
297,39,46,54,5576
301,32,46,54,5576
305,42,56,64,5406
309,45,65,73,5406
313,40,68,76,5263
317,41,73,82,5263
321,45,83,91,5159
325,45,87,95,5159
329,34,81,89,5128
333,30,79,87,5128
337,20,71,79,5125
341,9,61,69,5125
345,-6,46,53,5129
349,-8,48,56,5129
353,-15,38,46,5188
357,-15,35,42,5188
361,-17,37,43,5211
365,-17,34,39,5211
369,-17,31,36,5221
373,-13,39,43,5221
377,-3,45,48,5235
381,4,51,53,5235
385,6,59,60,5199
389,2,60,61,5199
393,-2,54,54,5190
397,-4,55,55,5190
401,-10,46,45,5188
405,-12,48,45,5188
409,-17,45,42,5209
413,-20,43,39,5209
417,-21,37,32,5201
421,-30,30,24,5201
425,-33,27,20,5226
429,-31,23,15,5226
433,-33,22,12,5262
437,-34,22,11,5262
441,-35,15,2,5281
445,-27,24,10,5281
449,-27,19,4,5347
453,-24,24,7,5347
457,-24,25,9,5309
461,-23,21,4,5309
465,-21,26,7,5309
469,-21,21,2,5309
473,-20,24,5,5310
477,-18,22,2,5310
481,-15,22,1,5301
485,-13,27,5,5301
489,-12,25,2,5306
493,-12,22,0,5306
497,-12,26,3,5276
501,-13,22,0,5276
505,-13,19,-4,5276
509,-14,16,-7,5276
513,-13,15,-8,5219
517,-11,9,-15,5219
521,-5,15,-9,5195
525,-2,18,-6,5195
529,0,14,-10,5141
533,4,20,-5,5141
537,6,24,-1,5112
541,6,19,-6,5112
545,8,17,-8,5129
549,10,16,-9,5129
553,12,17,-9,5099
557,14,17,-9,5099
561,17,19,-7,5081
565,21,23,-3,5081
569,22,24,-2,5083
573,21,24,-3,5083
577,18,21,-6,5089
581,19,16,-11,5089
585,19,17,-10,5062
589,17,11,-17,5062
593,15,11,-17,5017
597,15,6,-22,5017
601,16,10,-18,4969
605,16,5,-22,4969
609,17,3,-24,4943
613,18,2,-26,4943
617,18,6,-21,5022
621,18,4,-24,5022
625,19,3,-25,5041
629,19,2,-27,5041
633,18,0,-29,5014
637,24,5,-24,5014
641,36,17,-12,4997
645,44,26,-3,4997
649,48,32,2,5032
653,54,47,17,5032
657,56,50,20,5061
661,58,54,24,5061
665,57,55,25,5050
669,52,58,28,5050
673,48,55,25,5027
677,42,55,25,5027
681,38,50,21,5011
685,39,56,27,5011
689,41,63,34,5003
693,43,69,40,5003
697,44,67,40,4941
701,40,68,40,4941
705,36,68,41,4904
709,34,75,49,4904
713,30,73,47,4839
717,30,74,48,4839
721,21,73,47,4756
725,10,60,34,4756
729,-2,45,20,4727
733,-4,47,21,4727
737,-7,39,14,4781
741,-19,30,4,4781
745,-21,29,3,4803
749,-19,25,-1,4803
753,-16,30,2,4937
757,-17,24,-3,4937
761,-14,29,0,4999
765,-9,37,7,4999
769,-12,29,-1,5031
773,-10,27,-3,5031
777,2,43,10,5037
781,8,46,13,5037
785,3,45,12,5044
789,13,52,19,5044
793,12,50,16,5038
797,11,54,20,5038
801,12,53,19,5039
805,16,55,21,5039
809,13,57,23,5043
813,9,51,17,5043
817,7,47,13,5030
821,7,45,11,5030
825,3,46,11,5043
829,3,43,8,5043
833,5,43,8,5040
837,3,45,11,5040
841,3,42,8,5040
845,4,41,7,5040
849,6,41,7,5045
853,7,40,7,5045
857,8,40,7,5045
861,10,42,8,5045
865,9,47,13,5041
869,9,45,11,5041
873,9,44,10,5038
877,9,43,9,5038
881,8,41,7,5033
885,8,41,6,5033
889,7,39,5,5030
893,7,38,4,5030
897,6,43,9,5030
901,6,42,7,5030
905,5,40,4,5029
909,5,38,3,5029
913,4,36,1,5038
917,3,34,0,5038
921,5,35,0,5053
925,6,36,0,5053
929,5,34,0,5057
933,7,36,0,5057
937,8,36,1,5066
941,10,38,3,5066
945,11,40,4,5049
949,12,41,5,5049
953,11,40,5,5049
957,10,39,4,5049
961,10,39,4,5052
965,9,38,3,5052
969,10,39,4,5052
973,11,40,5,5052
977,12,41,6,5057
981,13,43,7,5057
985,14,44,9,5039
989,14,44,9,5039
993,13,44,8,5038
997,11,42,7,5038
