システムクロック時刻,ジャイロ角速度,左PWM,右PWM,電圧,カラーセンサの値,白148,黒10
1,13,-9,18,6819
5,7,-12,15,6819
9,7,-11,16,6687
13,7,-10,17,6687
17,3,-12,14,6593
21,0,-14,12,6593
25,0,-15,12,6487
29,-6,-19,7,6487
33,-7,-21,6,6384
37,-17,-29,-2,6384
41,-22,-34,-7,6270
45,-27,-40,-13,6270
49,-27,-42,-15,6213
53,-25,-42,-15,6213
57,-31,-54,-27,6137
61,-31,-55,-29,6137
65,-25,-52,-26,6031
69,-25,-58,-32,6031
73,-37,-68,-41,6012
77,-35,-73,-46,6012
81,-18,-66,-39,5831
85,-18,-69,-42,5831
89,-2,-53,-27,5803
93,17,-44,-18,5803
97,48,-17,8,5946
101,63,-1,24,5946
105,52,-12,13,6247
109,62,0,25,6247
113,71,9,35,6370
117,57,3,28,6370
121,60,8,32,6417
125,48,2,26,6417
129,42,0,22,6427
133,31,-7,15,6427
137,15,-14,8,6466
141,2,-21,1,6466
145,4,-22,0,6503
149,0,-28,-5,6503
153,-12,-29,-7,6541
157,-15,-36,-14,6541
161,-30,-47,-25,6522
165,-34,-55,-33,6522
169,-43,-63,-41,6474
173,-47,-76,-55,6474
177,-49,-79,-58,6321
181,-39,-77,-55,6321
185,-35,-80,-59,6115
189,-28,-83,-61,6115
193,-23,-77,-56,5944
197,8,-53,-32,5944
201,14,-52,-32,5984
205,16,-54,-34,5984
209,40,-31,-11,6085
213,48,-25,-6,6085
217,56,-18,0,6276
221,57,-12,6,6276
225,59,-10,8,6311
229,56,-12,6,6311
233,47,-14,5,6189
237,32,-27,-7,6189
241,28,-33,-13,5952
245,26,-31,-11,5952
249,21,-43,-24,5783
253,14,-45,-25,5783
257,10,-47,-27,5687
261,2,-57,-37,5687
265,-3,-66,-46,5601
269,-7,-73,-53,5601
273,6,-66,-47,5431
277,7,-66,-48,5431
281,15,-55,-37,5400
285,27,-51,-34,5400
289,38,-33,-17,5422
293,43,-28,-11,5422
297,46,-23,-7,5554
301,51,-18,-1,5554
305,59,-8,7,5621
309,58,-7,8,5621
313,46,-20,-5,5697
317,38,-19,-4,5697
321,33,-24,-8,5685
325,29,-27,-12,5685
329,21,-34,-19,5681
333,19,-37,-21,5681
337,17,-34,-18,5654
341,14,-40,-22,5654
345,10,-45,-27,5665
349,8,-48,-31,5665
353,17,-43,-25,5577
357,27,-34,-16,5577
361,34,-22,-4,5571
365,36,-26,-8,5571
369,41,-20,-2,5627
373,45,-15,2,5627
377,42,-10,7,5655
381,39,-13,5,5655
385,39,-12,6,5673
389,35,-15,2,5673
393,27,-22,-3,5719
397,20,-23,-4,5719
401,23,-22,-4,5684
405,18,-22,-4,5684
409,9,-32,-14,5684
413,6,-38,-19,5684
417,8,-33,-15,5627
421,10,-29,-10,5627
425,8,-39,-21,5626
429,12,-32,-13,5626
433,20,-22,-3,5599
437,23,-22,-2,5599
441,27,-14,4,5635
445,29,-9,10,5635
449,30,-10,8,5665
453,33,-9,9,5665
457,35,-3,16,5673
461,31,-8,11,5673
465,24,-10,9,5674
469,19,-12,8,5674
473,17,-12,8,5677
477,14,-14,8,5677
481,11,-21,1,5670
485,8,-22,0,5670
489,6,-23,0,5664
493,4,-25,-1,5664
497,6,-23,0,5655
501,10,-19,4,5655
505,13,-10,13,5663
509,16,-9,16,5663
513,21,-5,20,5673
517,24,-1,23,5673
521,20,-5,21,5657
525,19,-6,20,5657
529,22,-3,23,5648
533,19,-5,21,5648
537,11,-12,14,5644
541,6,-11,15,5644
545,3,-16,10,5645
549,-1,-21,5,5645
553,-2,-19,8,5628
557,-4,-18,9,5628
561,0,-23,3,5628
565,2,-18,9,5628
569,4,-18,9,5618
573,9,-10,17,5618
577,8,-8,19,5622
581,4,-14,13,5622
585,1,-14,13,5606
589,2,-17,10,5606
593,2,-19,7,5598
597,-5,-22,4,5598
601,-7,-22,4,5588
605,-8,-27,-1,5588
609,-8,-19,5,5604
613,-14,-30,-4,5604
617,-13,-34,-8,5606
621,-4,-24,0,5606
625,-2,-21,3,5583
629,5,-19,5,5583
633,10,-17,7,5588
637,14,-16,9,5588
641,18,-8,17,5597
645,21,-2,24,5597
649,20,-5,21,5598
653,18,-3,23,5598
657,17,-6,20,5606
661,14,-12,15,5606
665,9,-13,14,5595
669,6,-13,14,5595
673,6,-17,10,5585
677,4,-16,11,5585
681,2,-21,6,5571
685,3,-18,8,5571
689,8,-12,15,5569
693,11,-13,14,5569
697,12,-15,12,5556
701,13,-5,22,5556
705,15,-7,20,5541
709,15,-10,17,5541
713,12,-3,23,5541
717,12,-8,19,5541
721,10,-7,19,5550
725,9,-7,20,5550
729,7,-7,19,5538
733,6,-7,19,5538
737,6,-12,13,5533
741,8,-9,17,5533
745,8,-7,18,5529
749,7,-1,24,5529
753,8,-7,18,5528
757,9,-5,20,5528
761,9,-3,20,5520
765,10,3,27,5520
769,11,-1,22,5527
773,11,4,28,5527
777,11,4,27,5521
781,10,3,25,5521
785,7,6,28,5502
789,5,-2,18,5502
793,2,0,20,5515
797,0,3,22,5515
801,-4,-2,15,5544
805,-5,0,16,5544
809,-8,0,15,5560
813,-8,3,15,5560
817,-9,-6,3,5559
821,-10,-3,4,5559
825,-9,0,6,5595
829,-7,4,8,5595
833,-7,1,3,5596
837,-7,4,3,5596
841,-4,9,6,5596
845,-4,17,12,5596
849,-5,12,4,5586
853,-5,14,4,5586
857,-2,19,6,5591
861,-2,15,0,5591
865,-1,18,1,5599
869,1,22,2,5599
873,2,20,-1,5603
877,4,25,0,5603
881,5,28,2,5605
885,7,32,4,5605
889,9,31,1,5570
893,12,37,5,5570
897,16,43,10,5543
901,19,43,9,5543
905,21,49,14,5483
909,23,48,12,5483
913,24,59,23,5425
917,26,63,26,5425
921,27,61,23,5337
925,28,66,27,5337
929,30,72,32,5281
933,31,82,41,5281
937,31,85,43,5156
941,34,90,47,5156
945,22,88,42,5084
949,5,71,23,5084
953,0,64,15,5133
957,-20,43,-7,5133
961,-31,35,-17,5284
965,-40,22,-31,5284
969,-54,16,-37,5394
973,-52,9,-44,5394
977,-38,16,-38,5414
981,-38,11,-43,5414
985,-16,27,-27,5414
989,13,52,-2,5414
993,27,67,11,5383
997,34,76,19,5383
1001,35,87,29,5263
1005,43,96,37,5263
1009,32,88,29,5239
1013,19,76,17,5239
1017,10,74,13,5273
1021,9,71,10,5273
1025,3,63,2,5302
1029,-18,48,-13,5302
1033,-18,43,-18,5349
1037,-7,49,-11,5349
1041,-7,53,-8,5382
1045,-5,52,-10,5382
1049,7,60,-1,5335
1053,14,72,9,5335
1057,22,86,22,5292
1061,24,86,22,5292
1065,27,88,24,5296
1069,32,99,34,5296
1073,26,99,33,5285
1077,22,93,27,5285
1081,11,87,21,5264
1085,-1,72,6,5264
1089,2,77,10,5321
1093,-2,75,9,5321
1097,-4,68,2,5318
1101,-1,79,12,5318
1105,3,77,10,5328
1109,12,88,20,5328
1113,17,95,28,5310
1117,18,100,37,5310
1121,21,100,35,5274
1125,16,100,32,5274
1129,13,94,25,5260
1133,10,100,30,5260
1137,9,99,29,5253
1141,11,100,32,5253
1145,4,100,32,5239
1149,2,92,22,5239
1153,3,99,30,5219
1157,1,95,27,5219
1161,2,100,33,5238
1165,3,94,25,5238
1169,-4,93,24,5232
1173,1,100,33,5232
1177,2,100,31,5251
1181,3,100,36,5251
1185,3,100,39,5234
1189,7,100,33,5234
1193,12,100,44,5196
1197,8,100,44,5196
1201,7,100,47,5167
1205,10,100,53,5167
1209,9,100,55,5120
1213,9,100,57,5120
1217,4,100,49,5073
1221,4,100,51,5073
1225,1,100,50,5088
1229,-1,100,49,5088
1233,0,100,51,5081
1237,0,100,51,5081
1241,-5,100,53,5081
1245,-9,100,47,5081
1249,-10,100,44,5100
1253,-6,100,53,5100
1257,-6,100,51,5133
1261,-7,100,48,5133
1265,5,100,59,5128
1269,7,100,67,5128
1273,-1,100,58,5140
1277,-1,100,63,5140
1281,11,100,72,5170
1285,7,100,73,5170
1289,-1,100,69,5156
1293,1,100,61,5156
1297,4,100,68,5183
1301,4,100,66,5183
1305,-2,100,65,5192
1309,-2,100,68,5192
1313,3,100,76,5184
1317,2,100,71,5184
1321,-8,100,64,5201
1325,-9,100,65,5201
1329,5,100,79,5223
1333,5,100,75,5223
1337,1,100,75,5223
1341,8,100,84,5223
1345,16,100,94,5233
1349,13,100,93,5233
1353,12,100,88,5234
1357,15,100,94,5234
1361,12,100,93,5251
1365,15,100,98,5251
1369,10,100,95,5244
1373,7,100,82,5244
1377,9,100,87,5267
1381,12,100,92,5267
1385,10,100,93,5261
1389,10,100,95,5261
1393,15,100,100,5273
1397,16,100,100,5273
1401,20,100,100,5271
1405,23,100,100,5271
1409,23,100,100,5281
1413,23,100,100,5281
1417,24,100,100,5275
1421,21,100,100,5275
1425,24,100,100,5281
1429,23,100,100,5281
1433,18,100,100,5283
1437,20,100,100,5283
1441,23,100,100,5290
1445,23,100,100,5290
1449,25,100,100,5291
1453,27,100,100,5291
1457,35,100,100,5290
1461,46,100,100,5290
1465,49,100,100,5288
1469,42,100,100,5288
1473,47,100,100,5297
1477,59,100,100,5297
1481,56,100,100,5309
1485,45,100,100,5309
1489,50,100,100,5300
1493,54,100,100,5300
1497,50,100,100,5301
1501,46,100,100,5301
1505,46,100,100,5301
1509,56,100,100,5301
1513,55,100,100,5303
1517,51,100,100,5303
1521,56,100,100,5306
1525,63,100,100,5306
1529,65,100,100,5303
1533,68,100,100,5303
1537,75,100,100,5307
1541,80,100,100,5307
1545,76,100,100,5302
1549,72,100,100,5302
1553,74,100,100,5293
1557,83,100,100,5293
1561,90,100,100,5293
1565,85,100,100,5293
1569,87,100,100,5293
1573,90,100,100,5293
1577,86,100,100,5300
1581,92,100,100,5300
1585,101,100,100,5293
1589,97,100,100,5293
1593,108,100,100,5291
1597,113,100,100,5291
1601,117,100,100,5281
1605,124,100,100,5281
1609,129,100,100,5283
1613,128,100,100,5283
1617,141,100,100,5263
1621,137,100,100,5263
1625,133,100,100,5265
1629,137,100,100,5265
1633,153,100,100,5255
1637,157,100,100,5255
1641,155,100,100,5255
1645,172,100,100,5255
1649,186,100,100,5232
1653,171,100,100,5232
1657,189,100,100,5242
1661,194,100,100,5242
1665,192,100,100,5224
1669,207,100,100,5224
1673,220,100,100,5241
1677,234,100,100,5241
1681,225,100,100,5232
1685,238,100,100,5232
1689,249,100,100,5243
1693,259,100,100,5243
1697,287,100,100,5254
1701,319,100,100,5254
1705,367,100,100,5261
1709,383,100,100,5261
1713,387,100,100,5279
1717,394,100,100,5279
1721,407,100,100,5290
1725,392,100,100,5290
1729,381,100,100,5315
1733,385,100,100,5315
1737,396,100,100,5327
1741,401,100,100,5327
1745,411,100,100,5331
1749,426,100,100,5331
1753,437,100,100,5352
1757,442,100,100,5352
1761,478,100,100,5356
1765,478,100,100,5356
1769,498,100,100,5347
1773,498,100,100,5347
1777,498,100,100,5365
1781,498,100,100,5365
1785,498,100,100,5385
1789,498,100,100,5385
1793,498,100,100,5394
1797,498,100,100,5394
1801,498,100,100,5405
1805,498,100,100,5405
1809,498,100,100,5461
1813,498,100,100,5461
1817,498,100,100,5470
1821,350,100,100,5470
1825,-495,100,100,5435
1829,-495,100,100,5435
1833,-317,100,100,5451
1837,58,100,100,5451
1841,308,100,100,5437
1845,364,100,100,5437
1849,282,100,100,5449
1853,38,100,100,5449
1857,113,100,100,5432
1861,152,100,100,5432
1865,103,100,100,5445
1869,62,100,100,5445
1873,107,100,100,5448
1877,47,100,100,5448
1881,48,100,100,5457
1885,89,100,100,5457
1889,95,100,100,5453
1893,122,100,100,5453
1897,91,100,100,5453
1901,48,100,100,5453
1905,2,100,100,5472
1909,15,100,100,5472
1913,-33,100,100,5476
1917,-60,100,100,5476
1921,-148,100,100,5471
1925,-152,100,100,5471
1929,-118,100,100,5479
1933,-133,100,100,5479
1937,-142,100,100,5480
1941,-142,100,100,5480
1945,-75,100,100,5485
1949,-75,100,100,5485
1953,-106,100,100,5480
1957,-106,100,100,5480
1961,-281,100,100,5489
1965,-281,100,100,5489
1969,-226,100,100,5502
1973,-226,100,100,5502
1977,-179,100,100,5499
1981,-179,100,100,5499
1985,-180,100,100,5490
1989,-198,100,100,5490
1993,-169,100,100,5489
1997,-141,100,100,5489
2001,-163,100,100,5488
2005,-163,100,100,5488
2009,-180,100,100,5489
2013,-191,100,100,5489
2017,19,100,100,5498
2021,170,100,100,5498
2025,194,100,100,5498
2029,202,100,100,5498
2033,134,100,100,5494
2037,-33,100,100,5494
2041,-93,100,100,5496
2045,-159,100,100,5496
2049,-176,100,100,5489
2053,-156,100,100,5489
2057,-26,100,100,5498
2061,83,100,100,5498
2065,90,100,100,5492
2069,68,100,100,5492
2073,18,100,100,5489
2077,19,100,100,5489
2081,24,100,100,5493
2085,-15,100,100,5493
2089,-33,100,100,5498
2093,-68,100,100,5498
2097,-22,100,100,5497
2101,14,100,100,5497
2105,5,100,100,5504
2109,24,100,100,5504
2113,12,100,100,5508
2117,-7,100,100,5508
2121,-8,100,100,5499
2125,19,100,100,5499
2129,26,100,100,5500
2133,23,100,100,5500
2137,11,100,100,5508
2141,4,100,100,5508
2145,3,100,100,5504
2149,1,100,100,5504
2153,-5,100,100,5508
2157,2,100,100,5508
2161,22,100,100,5501
2165,24,100,100,5501
2169,37,100,100,5509
2173,11,100,100,5509
2177,3,100,100,5502
2181,3,100,100,5502
2185,-18,100,100,5499
2189,8,100,100,5499
2193,-11,100,100,5517
2197,-11,100,100,5517
2201,-4,100,100,5518
2205,-5,100,100,5518
2209,0,100,100,5509
2213,-8,100,100,5509
2217,-12,100,100,5518
2221,-7,100,100,5518
2225,-17,100,100,5510
2229,-9,100,100,5510
2233,-10,100,100,5517
2237,5,100,100,5517
2241,7,100,100,5510
2245,0,100,100,5510
2249,3,100,100,5518
2253,2,100,100,5518
2257,4,100,100,5528
2261,1,100,100,5528
2265,-3,100,100,5519
2269,-4,100,100,5519
2273,-3,100,100,5511
2277,-1,100,100,5511
2281,-1,100,100,5527
2285,-1,100,100,5527
2289,4,100,100,5519
2293,4,100,100,5519
2297,1,100,100,5527
2301,2,100,100,5527
2305,2,100,100,5524
2309,-1,100,100,5524
2313,0,100,100,5521
2317,-2,100,100,5521
2321,-2,100,100,5533
2325,0,100,100,5533
2329,-1,100,100,5519
2333,0,100,100,5519
2337,6,100,100,5526
2341,0,100,100,5526
2345,3,100,100,5519
2349,3,100,100,5519
2353,3,100,100,5525
2357,3,100,100,5525
2361,5,100,100,5519
2365,0,100,100,5519
2369,1,100,100,5537
2373,2,100,100,5537
2377,1,100,100,5519
2381,0,100,100,5519
2385,0,100,100,5519
2389,0,100,100,5519
2393,-1,100,100,5528
2397,-3,100,100,5528
2401,-3,100,100,5538
システムクロック時刻,ジャイロ角速度,左PWM,右PWM,電圧,カラーセンサの値,白193,黒18
1,0,-10,9,6935
5,0,-10,9,6935
9,0,-11,9,6639
13,-2,-12,7,6639
17,4,-8,11,6527
21,3,-9,10,6527
25,-1,-12,7,6423
29,0,-11,8,6423
33,0,-12,8,6308
37,-1,-13,7,6308
41,-1,-14,7,6232
45,1,-12,7,6232
49,-2,-15,5,6270
53,-2,-10,9,6270
57,-8,-21,-1,6259
61,-8,-22,-1,6259
65,-10,-24,-4,6288
69,-9,-24,-4,6288
73,-12,-27,-7,6297
77,-14,-29,-10,6297
81,-10,-32,-13,6305
85,-8,-30,-10,6305
89,-14,-39,-20,6343
93,-16,-40,-21,6343
97,-13,-37,-19,6277
101,-1,-33,-15,6277
105,1,-34,-16,6278
109,9,-30,-12,6278
113,12,-24,-7,6333
117,18,-20,-4,6333
121,15,-24,-8,6362
125,15,-24,-9,6362
129,17,-23,-8,6389
133,15,-20,-6,6389
137,14,-22,-8,6409
141,10,-30,-18,6409
145,9,-31,-19,6399
149,8,-27,-15,6399
153,8,-33,-22,6372
157,12,-30,-19,6372
161,14,-28,-18,6352
165,9,-35,-27,6352
169,19,-22,-14,6352
173,17,-32,-26,6352
177,22,-20,-15,6389
181,29,-18,-13,6389
185,20,-22,-18,6447
189,19,-30,-28,6447
193,27,-16,-15,6437
197,27,-23,-22,6437
201,31,-20,-21,6457
205,41,-8,-10,6457
209,45,-5,-8,6504
213,46,0,-2,6504
217,53,5,1,6560
221,57,13,9,6560
225,66,21,15,6456
229,69,24,19,6456
233,56,21,15,6247
237,55,25,19,6247
241,49,25,19,5879
245,37,18,12,5879
249,35,24,18,5746
253,30,26,20,5746
257,21,18,11,5659
261,16,18,11,5659
265,10,16,9,5650
269,-1,8,1,5650
273,-1,9,2,5631
277,-10,1,-4,5631
281,-10,0,-5,5648
285,-14,-3,-9,5648
289,-16,5,0,5761
293,-9,8,1,5761
297,-4,10,3,5780
301,4,16,8,5780
305,6,18,9,5761
309,5,17,8,5761
313,3,20,11,5751
317,1,17,8,5751
321,-2,13,4,5751
325,-2,17,8,5751
329,-6,11,2,5789
333,0,13,5,5789
337,2,14,5,5770
341,6,21,13,5770
345,10,23,15,5760
349,13,25,17,5760
353,15,32,23,5723
357,15,36,27,5723
361,14,34,25,5675
365,11,29,20,5675
369,10,33,24,5618
373,9,35,27,5618
377,10,39,30,5552
381,5,36,28,5552
385,3,31,22,5494
389,4,40,31,5494
393,4,35,25,5493
397,2,35,25,5493
401,-1,39,29,5457
405,-21,21,10,5457
409,-21,19,7,5467
413,-39,0,-10,5467
417,-39,2,-8,5627
421,-49,-10,-20,5627
425,-49,-15,-24,5662
429,-41,-13,-20,5662
433,-41,-16,-23,5626
437,-34,-13,-19,5626
441,-29,-17,-22,5617
445,-13,-3,-8,5617
449,6,13,8,5617
453,11,14,9,5617
457,16,16,10,5692
461,25,23,17,5692
465,31,34,27,5692
469,32,34,27,5692
473,39,40,33,5663
477,41,42,35,5663
481,32,35,28,5626
485,23,28,21,5626
489,16,27,19,5627
493,11,27,18,5627
497,14,27,17,5616
501,8,25,16,5616
505,2,17,7,5617
509,1,13,3,5617
513,0,9,0,5626
517,1,13,3,5626
521,7,21,11,5663
525,13,24,14,5663
529,19,33,23,5626
533,20,32,22,5626
537,24,34,24,5560
541,28,43,32,5560
545,31,45,34,5501
549,25,45,34,5501
553,20,45,34,5416
557,17,39,28,5416
561,13,39,28,5370
565,5,39,29,5370
569,2,31,21,5360
573,0,30,20,5360
577,-5,25,16,5389
581,-8,22,13,5389
585,-12,24,15,5425
589,-11,23,14,5425
593,-11,21,12,5444
597,-11,26,17,5444
601,-5,29,20,5464
605,-3,35,26,5464
609,-1,34,27,5405
613,1,40,33,5405
617,2,39,31,5349
621,0,41,34,5349
625,-5,34,26,5302
629,-4,44,37,5302
633,-6,37,31,5302
637,-12,33,27,5302
641,-16,30,25,5303
645,-23,23,19,5303
649,-23,21,19,5369
653,-28,10,8,5369
657,-28,15,14,5444
661,-30,12,11,5444
665,-30,10,10,5480
669,-27,11,11,5480
673,-24,12,12,5529
677,-19,21,22,5529
681,-16,17,17,5509
685,-11,21,22,5509
689,-11,21,23,5500
693,-13,19,21,5500
697,-13,24,27,5490
701,-18,18,21,5490
705,-19,15,18,5481
709,-23,9,13,5481
713,-25,5,10,5529
717,-25,3,9,5529
721,-24,7,14,5585
725,-22,0,8,5585
729,-23,3,12,5595
733,-22,-3,5,5595
737,-21,-3,5,5624
741,-16,0,10,5624
745,-10,-1,9,5634
749,-3,6,17,5634
753,4,13,24,5634
757,9,19,30,5634
761,12,24,35,5595
765,12,20,31,5595
769,14,19,30,5559
773,17,20,30,5559
777,16,23,33,5559
781,15,21,30,5559
785,13,23,32,5549
789,10,24,32,5549
793,7,18,25,5539
797,5,13,20,5539
801,5,17,24,5549
805,6,15,21,5549
809,6,18,24,5566
813,7,17,21,5566
817,11,18,22,5558
821,12,18,21,5558
825,19,29,31,5559
829,23,26,28,5559
833,23,39,40,5520
837,24,32,33,5520
841,24,39,39,5454
845,24,39,37,5454
849,20,41,39,5415
853,16,41,39,5415
857,14,38,34,5359
861,10,32,28,5359
865,6,32,28,5369
869,3,32,27,5369
873,1,27,21,5397
877,3,32,25,5397
881,0,25,17,5414
885,1,35,27,5414
889,3,33,23,5413
893,3,35,25,5413
897,6,40,29,5387
901,7,43,32,5387
905,9,47,36,5319
909,8,41,30,5319
913,3,46,33,5273
917,-1,42,29,5273
921,-3,40,27,5273
925,-6,37,24,5273
929,-6,37,22,5301
933,-8,41,26,5301
937,-11,36,21,5311
941,-9,36,21,5311
945,-8,36,20,5328
949,-10,33,17,5328
953,-9,44,29,5338
957,-9,41,26,5338
961,-8,40,24,5291
965,-9,36,21,5291
969,-10,40,24,5301
973,-10,37,21,5301
977,-13,31,16,5300
981,-13,41,25,5300
985,-17,33,17,5317
989,-17,29,13,5317
993,-15,33,18,5347
997,-16,28,13,5347
1001,-17,36,21,5376
1005,-18,29,15,5376
1009,-14,34,21,5386
1013,-14,29,16,5386
1017,-17,29,16,5396
1021,-16,25,12,5396
1025,-14,29,16,5432
1029,-15,30,17,5432
1033,-17,29,16,5442
1037,-20,21,9,5442
1041,-20,22,10,5472
1045,-19,18,6,5472
1049,-19,19,8,5508
1053,-18,21,10,5508
1057,-18,16,6,5527
1061,-11,18,9,5527
1065,-10,21,12,5547
1069,-8,26,17,5547
1073,-6,23,15,5537
1077,-1,30,22,5537
1081,-4,25,17,5528
1085,-7,25,17,5528
1089,-4,24,17,5519
1093,-2,23,16,5519
1097,-2,26,20,5538
1101,-7,18,13,5538
1105,-7,16,10,5538
1109,-3,22,18,5538
1113,-3,19,15,5565
1117,-3,16,13,5565
1121,-3,15,12,5565
1125,-3,18,17,5565
1129,-3,16,15,5575
1133,-7,15,15,5575
1137,-1,17,18,5565
1141,4,13,15,5565
1145,-1,14,17,5565
1149,1,14,18,5565
1153,7,18,22,5575
1157,5,16,20,5575
1161,5,16,20,5557
1165,12,22,25,5557
1169,10,20,24,5558
1173,10,20,25,5558
1177,14,23,29,5538
1181,9,25,31,5538
1185,7,22,29,5509
1189,8,16,23,5509
1193,4,13,21,5519
1197,0,9,18,5519
1201,1,15,24,5548
1205,6,12,22,5548
1209,8,20,30,5548
1213,10,21,31,5548
1217,15,26,36,5519
1221,17,27,39,5519
1225,19,30,42,5472
1229,20,32,43,5472
1233,16,29,41,5414
1237,14,27,40,5414
1241,13,27,39,5397
1245,6,21,33,5397
1249,2,17,29,5414
1253,2,16,29,5414
1257,7,20,32,5472
1261,3,16,29,5472
1265,0,13,26,5462
1269,6,17,32,5462
1273,12,29,44,5472
1277,11,21,36,5472
1281,9,26,42,5396
1285,12,29,44,5396
1289,14,30,46,5376
1293,12,35,50,5376
1297,8,31,46,5318
1301,7,29,43,5318
1305,9,30,44,5311
1309,5,31,46,5311
1313,1,25,41,5318
1317,-1,27,43,5318
1321,-2,23,39,5328
1325,-1,21,38,5328
1329,-4,23,39,5347
1333,-4,26,42,5347
1337,-4,28,45,5347
1341,-4,24,40,5347
1345,-6,25,41,5318
1349,-2,25,41,5318
1353,3,33,48,5327
1357,2,29,44,5327
1361,0,30,46,5300
1365,2,35,50,5300
1369,1,31,45,5280
1373,0,33,47,5280
1377,-8,28,41,5271
1381,-8,24,35,5271
1385,-8,32,42,5318
1389,-8,33,43,5318
1393,-13,23,32,5289
1397,-15,22,31,5289
1401,-12,25,34,5356
1405,-13,25,33,5356
1409,-13,25,32,5375
1413,-9,30,36,5375
1417,-6,33,38,5385
1421,-6,34,37,5385
1425,-4,31,34,5346
1429,-3,34,36,5346
1433,-2,43,43,5346
1437,-7,32,32,5346
1441,-9,32,31,5310
1445,-6,35,34,5310
1449,-9,33,31,5356
1453,-21,28,25,5356
1457,-21,26,23,5376
1461,-16,23,20,5376
1465,-16,22,19,5432
1469,-17,21,17,5432
1473,-17,27,22,5471
1477,-7,29,24,5471
1481,-7,31,24,5461
1485,-1,37,29,5461
1489,0,45,37,5431
1493,0,39,30,5431
1497,0,41,31,5366
1501,-3,33,23,5366
1505,-5,38,28,5396
1509,-12,32,22,5396
1513,-12,31,20,5403
1517,-14,29,17,5403
1521,-15,27,15,5451
1525,-12,24,11,5451
1529,-12,30,17,5479
1533,-8,34,19,5479
1537,1,36,21,5478
1541,0,36,22,5478
1545,-1,37,22,5451
1549,-2,37,22,5451
1553,1,41,25,5442
1557,3,38,21,5442
1561,2,45,28,5423
1565,-2,36,19,5423
1569,-9,37,19,5403
1573,-7,33,14,5403
1577,-4,30,11,5442
1581,-5,37,17,5442
1585,-5,31,12,5461
1589,-5,33,13,5461
1593,-2,36,16,5471
1597,1,40,20,5471
1601,2,37,16,5461
1605,7,38,16,5461
1609,9,49,27,5442
1613,5,42,19,5442
1617,3,43,19,5396
1621,4,40,16,5396
1625,5,44,19,5403
1629,2,49,25,5403
1633,0,42,17,5395
1637,0,44,18,5395
1641,0,39,13,5403
1645,0,41,15,5403
1649,5,48,21,5413
1653,4,42,16,5413
1657,4,45,19,5385
1661,1,39,12,5385
1665,1,41,15,5395
1669,7,49,22,5395
1673,3,47,21,5385
1677,1,41,15,5385
1681,0,42,16,5366
1685,3,47,21,5366
1689,5,44,18,5385
1693,1,43,17,5385
1697,4,48,22,5366
1701,8,53,28,5366
1705,3,45,19,5346
1709,-2,42,16,5346
1713,7,46,20,5366
1717,7,49,24,5366
1721,1,40,15,5356
1725,0,42,16,5356
1729,5,48,23,5385
1733,4,49,25,5385
1737,0,47,23,5337
1741,1,49,26,5337
1745,-2,47,24,5337
1749,1,38,16,5337
1753,1,41,19,5347
1757,0,42,20,5347
1761,2,45,24,5385
1765,5,49,29,5385
1769,6,52,32,5346
1773,1,43,22,5346
1777,2,46,26,5337
1781,6,51,31,5337
1785,0,47,27,5336
1789,-5,43,24,5336
1793,0,47,29,5356
1797,-2,46,28,5356
1801,-1,41,24,5336
1805,-2,47,31,5336
1809,-7,35,21,5355
1813,-2,46,33,5355
1817,2,43,31,5365
1821,-6,42,32,5365
1825,-11,24,15,5346
1829,2,42,35,5346
1833,2,42,37,5411
1837,0,40,36,5411
1841,-5,36,33,5336
1845,6,45,44,5336
1849,10,49,50,5336
1853,5,45,47,5336
1857,0,40,45,5241
1861,0,33,41,5241
1865,-6,27,37,5271
1869,-5,33,46,5271
1873,-18,19,34,5316
1877,-18,15,33,5316
1881,-22,9,29,5365
1885,-18,16,38,5365
1889,-21,9,33,5411
1893,-22,0,25,5411
1897,-13,6,33,5402
1901,-13,10,40,5402
1905,-5,9,41,5431
1909,0,14,47,5431
1913,3,18,51,5375
1917,6,15,50,5375
1921,9,20,55,5317
1925,7,20,57,5317
1929,5,14,51,5290
1933,6,17,54,5290
1937,8,15,53,5290
1941,4,14,52,5290
1945,-1,5,43,5280
1949,4,12,51,5280
1953,4,14,53,5309
1957,8,8,47,5309
1961,9,14,52,5309
1965,9,17,56,5309
1969,18,17,55,5316
1973,21,26,64,5316
1977,24,34,72,5316
1981,26,34,72,5316
1985,23,30,68,5326
1989,26,32,70,5326
1993,23,35,73,5326
1997,20,31,69,5326
2001,12,29,66,5317
2005,8,23,59,5317
2009,8,20,57,5336
2013,10,21,57,5336
2017,7,22,58,5365
2021,7,26,62,5365
2025,12,28,63,5335
2029,18,32,67,5335
2033,20,40,74,5326
2037,17,41,75,5326
2041,19,42,74,5289
2045,20,47,79,5289
2049,22,48,79,5250
2053,15,46,76,5250
2057,8,43,73,5223
2061,8,46,75,5223
2065,9,43,70,5231
2069,4,41,68,5231
2073,1,41,66,5223
2077,2,44,68,5223
2081,4,48,70,5213
2085,1,40,62,5213
2089,0,42,63,5194
2093,0,44,64,5194
2097,-2,43,62,5193
2101,-2,45,63,5193
2105,-2,52,69,5174
2109,-1,53,69,5174
2113,0,54,69,5137
2117,-2,52,67,5137
2121,-1,54,67,5118
2125,0,61,74,5118
2129,-10,51,62,5108
2133,-13,46,57,5108
2137,-16,47,57,5184
2141,-16,44,53,5184
2145,-21,43,51,5213
2149,-21,40,47,5213
2153,-21,43,49,5239
2157,-22,38,44,5239
2161,-18,45,50,5249
2165,-14,46,49,5249
2169,-10,53,57,5222
2173,-7,60,62,5222
2177,-5,59,60,5183
2181,-5,63,63,5183
2185,-7,58,57,5174
2189,-18,52,49,5174
2193,-18,53,50,5213
2197,-21,52,48,5213
2201,-23,44,40,5259
2205,-33,36,31,5259
2209,-31,37,32,5316
2213,-27,35,30,5316
2217,-31,27,21,5373
2221,-31,28,22,5373
2225,-31,29,22,5430
2229,-22,39,31,5430
2233,-31,32,23,5429
2237,-19,37,28,5429
2241,-10,42,32,5430
2245,-11,44,35,5430
2249,-14,39,29,5393
2253,-9,46,36,5393
2257,-8,50,39,5384
2261,-13,48,37,5384
2265,-12,45,33,5326
2269,-16,38,26,5326
2273,-19,37,25,5375
2277,-14,37,25,5375
2281,-22,32,20,5411
2285,-25,31,19,5411
2289,-20,25,12,5450
2293,-21,27,14,5450
2297,-21,23,11,5487
2301,-21,26,14,5487
2305,-13,35,23,5516
2309,-12,27,14,5516
2313,-14,29,17,5497
2317,-1,38,26,5497
2321,-2,42,30,5497
2325,-8,28,16,5497
2329,-1,34,22,5461
2333,0,40,28,5461
2337,-1,38,26,5469
2341,-8,31,18,5469
2345,-8,29,17,5471
2349,-4,31,19,5471
2353,-8,27,15,5497
2357,-14,20,9,5497
2361,-13,20,8,5517
2365,-9,22,11,5517
2369,-9,22,10,5545
2373,-11,20,8,5545
2377,-12,12,0,5556
2381,-2,21,10,5556
2385,3,27,15,5563
2389,3,23,11,5563
2393,-5,18,6,5564
2397,7,24,12,5564
2401,16,35,23,5563
2405,13,36,23,5563
2409,12,32,19,5546
2413,15,26,14,5546
2417,21,37,24,5537
2421,20,41,28,5537
2425,14,29,15,5517
2429,17,37,23,5517
2433,24,41,28,5517
2437,20,37,24,5517
2441,21,38,25,5478
2445,24,35,21,5478
2449,29,47,33,5479
2453,28,41,28,5479
2457,24,45,32,5432
2461,25,40,28,5432
2465,25,47,36,5413
2469,20,37,26,5413
2473,16,40,30,5395
2477,16,39,30,5395
2481,18,41,32,5395
2485,16,39,30,5395
2489,10,33,25,5365
2493,17,39,31,5365
2497,20,47,41,5395
2501,19,40,34,5395
2505,20,42,36,5309
2509,19,48,43,5309
2513,23,52,47,5279
2517,20,49,45,5279
2521,13,48,46,5195
2525,10,43,42,5195
2529,11,42,42,5185
2533,4,34,35,5185
2537,-2,32,34,5214
2541,-1,30,33,5214
2545,3,37,41,5270
2549,3,39,45,5270
2553,-5,29,35,5213
2557,4,39,47,5213
2561,2,33,43,5223
2565,0,35,45,5223
2569,1,38,50,5183
2573,5,37,50,5183
2577,2,44,57,5147
2581,-4,33,47,5147
2585,-9,30,45,5094
2589,-6,33,49,5094
2593,-15,24,41,5158
2597,-16,22,41,5158
2601,-16,15,35,5194
2605,-15,22,43,5194
2609,-17,18,42,5249
2613,-17,17,41,5249
2617,-13,13,39,5225
2621,-13,20,46,5225
2625,-11,21,48,5242
2629,-13,18,46,5242
2633,-17,7,36,5222
2637,-17,13,43,5222
2641,-16,18,49,5287
2645,-19,7,38,5287
2649,-20,4,37,5281
2653,-20,3,36,5281
2657,-18,3,37,5347
2661,-18,2,37,5347
2665,-18,8,42,5358
2669,-18,0,34,5358
2673,-15,2,36,5336
2677,-17,6,40,5336
2681,-18,-2,31,5392
2685,-18,-2,31,5392
2689,-11,-3,32,5361
2693,-13,-4,31,5361
2697,-8,1,37,5340
2701,1,5,40,5340
2705,0,6,42,5374
2709,0,3,38,5374
2713,7,6,41,5382
2717,13,10,44,5382
2721,11,14,47,5383
2725,10,11,44,5383
2729,12,12,44,5346
2733,13,18,50,5346
2737,11,15,46,5357
2741,13,15,46,5357
2745,14,16,45,5355
2749,11,13,42,5355
2753,11,13,40,5373
2757,11,19,45,5373
2761,12,19,44,5384
2765,9,16,40,5384
2769,8,14,38,5375
2773,9,15,37,5375
2777,9,15,36,5399
2781,9,15,35,5399
2785,12,19,37,5413
2789,7,15,32,5413
2793,8,23,37,5405
2797,8,23,35,5405
2801,9,24,34,5395
2805,6,27,36,5395
2809,9,29,36,5391
2813,11,31,36,5391
2817,7,21,25,5346
2821,10,31,34,5346
2825,9,30,31,5393
2829,4,32,31,5393
2833,5,32,29,5346
2837,6,26,22,5346
2841,4,31,25,5364
2845,3,30,22,5364
2849,1,33,25,5367
2853,2,33,23,5367
2857,1,37,25,5349
2861,2,37,23,5349
2865,-2,32,17,5325
2869,-7,31,16,5325
2873,-6,30,13,5336
2877,-4,29,12,5336
2881,-6,32,13,5364
2885,-9,27,7,5364
2889,-8,31,11,5364
2893,-4,32,11,5364
2897,1,35,13,5374
2901,0,33,10,5374
2905,1,38,16,5336
2909,1,36,14,5336
2913,1,41,18,5326
2917,1,39,15,5326
2921,1,37,13,5299
2925,-2,39,14,5299
2929,-7,31,7,5309
2933,-10,26,1,5309
2937,-7,32,7,5346
2941,-8,34,9,5346
2945,-7,31,7,5346
2949,-2,33,8,5346
2953,-1,32,7,5346
2957,2,33,9,5346
2961,3,39,15,5346
2965,3,37,13,5346
2969,4,37,12,5330
2973,3,40,16,5330
2977,2,38,13,5327
2981,-2,32,8,5327
2985,-3,35,11,5328
2989,-2,34,9,5328
2993,-6,28,3,5336
2997,-9,23,-1,5336
3001,-5,25,0,5383
3005,-6,28,4,5383
3009,-6,20,-4,5396
3013,1,31,7,5396
3017,3,32,7,5418
3021,4,26,2,5418
3025,6,34,11,5394
3029,9,37,12,5394
3033,11,39,14,5387
3037,14,36,11,5387
3041,10,40,15,5357
3045,9,39,14,5357
3049,11,35,10,5355
3053,10,36,10,5355
3057,9,36,10,5375
3061,8,36,9,5375
3065,9,38,11,5384
3069,10,39,12,5384
3073,7,31,4,5380
3077,10,36,9,5380
3081,13,34,7,5394
3085,14,44,16,5394
3089,9,40,13,5375
3093,10,36,9,5375
3097,16,44,16,5368
3101,15,45,17,5368
3105,15,41,13,5350
3109,13,42,13,5350
3113,15,40,11,5348
3117,17,45,16,5348
3121,15,52,23,5346
3125,17,49,19,5346
3129,13,48,18,5297
3133,11,48,18,5297
3137,12,44,14,5298
3141,10,44,14,5298
3145,10,47,15,5313
3149,6,50,19,5313
3153,6,50,19,5279
3157,13,51,19,5279
3161,14,53,22,5279
3165,10,51,20,5279
3169,12,54,23,5264
3173,14,56,26,5264
3177,16,59,30,5254
3181,11,55,26,5254
3185,6,57,29,5235
3189,5,54,27,5235
3193,1,49,23,5232
3197,-2,51,26,5232
3201,-4,46,22,5249
3205,-5,42,20,5249
3209,-7,38,17,5267
3213,-13,35,16,5267
3217,-16,28,11,5317
3221,-12,34,19,5317
3225,-12,29,17,5351
3229,-9,28,18,5351
3233,-7,33,24,5355
3237,-2,34,28,5355
3241,3,41,38,5340
3245,1,42,41,5340
3249,-1,37,38,5253
3253,3,43,46,5253
3257,0,42,47,5231
3261,1,33,39,5231
3265,-4,31,40,5195
3269,-4,33,44,5195
3273,-7,31,44,5221
3277,-12,21,36,5221
3281,-12,22,39,5230
3285,-15,19,38,5230
3289,-20,14,35,5251
3293,-22,11,34,5251
3297,-27,0,24,5297
3301,-24,1,29,5297
3305,-21,3,33,5317
3309,-27,-2,28,5317
3313,-25,-8,25,5326
3317,-12,-2,33,5326
3321,-12,5,42,5323
3325,-8,3,41,5323
3329,6,12,51,5306
3333,10,14,54,5306
3337,4,13,54,5241
3341,2,9,49,5241
3345,1,11,53,5217
3349,1,2,44,5217
3353,1,6,49,5232
3357,-2,1,44,5232
3361,-1,-6,37,5241
3365,-1,0,42,5241
3369,-4,1,44,5275
3373,1,-2,40,5275
3377,2,3,47,5272
3381,5,-1,42,5272
3385,12,12,55,5278
3389,17,16,59,5278
3393,22,15,58,5260
3397,28,29,72,5260
3401,29,31,74,5272
3405,36,45,88,5272
3409,30,34,76,5260
3413,23,29,71,5260
3417,15,22,64,5299
3421,8,22,63,5299
3425,4,16,57,5340
3429,2,13,54,5340
3433,-10,0,41,5354
3437,-10,-1,39,5354
3441,-7,4,45,5428
3445,-4,0,40,5428
3449,1,3,43,5431
3453,10,11,51,5431
3457,18,25,65,5418
3461,25,32,71,5418
3465,31,35,73,5309
3469,36,42,80,5309
3473,36,45,84,5268
3477,32,44,82,5268
3481,30,45,83,5224
3485,21,39,75,5224
3489,15,35,70,5206
3493,8,35,70,5206
3497,4,29,63,5231
3501,1,32,65,5231
3505,-7,22,54,5213
3509,-7,19,51,5213
3513,-10,14,44,5279
3517,-10,18,48,5279
3521,-6,19,48,5317
3525,-1,28,56,5317
3529,4,31,57,5284
3533,7,39,64,5284
3537,11,43,67,5184
3541,11,42,64,5184
3545,13,50,72,5146
3549,12,54,74,5146
3553,8,49,68,5087
3557,5,51,68,5087
3561,-1,48,65,5070
3565,-1,51,66,5070
3569,-5,49,63,5066
3573,-10,46,58,5066
3577,-19,38,48,5061
3581,-23,34,42,5061
3585,-27,23,29,5141
3589,-28,23,26,5141
3593,-34,18,18,5260
3597,-33,24,23,5260
3601,-33,23,19,5317
3605,-21,33,28,5317
3609,-17,30,24,5311
3613,-3,44,37,5311
3617,1,56,49,5269
3621,4,60,52,5269
3625,7,66,57,5121
3629,8,74,65,5121
3633,3,63,54,5083
3637,-2,66,56,5083
3641,-9,57,47,5135
3645,-18,53,42,5135
3649,-31,31,19,5174
3653,-32,33,21,5174
3657,-35,26,13,5315
3661,-44,21,7,5315
3665,-44,10,-4,5383
3669,-39,18,2,5383
3673,-39,8,-7,5420
3677,-29,22,5,5420
3681,-16,31,14,5430
3685,0,45,28,5430
3689,3,44,25,5410
3693,8,51,31,5410
3697,15,54,34,5360
3701,15,64,43,5360
3705,13,58,37,5307
3709,8,56,35,5307
3713,6,50,29,5288
3717,5,52,30,5288
3721,0,43,21,5304
3725,-2,44,22,5304
3729,-8,40,17,5316
3733,-7,42,19,5316
3737,-7,37,13,5341
3741,-5,40,17,5341
3745,4,38,14,5355
3749,8,46,22,5355
3753,7,49,25,5343
3757,18,57,32,5343
3761,18,56,31,5292
3765,20,63,38,5292
3769,18,66,41,5274
3773,15,54,30,5274
3777,15,60,35,5269
3781,6,56,31,5269
3785,2,55,29,5273
3789,-1,48,22,5273
3793,-2,43,18,5283
3797,-6,43,17,5283
3801,-4,40,14,5325
3805,-2,39,13,5325
3809,2,47,20,5339
3813,9,50,24,5339
3817,16,62,35,5302
3821,20,70,43,5302
3825,15,70,44,5228
3829,19,71,44,5228
3833,20,71,43,5193
3837,12,68,40,5193
3841,7,66,39,5181
3845,3,65,37,5181
3849,1,58,31,5181
3853,-6,47,20,5181
3857,-9,46,19,5250
3861,-9,47,21,5250
3865,-9,48,22,5292
3869,-8,50,24,5292
3873,-12,47,21,5286
3877,-11,42,16,5286
3881,3,56,30,5297
3885,3,58,33,5297
3889,1,59,33,5230
3893,1,60,35,5230
3897,10,70,45,5211
3901,8,63,39,5211
3905,3,61,37,5174
3909,3,62,40,5174
3913,3,63,41,5195
3917,-8,53,31,5195
3921,-8,53,31,5184
3925,-11,50,29,5184
3929,-17,42,23,5222
3933,-17,47,28,5222
3937,-12,43,25,5268
3941,-11,44,26,5268
3945,-8,46,29,5278
3949,-6,48,31,5278
3953,-6,48,32,5250
3957,0,60,44,5250
3961,-1,58,43,5213
3965,-4,48,34,5213
3969,-5,53,40,5184
3973,-5,52,40,5184
3977,-10,46,35,5187
3981,-15,39,30,5187
3985,-14,44,35,5223
3989,-12,43,35,5223
3993,-19,40,33,5241
3997,-23,33,26,5241
4001,-15,30,24,5278
4005,-16,34,30,5278
4009,-16,31,28,5316
4013,-13,31,30,5316
4017,-16,33,32,5325
4021,-16,23,24,5325
4025,-13,24,27,5335
4029,-17,25,29,5335
4033,-25,15,20,5354
4037,-18,19,24,5354
4041,-19,15,22,5395
4045,-24,14,22,5395
4049,-23,12,21,5420
4053,-17,8,19,5420
4057,-17,13,24,5456
4061,-14,13,26,5456
4065,-11,8,23,5441
4069,-12,12,29,5441
4073,-9,8,25,5460
4077,0,23,39,5460
4081,0,17,34,5443
4085,-7,17,35,5443
4089,2,18,37,5430
4093,3,20,39,5430
4097,1,19,39,5401
4101,-7,6,27,5401
4105,-6,13,35,5407
4109,-9,4,27,5407
4113,-9,4,27,5439
4117,-18,-3,20,5439
4121,-18,-9,14,5460
4125,-17,-8,15,5460
4129,-15,-12,12,5459
4133,-12,-8,16,5459
4137,-7,-8,16,5466
4141,2,2,27,5466
4145,11,1,27,5469
4149,18,7,33,5469
4153,21,16,42,5467
4157,28,16,42,5467
4161,30,20,45,5413
4165,33,30,55,5413
4169,31,24,48,5371
4173,27,22,46,5371
4177,23,20,44,5347
4181,18,16,40,5347
4185,14,13,37,5364
4189,8,2,25,5364
4193,4,5,28,5397
4197,3,-1,19,5397
4201,0,2,22,5450
4205,2,-2,17,5450
4209,7,3,21,5467
4213,17,13,31,5467
4217,28,20,36,5452
4221,30,26,41,5452
4225,33,27,41,5397
4229,37,41,54,5397
4233,38,40,52,5334
4237,35,42,53,5334
4241,30,36,45,5241
4245,22,33,41,5241
4249,17,31,37,5261
4253,12,34,40,5261
4257,7,24,28,5279
4261,7,19,22,5279
4265,7,27,28,5332
4269,7,28,28,5332
4273,6,28,27,5326
4277,11,34,31,5326
4281,15,39,34,5309
4285,16,42,36,5309
4289,16,44,36,5258
4293,18,47,38,5258
4297,18,49,39,5199
4301,16,55,44,5199
4305,12,46,34,5134
4309,10,51,38,5134
4313,6,47,33,5129
4317,4,50,36,5129
4321,-2,49,34,5122
4325,-3,45,29,5122
4329,-8,38,21,5098
4333,-11,38,21,5098
4337,-10,41,24,5181
4341,-9,38,20,5181
4345,-11,39,21,5180
4349,-15,31,12,5180
4353,-13,35,16,5203
4357,-7,43,23,5203
4361,-7,46,25,5219
4365,-10,38,18,5219
4369,-8,49,28,5174
4373,-7,44,23,5174
4377,-8,39,18,5146
4381,-11,45,23,5146
4385,-11,39,17,5183
4389,-11,41,18,5183
4393,-13,40,17,5214
4397,-18,36,13,5214
4401,-18,35,12,5222
4405,-20,33,10,5222
4409,-20,26,4,5262
4413,-19,28,5,5262
4417,-24,29,7,5307
4421,-24,21,0,5307
4425,-18,27,5,5339
4429,-18,27,5,5339
4433,-13,25,4,5371
4437,-13,26,5,5371
4441,-12,29,7,5384
4445,-12,23,2,5384
4449,-6,31,9,5402
4453,-2,30,9,5402
4457,1,37,15,5368
4461,6,38,16,5368
4465,7,43,20,5368
4469,6,39,17,5368
4473,10,41,18,5354
4477,12,47,24,5354
4481,8,35,13,5335
4485,9,42,19,5335
4489,8,39,16,5352
4493,3,39,16,5352
4497,2,35,12,5359
4501,6,36,14,5359
4505,4,33,11,5371
4509,6,33,12,5371
4513,9,35,14,5384
4517,8,39,19,5384
4521,11,41,21,5375
4525,12,34,16,5375
4529,15,43,25,5364
4533,13,41,23,5364
4537,10,37,21,5343
4541,12,39,23,5343
4545,14,40,25,5354
4549,11,43,29,5354
4553,7,32,18,5308
4557,8,38,26,5308
4561,9,37,26,5338
4565,6,33,23,5338
4569,7,32,24,5326
4573,8,32,25,5326
4577,2,31,26,5339
4581,2,29,25,5339
4585,9,33,31,5344
4589,4,32,32,5344
4593,3,29,31,5308
4597,7,24,27,5308
4601,10,32,37,5316
4605,5,32,39,5316
4609,2,26,35,5289
4613,7,28,38,5289
4617,5,31,42,5286
4621,2,19,31,5286
4625,2,24,37,5262
4629,1,27,41,5262
4633,0,22,38,5278
4637,-2,23,41,5278
4641,-4,17,37,5258
4645,-4,19,41,5258
4649,-4,15,38,5259
4653,-8,8,32,5259
4657,-7,11,37,5288
4661,-12,9,35,5288
4665,-12,4,31,5299
4669,-8,10,38,5299
4673,-8,5,35,5321
4677,-7,8,40,5321
4681,-7,3,37,5298
4685,-1,12,46,5298
4689,0,15,51,5278
4693,5,16,52,5278
4697,9,17,54,5222
4701,5,18,55,5222
4705,3,19,57,5179
4709,-1,11,50,5179
4713,-8,7,46,5184
4717,-11,0,39,5184
4721,-12,-5,34,5240
4725,-16,-7,33,5240
4729,-16,-5,35,5299
4733,-12,-7,35,5299
4737,-11,-3,38,5281
4741,-3,0,42,5281
4745,6,5,47,5279
4749,10,8,50,5279
4753,15,18,60,5249
4757,19,14,56,5249
4761,19,21,64,5230
4765,22,24,66,5230
4769,23,31,73,5216
4773,17,18,60,5216
4777,15,23,65,5229
4781,11,17,59,5229
4785,6,12,53,5240
4789,0,11,52,5240
4793,-3,5,46,5279
4797,-10,2,43,5279
4801,-16,-13,27,5319
4805,-15,-8,31,5319
4809,-11,-8,31,5401
4813,-2,-2,37,5401
4817,9,7,46,5397
4821,17,14,53,5397
4825,22,27,65,5315
4829,26,31,68,5315
4833,32,32,69,5269
4837,36,38,75,5269
4841,32,44,79,5248
4845,29,42,77,5248
4849,22,31,65,5210
4853,15,25,59,5210
4857,8,25,58,5278
4861,2,19,50,5278
4865,0,22,52,5301
4869,-4,17,45,5301
4873,-4,9,36,5324
4877,3,21,47,5324
4881,5,22,47,5348
4885,6,29,52,5348
4889,12,34,56,5288
4893,21,36,57,5288
4897,24,49,67,5205
4901,21,47,64,5205
4905,24,58,74,5133
4909,18,52,66,5133
4913,16,58,70,5052
4917,10,57,68,5052
4921,1,39,49,5003
4925,-4,40,48,5003
4929,-9,37,43,5112
4933,-6,43,47,5112
4937,-12,40,42,5125
4941,-12,35,35,5125
4945,-5,45,42,5136
4949,-4,49,44,5136
4953,-8,48,41,5095
4957,-8,50,40,5095
4961,-2,52,40,5069
4965,-2,55,41,5069
4969,-2,58,43,5043
4973,-4,65,48,5043
4977,-4,58,41,5032
4981,-6,57,39,5032
4985,-4,60,41,5068
4989,-7,64,45,5068
4993,-13,58,37,5069
4997,-13,50,29,5069
5001,-17,53,31,5109
5005,-18,50,28,5109
5009,-16,57,33,5150
5013,-14,50,26,5150
5017,-26,44,20,5135
5021,-26,41,17,5135
5025,-13,50,26,5220
5029,-13,56,31,5220
5033,-13,54,29,5182
5037,-12,53,28,5182
5041,-9,54,29,5191
5045,-9,60,34,5191
5049,-9,58,32,5174
5053,-7,58,32,5174
5057,-10,54,28,5183
5061,-18,51,25,5183
5065,-20,46,20,5201
5069,-21,42,16,5201
5073,-21,45,19,5258
5077,-22,41,15,5258
5081,-25,35,9,5275
5085,-18,38,13,5275
5089,-18,42,16,5331
5093,-11,46,21,5331
5097,-11,44,19,5297
5101,-2,52,26,5297
5105,-2,58,32,5268
5109,-8,50,24,5268
5113,-5,58,31,5259
5117,-7,54,27,5259
5121,-12,40,14,5261
5125,-17,41,14,5261
5129,-16,38,13,5336
5133,-15,37,12,5336
5137,-17,33,8,5353
5141,-17,31,7,5353
5145,-24,23,0,5390
5149,-21,30,5,5390
5153,-6,41,16,5410
5157,-6,34,9,5410
5161,4,44,19,5387
5165,10,51,26,5387
5169,12,55,29,5344
5173,12,50,25,5344
5177,11,53,26,5309
5181,13,57,30,5309
5185,10,56,29,5299
5189,10,51,24,5299
5193,3,41,14,5299
5197,0,41,13,5299
5201,-1,42,14,5338
5205,0,38,10,5338
5209,4,38,10,5361
5213,7,39,10,5361
5217,12,48,18,5354
5221,19,52,23,5354
5225,20,59,29,5333
5229,26,62,33,5333
5233,30,66,37,5288
5237,27,64,33,5288
5241,26,69,39,5277
5245,26,68,37,5277
5249,24,71,41,5264
5253,17,63,33,5264
5257,13,58,28,5259
5261,11,54,24,5259
5265,4,51,22,5305
5269,2,46,17,5305
5273,2,50,21,5326
5277,3,53,25,5326
5281,3,49,22,5310
5285,4,53,26,5310
5289,8,53,27,5293
5293,14,56,31,5293
5297,18,59,34,5259
5301,11,57,33,5259
5305,8,59,35,5213
5309,16,63,40,5213
5313,15,66,44,5203
5317,10,65,43,5203
5321,6,63,43,5174
5325,5,63,44,5174
5329,7,60,43,5155
5333,4,59,43,5155
5337,0,50,36,5136
5341,-2,48,37,5136
5345,-7,44,35,5183
5349,-5,45,39,5183
5353,-3,47,43,5195
5357,-7,43,41,5195
5361,-8,41,42,5166
5365,0,48,50,5166
5369,2,50,54,5153
5373,1,49,55,5153
5377,-3,46,53,5063
5381,-1,53,62,5063
5385,0,52,63,5063
5389,-7,44,57,5063
5393,-7,47,63,5057
5397,-7,38,56,5057
5401,-10,39,60,5086
5405,-11,34,58,5086
5409,-15,34,60,5099
5413,-19,25,53,5099
5417,-23,23,53,5148
5421,-24,11,43,5148
5425,-27,11,44,5221
5429,-25,14,49,5221
5433,-22,12,49,5248
5437,-17,19,57,5248
5441,-13,19,58,5242
5445,-11,18,58,5242
5449,-11,22,62,5238
5453,-13,16,58,5238
5457,-13,20,62,5239
5461,-10,19,62,5239
5465,-6,26,69,5257
5469,-17,12,56,5257
5473,-24,8,52,5269
5477,-18,2,47,5269
5481,-18,5,52,5346
5485,-20,0,46,5346
5489,-23,-4,41,5335
5493,-19,2,48,5335
5497,-20,-1,44,5354
5501,-19,-9,36,5354
5505,-13,1,47,5277
5509,-4,1,48,5277
5513,0,5,52,5331
5517,3,8,56,5331
5521,11,11,59,5311
5525,9,12,59,5311
5529,11,10,57,5293
5533,16,18,65,5293
5537,24,29,76,5291
5541,20,22,69,5291
5545,19,25,71,5309
5549,22,31,78,5309
5553,20,26,72,5312
5557,16,25,72,5312
5561,17,23,70,5309
5565,14,23,70,5309
5569,11,18,64,5308
5573,8,18,64,5308
5577,8,14,61,5315
5581,9,18,65,5315
5585,9,15,62,5315
5589,10,20,66,5315
5593,10,17,63,5322
5597,17,27,72,5322
5601,22,29,75,5308
5605,22,28,74,5308
5609,22,33,79,5297
5613,22,32,77,5297
5617,23,38,83,5271
5621,19,33,77,5271
5625,12,31,75,5262
5629,12,28,71,5262
5633,12,32,75,5264
5637,5,22,65,5264
5641,-1,20,62,5264
5645,4,27,69,5264
5649,7,26,67,5285
5653,1,23,65,5285
5657,9,34,74,5260
5661,14,35,75,5260
5665,16,41,81,5231
5669,15,44,83,5231
5673,11,37,75,5205
5677,13,43,80,5205
5681,11,44,80,5198
5685,6,42,77,5198
5689,3,42,76,5146
5693,4,44,77,5146
5697,1,48,81,5160
5701,-2,45,77,5160
5705,-8,40,70,5127
5709,-11,36,64,5127
5713,-9,38,64,5164
5717,-10,37,61,5164
5721,-6,40,63,5182
5725,-2,44,65,5182
5729,-1,53,72,5151
5733,-2,51,69,5151
5737,2,56,72,5079
5741,2,57,70,5079
5745,-4,58,69,5068
5749,-6,55,64,5068
5753,-6,55,60,5081
5757,-7,60,63,5081
5761,-10,54,57,5087
5765,-16,54,54,5087
5769,-15,51,50,5120
5773,-17,53,50,5120
5777,-20,53,49,5128
5781,-18,50,45,5128
5785,-17,54,48,5136
5789,-17,50,43,5136
5793,-17,53,45,5162
5797,-13,59,51,5162
5801,-13,55,47,5145
5805,-12,59,49,5145
5809,-12,62,51,5154
5813,-22,54,42,5154
5817,-22,49,36,5161
5821,-28,45,30,5161
5825,-26,47,32,5246
5829,-30,43,28,5246
5833,-34,39,23,5284
5837,-32,34,18,5284
5841,-27,39,23,5326
5845,-24,43,26,5326
5849,-24,43,26,5323
5853,-14,41,23,5323
5857,-14,45,26,5319
5861,-15,46,28,5319
5865,-15,48,29,5323
5869,-14,51,31,5323
5873,-14,52,33,5289
5877,-22,46,26,5289
5881,-21,34,15,5277
5885,-19,38,19,5277
5889,-20,39,19,5354
5893,-27,28,8,5354
5897,-35,15,-3,5382
5901,-27,24,5,5382
5905,-16,29,10,5427
5909,-17,31,12,5427
5913,-16,29,10,5408
5917,-11,37,17,5408
5921,4,41,23,5402
5925,-1,37,18,5402
5929,4,41,22,5385
5933,1,32,13,5385
5937,2,40,21,5383
5941,11,42,23,5383
5945,9,49,29,5373
5949,11,39,19,5373
5953,10,41,21,5336
5957,11,44,24,5336
5961,9,38,18,5348
5965,9,41,20,5348
5969,11,39,19,5351
5973,12,43,23,5351
5977,4,32,12,5353
5981,9,34,14,5353
5985,11,40,19,5374
5989,8,41,19,5374
5993,13,36,15,5354
5997,16,44,22,5354
6001,20,46,24,5346
6005,15,47,24,5346
6009,16,46,23,5313
6013,22,50,27,5313
6017,16,51,27,5288
6021,8,41,18,5288
6025,8,33,9,5279
6029,12,42,19,5279
6033,6,41,17,5335
6037,6,39,15,5335
6041,10,47,23,5319
6045,11,45,21,5319
6049,14,47,22,5297
6053,17,48,24,5297
6057,5,43,18,5262
6061,7,42,18,5262
6065,21,60,35,5295
6069,14,45,21,5295
6073,6,44,19,5265
6077,10,46,21,5265
6081,15,55,30,5321
6085,6,44,20,5321
6089,4,47,22,5269
6093,8,54,30,5269
6097,4,41,17,5259
6101,4,45,21,5259
6105,8,52,28,5269
6109,5,46,23,5269
6113,7,46,23,5230
6117,12,55,32,5230
6121,12,53,30,5239
6125,11,56,34,5239
6129,10,58,37,5220
6133,12,57,36,5220
6137,3,52,32,5173
6141,0,51,32,5173
6145,3,49,31,5216
6149,3,51,34,5216
6153,-4,46,30,5204
6157,-6,45,30,5204
6161,-5,39,26,5212
6165,-4,41,30,5212
6169,-4,36,26,5242
6173,-1,40,32,5242
6177,-6,37,30,5252
6181,-8,35,30,5252
6185,-4,39,35,5237
6189,-8,35,34,5237
6193,-10,33,33,5230
6197,-8,34,36,5230
6201,-8,27,31,5229
6205,-11,30,37,5229
6209,-14,26,34,5266
6213,-9,29,39,5266
6217,-12,18,31,5258
6221,-13,17,31,5258
6225,-12,17,33,5309
6229,-13,16,33,5309
6233,-9,25,43,5315
6237,-9,17,38,5315
6241,-8,18,40,5287
6245,-10,9,33,5287
6249,-10,16,41,5307
6253,-9,15,42,5307
6257,-14,10,38,5306
6261,-19,3,34,5306
6265,-16,4,36,5315
6269,-16,-2,30,5315
6273,-17,1,36,5343
6277,-15,-3,31,5343
6281,-15,-3,32,5324
6285,-8,2,39,5324
6289,-8,-2,34,5323
6293,-5,1,39,5323
6297,3,9,48,5316
6301,2,4,44,5316
6305,4,-3,36,5290
6309,9,5,46,5290
6313,12,12,53,5308
6317,11,9,50,5308
6321,8,11,52,5244
6325,14,8,49,5244
6329,14,13,55,5233
6333,8,6,47,5233
6337,8,5,45,5243
6341,9,4,45,5243
6345,12,6,47,5278
6349,6,0,41,5278
6353,9,8,49,5281
6357,12,10,50,5281
6361,11,3,42,5262
6365,15,7,46,5262
6369,21,20,58,5284
6373,20,19,57,5284
6377,20,14,52,5251
6381,21,16,54,5251
6385,22,25,62,5261
6389,21,25,61,5261
6393,14,19,55,5248
6397,11,16,51,5248
6401,10,15,49,5274
6405,13,18,51,5274
6409,12,18,50,5285
6413,7,19,50,5285
6417,13,24,54,5268
6421,14,25,54,5268
6425,15,27,54,5256
6429,11,30,56,5256
6433,12,24,48,5237
6437,15,28,51,5237
6441,13,33,55,5255
6445,9,29,49,5255
6449,7,28,46,5221
6453,2,28,45,5221
6457,-1,30,45,5246
6461,-3,26,39,5246
6465,-5,22,33,5241
6469,-4,28,37,5241
6473,0,35,42,5291
6477,0,32,39,5291
6481,-1,35,40,5229
6485,5,38,42,5229
6489,6,44,46,5213
6493,4,40,41,5213
6497,2,43,42,5154
6501,1,40,36,5154
6505,-2,41,36,5165
6509,-2,44,38,5165
6513,-6,43,35,5155
6517,-9,42,32,5155
6521,-13,33,22,5162
6525,-13,36,23,5162
6529,-22,28,14,5210
6533,-23,27,12,5210
6537,-19,31,15,5269
6541,-19,31,14,5269
6545,-18,26,8,5286
6549,-18,28,8,5286
6553,-13,39,19,5314
6557,-13,33,12,5314
6561,-9,38,17,5278
6565,-6,42,20,5278
6569,-6,37,14,5277
6573,-7,44,22,5277
6577,-5,40,17,5259
6581,-5,42,19,5259
6585,-10,39,15,5250
6589,-13,37,12,5250
6593,-15,35,10,5269
6597,-15,35,9,5269
6601,-15,34,9,5302
6605,-18,25,0,5302
6609,-15,28,3,5307
6613,-13,30,5,5307
6617,-15,28,4,5343
6621,-15,22,-1,5343
6625,-7,25,0,5348
6629,-5,29,5,5348
6633,-5,25,2,5354
6637,2,35,11,5354
6641,5,34,11,5361
6645,5,38,15,5361
6649,10,40,17,5335
6653,15,43,19,5335
6657,16,44,19,5307
6661,12,45,21,5307
6665,10,42,17,5291
6669,14,45,19,5291
6673,11,47,21,5280
6677,4,32,7,5280
6681,4,37,12,5288
6685,3,34,9,5288
6689,1,30,5,5328
6693,0,28,3,5328
6697,-2,25,0,5347
6701,3,28,3,5347
6705,4,34,9,5383
6709,-2,21,-3,5383
6713,8,30,5,5375
6717,17,39,14,5375
6721,13,37,11,5374
6725,19,43,17,5374
6729,24,56,29,5325
6733,25,51,24,5325
6737,24,53,25,5242
6741,24,49,21,5242
6745,25,58,31,5241
6749,19,54,26,5241
6753,16,58,30,5213
6757,12,48,19,5213
6761,11,47,18,5247
6765,5,47,18,5247
6769,0,41,12,5268
6773,-1,32,3,5268
6777,1,40,10,5324
6781,0,38,8,5324
6785,3,39,10,5325
6789,10,51,23,5325
6793,11,51,23,5307
6797,14,47,19,5307
6801,16,56,28,5257
6805,15,55,28,5257
6809,16,56,29,5231
6813,17,63,36,5231
6817,13,58,32,5202
6821,5,49,24,5202
6825,1,44,19,5215
6829,1,48,24,5215
6833,-9,41,18,5267
6837,-16,31,8,5267
6841,-8,39,18,5289
6845,-8,29,9,5289
6849,-14,27,8,5325
6853,-11,26,7,5325
6857,1,40,23,5372
6861,7,43,27,5372
6865,7,41,26,5314
6869,11,49,36,5314
6873,9,46,33,5254
6877,11,52,40,5254
6881,10,55,45,5199
6885,3,45,36,5199
6889,0,39,31,5137
6893,-9,33,27,5137
6897,-11,32,27,5221
6901,-11,26,24,5221
6905,-16,22,22,5257
6909,-17,15,17,5257
6913,-16,16,21,5307
6917,-17,10,17,5307
6921,-9,18,27,5344
6925,-3,25,36,5344
6929,4,28,39,5314
6933,1,28,41,5314
6937,4,33,47,5242
6941,7,32,47,5242
6945,3,31,49,5188
6949,0,23,43,5188
6953,-2,24,45,5170
6957,-5,16,39,5170
6961,-18,5,29,5212
6965,-18,0,25,5212
6969,-17,7,34,5279
6973,-17,0,29,5279
6977,-16,-3,26,5278
6981,-13,6,38,5278
6985,-8,5,38,5268
6989,-1,7,41,5268
6993,2,12,47,5270
6997,11,17,53,5270
7001,13,12,48,5213
7005,9,14,50,5213
7009,12,16,52,5201
7013,16,18,55,5201
7017,15,18,55,5168
7021,14,16,54,5168
7025,13,15,53,5173
7029,15,17,55,5173
7033,12,21,58,5186
7037,11,19,56,5186
7041,10,17,53,5192
7045,9,15,51,5192
7049,12,24,59,5213
7053,15,19,55,5213
7057,17,22,57,5215
7061,16,27,63,5215
7065,11,22,58,5213
7069,15,25,61,5213
7073,16,26,61,5233
7077,14,24,59,5233
7081,12,29,63,5213
7085,13,29,63,5213
7089,13,28,61,5216
7093,11,26,59,5216
7097,14,28,61,5203
7101,13,34,66,5203
7105,10,30,61,5193
7109,11,36,66,5193
7113,13,37,66,5183
7117,9,39,66,5183
7121,6,34,60,5158
7125,9,42,66,5158
7129,6,31,54,5154
7133,3,33,55,5154
7137,0,34,55,5176
7141,0,32,52,5176
7145,-5,31,49,5171
7149,-6,33,50,5171
7153,-1,34,50,5177
7157,2,41,55,5177
7161,2,44,58,5136
7165,5,50,62,5136
7169,6,54,66,5061
7173,9,53,64,5061
7177,5,60,70,5012
7181,3,46,55,5012
7185,-4,49,57,5004
7189,-4,50,57,5004
7193,-12,43,49,5040
7197,-15,40,44,5040
7201,-19,36,38,5078
7205,-16,39,38,5078
7209,-16,45,42,5135
7213,-15,45,40,5135
7217,-12,48,41,5097
7221,-11,42,35,5097
7225,-14,47,37,5083
7229,-14,45,36,5083
7233,-9,56,44,5097
7237,-16,48,35,5097
7241,-16,47,32,5107
7245,-13,48,33,5107
7249,-9,56,41,5151
7253,-18,46,30,5151
7257,-21,46,31,5154
7261,-16,41,26,5154
7265,-15,47,31,5192
7269,-17,43,27,5192
7273,-21,37,20,5197
7277,-23,39,21,5197
7281,-20,39,20,5239
7285,-19,43,24,5239
7289,-19,34,15,5247
7293,-19,39,19,5247
7297,-14,40,21,5270
7301,-17,42,22,5270
7305,-16,40,20,5242
7309,-14,39,20,5242
7313,-12,39,20,5266
7317,-14,35,17,5266
7321,-19,35,17,5259
7325,-15,30,12,5259
7329,-8,41,23,5299
7333,-17,31,13,5299
7337,-17,30,10,5296
7341,-9,36,15,5296
7345,-10,35,12,5333
7349,-17,35,10,5333
7353,-17,28,0,5318
7357,-12,32,3,5318
7361,-12,38,9,5330
7365,-12,31,0,5330
7369,-9,33,3,5339
7373,-9,32,3,5339
7377,-9,32,4,5315
7381,-3,25,-1,5315
7385,4,34,8,5339
7389,2,34,9,5339
7393,-1,26,3,5353
7397,1,30,8,5353
7401,6,30,10,5372
7405,5,25,8,5372
7409,8,25,10,5356
7413,11,31,18,5356
7417,15,26,15,5366
7421,17,33,24,5366
7425,20,34,26,5371
7429,26,39,32,5371
7433,27,40,35,5335
7437,31,43,40,5335
7441,37,50,48,5286
7445,28,48,48,5286
7449,21,40,43,5212
7453,16,28,33,5212
7457,15,32,39,5240
7461,10,31,40,5240
7465,4,16,27,5261
7469,-2,15,27,5261
7473,-2,11,25,5326
7477,-2,9,24,5326
7481,-2,6,22,5361
7485,-3,9,27,5361
7489,2,10,30,5363
7493,10,15,37,5363
7497,18,28,50,5357
7501,17,25,49,5357
7505,22,30,55,5253
7509,23,30,56,5253
7513,24,38,65,5192
7517,21,34,62,5192
7521,20,40,68,5087
7525,21,38,68,5087
7529,16,39,70,5031
7533,13,33,64,5031
7537,3,27,59,5041
7541,5,31,64,5041
7545,4,32,64,5086
7549,-2,21,55,5086
7553,-8,11,45,5087
7557,-12,15,49,5087
7561,-12,8,43,5181
7565,-21,1,36,5181
7569,-21,0,36,5221
7573,-17,-1,34,5221
7577,-13,2,39,5250
7581,-5,17,54,5250
7585,-5,5,43,5245
7589,0,12,51,5245
7593,7,15,54,5238
7597,11,23,62,5238
7601,15,30,70,5220
7605,12,30,70,5220
7609,17,31,72,5222
7613,19,31,72,5222
7617,14,30,72,5221
7621,11,24,66,5221
7625,9,20,62,5230
7629,6,21,63,5230
7633,-1,17,59,5253
7637,1,15,56,5253
7641,4,15,56,5248
7645,3,12,53,5248
7649,7,20,61,5248
7653,10,21,61,5248
7657,13,28,68,5247
7661,13,26,66,5247
7665,18,30,69,5229
7669,19,37,75,5229
7673,15,32,69,5228
7677,16,38,74,5228
7681,14,35,70,5228
7685,10,36,69,5228
7689,7,36,70,5201
7693,7,34,66,5201
7697,3,33,65,5202
7701,2,35,65,5202
7705,3,32,61,5192
7709,2,35,63,5192
7713,2,32,57,5203
7717,5,32,57,5203
7721,8,39,63,5202
7725,8,43,65,5202
7729,8,47,68,5176
7733,11,52,73,5176
7737,10,48,68,5116
7741,11,53,72,5116
7745,9,54,73,5094
7749,6,54,71,5094
7753,2,52,68,5050
7757,1,53,68,5050
7761,-3,50,64,5059
7765,-6,48,60,5059
7769,-8,46,57,5060
7773,-8,53,62,5060
7777,-12,48,57,5040
7781,-12,47,54,5040
7785,-16,48,55,5041
7789,-18,43,49,5041
7793,-17,42,47,5053
7797,-17,47,50,5053
7801,-18,44,45,5062
7805,-18,48,48,5062
7809,-15,41,40,5086
7813,-15,47,44,5086
7817,-14,46,42,5105
7821,-14,50,46,5105
7825,-19,42,38,5101
7829,-18,47,41,5101
7833,-23,45,38,5136
7837,-27,36,29,5136
7841,-20,46,37,5153
7845,-19,43,33,5153
7849,-22,43,32,5165
7853,-23,44,32,5165
7857,-19,43,30,5178
7861,-20,39,26,5178
7865,-21,41,27,5209
7869,-18,46,32,5209
7873,-18,47,33,5213
7877,-25,29,15,5213
7881,-24,33,19,5229
7885,-20,39,25,5229
7889,-18,42,28,5286
7893,-24,38,23,5286
7897,-22,29,14,5266
7901,-17,36,21,5266
7905,-17,39,23,5313
7909,-15,36,21,5313
7913,-15,39,24,5314
7917,-25,26,11,5314
7921,-25,22,6,5314
7925,-16,33,17,5314
7929,-20,25,9,5381
7933,-22,26,10,5381
7937,-24,21,4,5401
7941,-21,20,4,5401
7945,-15,28,12,5431
7949,-15,25,9,5431
7953,-16,16,0,5421
7957,-18,18,3,5421
7961,-3,30,14,5428
7965,-1,31,15,5428
7969,1,33,17,5435
7973,4,36,19,5435
7977,10,35,20,5409
7981,16,43,27,5409
7985,10,34,17,5400
7989,7,33,17,5400
7993,13,41,24,5391
7997,3,27,11,5391
8001,3,29,13,5394
8005,8,24,8,5394
8009,10,30,14,5411
8013,14,37,21,5411
8017,10,25,8,5410
8021,19,38,21,5410
8025,24,36,19,5404
8029,29,47,30,5404
8033,34,52,35,5364
8037,32,46,28,5364
8041,27,50,31,5298
8045,35,57,39,5298
8049,37,60,42,5260
8053,29,54,36,5260
8057,22,48,31,5211
8061,23,49,32,5211
8065,21,47,30,5232
8069,15,41,25,5232
8073,16,48,32,5240
8077,16,41,25,5240
8081,18,49,34,5237
8085,12,43,27,5237
8089,18,47,33,5211
8093,23,52,38,5211
8097,22,58,44,5185
8101,20,55,42,5185
8105,19,54,41,5123
8109,22,62,51,5123
8113,17,56,45,5108
8117,12,49,40,5108
8121,10,51,44,5097
8125,8,53,46,5097
8129,6,53,48,5078
8133,-5,38,34,5078
8137,2,46,44,5087
8141,0,39,39,5087
8145,-2,46,46,5104
8149,1,36,38,5104
8153,7,52,55,5092
8157,5,51,56,5092
8161,3,51,58,4999
8165,10,58,66,4999
8169,5,48,58,4957
8173,-1,43,55,4957
8177,-6,44,58,5030
8181,-5,37,52,5030
8185,-8,34,51,5040
8189,-13,34,54,5040
8193,-21,24,44,5075
8197,-22,26,48,5075
8201,-16,21,45,5120
8205,-16,19,45,5120
8209,-13,21,47,5144
8213,-19,20,47,5144
8217,-13,22,52,5136
8221,-2,38,68,5136
8225,-6,25,57,5135
8229,-6,31,63,5135
8233,1,35,69,5172
8237,0,39,74,5172
8241,-11,21,56,5125
8245,-12,24,60,5125
8249,-11,22,58,5214
8253,-17,14,51,5214
8257,-27,1,40,5236
8261,-26,5,44,5236
8265,-14,12,52,5305
8269,-14,10,50,5305
8273,-8,14,55,5277
8277,3,24,64,5277
8281,3,30,71,5250
8285,-2,18,59,5250
8289,1,21,62,5221
8293,1,27,69,5221
8297,-2,23,65,5245
8301,-9,15,57,5245
8305,-11,18,60,5230
8309,-16,4,47,5230
8313,-16,2,45,5287
8317,-15,2,45,5287
8321,-15,6,50,5323
8325,-8,11,54,5323
8329,-5,12,56,5314
8333,-5,5,49,5314
8337,1,12,56,5286
8341,5,16,60,5286
8345,0,13,57,5283
8349,-3,10,54,5283
8353,1,21,65,5270
8357,1,14,58,5270
8361,-2,17,62,5278
8365,-15,-1,42,5278
8369,-14,-1,42,5316
8373,-8,3,47,5316
8377,-8,3,47,5365
8381,-11,0,44,5365
8385,0,4,47,5353
8389,3,9,52,5353
8393,6,13,56,5346
8397,8,5,48,5346
8401,10,11,54,5308
8405,16,20,62,5308
8409,21,22,64,5309
8413,14,21,62,5309
8417,13,17,58,5296
8421,15,23,63,5296
8425,12,18,57,5300
8429,6,16,55,5300
8433,3,16,54,5310
8437,3,12,49,5310
8441,1,8,44,5315
8445,-3,8,43,5315
8449,2,9,42,5353
8453,5,16,48,5353
8457,9,17,48,5353
8461,10,17,46,5353
8465,16,28,56,5322
8469,21,32,57,5322
8473,20,37,61,5282
8477,17,27,50,5282
8481,19,30,51,5268
8485,19,37,56,5268
8489,11,35,53,5263
8493,4,27,42,5263
8497,3,25,38,5250
8501,8,35,45,5250
8505,2,34,41,5286
8509,-3,27,32,5286
8513,1,34,37,5269
8517,7,38,37,5269
8521,6,42,39,5248
8525,6,41,35,5248
8529,12,51,43,5219
8533,14,58,48,5219
8537,10,53,41,5133
8541,10,57,43,5133
8545,5,51,35,5088
8549,0,56,39,5088
8553,0,51,32,5096
8557,0,54,33,5096
8561,-10,40,18,5071
8565,-8,51,27,5071
8569,-9,49,26,5131
8573,-9,50,25,5131
8577,-11,48,24,5095
8581,-15,38,13,5095
8585,-14,45,20,5115
8589,-15,44,18,5115
8593,-16,36,10,5139
8597,-17,41,15,5139
8601,-13,43,17,5176
8605,-13,37,10,5176
8609,-11,45,20,5166
8613,-11,44,18,5166
8617,-11,43,18,5173
8621,-8,52,26,5173
8625,-5,47,22,5181
8629,-16,36,12,5181
8633,-16,41,16,5226
8637,-14,41,16,5226
8641,-16,37,12,5249
8645,-19,27,2,5249
8649,-19,32,8,5295
8653,-17,32,8,5295
8657,-19,22,0,5305
8661,-15,26,2,5305
8665,-10,31,7,5324
8669,-11,30,7,5324
8673,1,42,18,5336
8677,0,41,18,5336
8681,-4,33,9,5296
8685,1,39,15,5296
8689,8,41,17,5320
8693,7,37,13,5320
8697,4,38,14,5297
8701,9,46,22,5297
8705,11,44,20,5305
8709,9,40,16,5305
8713,9,44,20,5288
8717,12,44,20,5288
8721,8,39,14,5293
8725,10,45,20,5293
8729,13,45,20,5293
8733,12,43,18,5293
8737,13,43,17,5277
8741,12,48,21,5277
8745,14,48,21,5269
8749,18,51,23,5269
8753,17,50,22,5256
8757,14,46,19,5256
8761,16,54,26,5258
8765,14,51,23,5258
8769,10,53,24,5247
8773,10,50,22,5247
8777,11,49,21,5267
8781,9,46,17,5267
8785,8,44,16,5266
8789,11,52,24,5266
8793,9,49,20,5269
8797,6,45,15,5269
8801,9,53,23,5258
8805,8,50,20,5258
8809,7,54,23,5248
8813,9,47,17,5248
8817,9,52,22,5249
8821,6,48,18,5249
8825,7,54,23,5252
8829,9,53,22,5252
8833,4,47,16,5248
8837,5,52,21,5248
8841,4,55,24,5253
8845,-4,44,14,5253
8849,5,56,24,5258
8853,2,50,18,5258
8857,-4,48,16,5248
8861,2,50,18,5248
8865,2,54,21,5276
8869,2,57,23,5276
8873,5,56,22,5251
8877,3,58,23,5251
8881,0,52,17,5246
8885,14,68,33,5246
8889,11,69,34,5257
8893,0,55,20,5257
8897,2,59,25,5231
8901,10,68,35,5231
8905,3,64,31,5229
8909,3,59,27,5229
8913,-6,53,21,5210
8917,-8,51,21,5210
8921,-11,42,12,5248
8925,-12,43,13,5248
8929,-16,39,10,5307
8933,-16,40,10,5307
8937,-9,47,17,5315
8941,-9,35,5,5315
8945,-8,39,9,5320
8949,-8,41,11,5320
8953,-4,46,16,5333
8957,0,51,22,5333
8961,4,57,27,5288
8965,9,58,28,5288
8969,5,57,28,5222
8973,7,61,33,5222
8977,5,54,27,5213
8981,5,57,30,5213
8985,3,57,31,5212
8989,-11,38,13,5212
8993,-20,30,6,5235
8997,-8,41,18,5235
9001,-9,40,18,5330
9005,-19,31,10,5330
9009,-23,26,6,5317
9013,-21,26,8,5317
9017,-8,37,20,5373
9021,-6,33,16,5373
9025,-5,29,14,5352
9029,3,38,24,5352
9033,12,49,36,5333
9037,6,40,28,5333
9041,6,43,33,5259
9045,12,50,42,5259
9049,10,50,44,5213
9053,4,46,42,5213
9057,2,38,36,5154
9061,-6,31,32,5154
9065,-6,30,33,5211
9069,-14,16,21,5211
9073,-14,15,23,5261
9077,-15,14,24,5261
9081,-12,16,28,5329
9085,-9,12,26,5329
9089,-12,10,26,5324
9093,-1,14,33,5324
9097,3,20,40,5326
9101,5,23,45,5326
9105,12,26,50,5258
9109,8,31,56,5258
9113,6,25,51,5189
9117,5,25,53,5189
9121,0,16,46,5147
9125,-1,16,48,5147
9129,-3,15,48,5183
9133,-5,7,42,5183
9137,-12,1,38,5201
9141,-14,0,37,5201
9145,-12,-3,34,5245
9149,-8,7,46,5245
9153,-8,1,40,5257
9157,-3,6,47,5257
9161,-1,3,45,5220
9165,8,14,56,5220
9169,12,14,57,5205
9173,15,15,58,5205
9177,17,22,66,5192
9181,18,20,65,5192
9185,15,16,60,5210
9189,12,11,56,5210
9193,16,20,65,5218
9197,15,17,63,5218
9201,5,13,58,5206
9205,4,9,54,5206
9209,9,11,56,5231
9213,5,5,51,5231
9217,9,8,53,5229
9221,14,12,57,5229
9225,15,19,64,5242
9229,20,22,68,5242
9233,23,25,70,5237
9237,22,30,75,5237
9241,19,27,71,5223
9245,19,20,65,5223
9249,21,28,73,5221
9253,18,25,70,5221
9257,12,19,63,5215
9261,11,24,68,5215
9265,10,21,65,5220
9269,8,24,68,5220
9273,8,15,59,5228
9277,8,14,58,5228
9281,10,22,66,5240
9285,11,22,65,5240
9289,14,30,72,5238
9293,15,30,71,5238
9297,16,37,78,5192
9301,22,41,82,5192
9305,21,46,86,5158
9309,16,39,79,5158
9313,17,45,85,5116
9317,14,40,80,5116
9321,10,41,80,5099
9325,6,34,73,5099
9329,3,35,73,5113
9333,0,35,72,5113
9337,-1,35,73,5107
9341,2,40,77,5107
9345,3,37,73,5096
9349,6,42,78,5096
9353,3,42,77,5084
9357,2,43,78,5084
9361,6,48,83,5068
9365,6,50,84,5068
9369,0,46,79,5019
9373,2,49,81,5019
9377,2,50,82,5011
9381,2,51,82,5011
9385,-4,46,76,5000
9389,-6,50,79,5000
9393,-8,47,75,5026
9397,-7,47,74,5026
9401,-11,49,75,5017
9405,-13,44,70,5017
9409,-13,42,66,5025
9413,-10,50,73,5025
9417,-9,49,70,5048
9421,-10,46,67,5048
9425,-10,51,71,5038
9429,-13,52,71,5038
9433,-13,48,66,5068
9437,-12,47,64,5068
9441,-12,50,67,5069
9445,-22,44,60,5069
9449,-22,33,48,5070
9453,-15,44,58,5070
9457,-23,32,45,5133
9461,-20,39,51,5133
9465,-15,46,57,5152
9469,-21,37,47,5152
9473,-23,38,47,5115
9477,-19,44,52,5115
9481,-16,43,49,5132
9485,-18,44,49,5132
9489,-27,38,41,5124
9493,-22,44,46,5124
9497,-17,43,45,5156
9501,-21,42,42,5156
9505,-16,48,48,5138
9509,-15,44,44,5138
9513,-11,50,50,5125
9517,-15,48,48,5125
9521,-17,48,47,5121
9525,-17,36,35,5121
9529,-19,37,36,5135
9533,-23,35,34,5135
9537,-28,30,30,5214
9541,-26,26,26,5214
9545,-26,27,27,5257
9549,-32,22,22,5257
9553,-32,22,21,5305
9557,-32,23,21,5305
9561,-32,17,13,5335
9565,-19,24,19,5335
9569,-19,27,21,5361
9573,-18,30,24,5361
9577,-18,19,13,5361
9581,-9,32,25,5361
9585,-8,36,29,5382
9589,-12,35,28,5382
9593,-11,26,19,5342
9597,-13,28,21,5342
9601,-14,24,16,5371
9605,-17,19,11,5371
9609,-17,22,14,5405
9613,-22,14,6,5405
9617,-27,6,-1,5421
9621,-19,10,2,5421
9625,-21,6,-1,5453
9629,-19,12,4,5453
9633,-11,11,2,5447
9637,1,16,7,5447
9641,6,22,13,5455
9645,9,21,12,5455
9649,19,33,24,5440
9653,20,32,22,5440
9657,21,37,27,5415
9661,23,36,27,5415
9665,22,34,24,5406
9669,20,37,27,5406
9673,15,31,20,5397
9677,20,33,23,5397
9681,23,35,24,5405
9685,18,31,19,5405
9689,20,32,20,5383
9693,22,34,22,5383
9697,24,35,24,5401
9701,22,34,23,5401
9705,23,36,24,5378
9709,23,36,25,5378
9713,25,39,27,5363
9717,27,42,30,5363
9721,28,39,26,5335
9725,28,47,34,5335
9729,31,51,38,5311
9733,31,46,33,5311
9737,28,52,39,5261
9741,26,51,39,5261
9745,25,51,38,5212
9749,24,51,38,5212
9753,21,50,36,5183
9757,20,49,35,5183
9761,13,49,35,5177
9765,9,43,30,5177
9769,11,44,31,5171
9773,10,41,30,5171
9777,10,46,35,5192
9781,9,37,27,5192
9785,11,45,36,5172
9789,10,42,34,5172
9793,8,45,38,5153
9797,11,52,45,5153
9801,9,54,48,5107
9805,11,52,46,5107
9809,8,47,42,5045
9813,4,47,43,5045
9817,6,45,42,5069
9821,2,50,49,5069
9825,-2,41,40,5062
9829,-5,46,46,5062
9833,-1,43,44,5067
9837,-7,39,40,5067
9841,-11,36,38,5059
9845,-8,32,35,5059
9849,-4,43,47,5106
9853,-8,39,44,5106
9857,-12,34,41,5067
9861,-4,41,49,5067
9865,-4,40,50,5078
9869,-15,29,40,5078
9873,-15,33,46,5056
9877,-8,38,51,5056
9881,-11,27,41,5068
9885,-18,26,41,5068
9889,-17,24,40,5124
9893,-12,33,50,5124
9897,-21,21,39,5143
9901,-14,25,44,5143
9905,-11,31,51,5157
9909,-24,9,31,5157
9913,-23,14,36,5167
9917,-19,15,37,5167
9921,-22,15,39,5229
9925,-23,10,34,5229
9929,-21,15,40,5247
9933,-19,7,32,5247
9937,-28,2,29,5254
9941,-26,0,28,5254
9945,-18,4,33,5305
9949,-19,1,30,5305
9953,-19,5,35,5337
9957,-17,-1,29,5337
9961,-17,-2,28,5312
9965,-15,3,35,5312
9969,-12,-7,24,5315
9973,-7,4,36,5315
9977,-1,4,36,5322
9981,0,0,32,5322
9985,2,5,37,5317
9989,5,10,42,5317
9993,7,7,40,5315
9997,8,6,38,5315
10001,11,13,44,5306
10005,11,11,41,5306
10009,16,14,44,5277
10013,17,20,49,5277
10017,16,12,40,5267
10021,20,21,49,5267
10025,19,20,47,5274
10029,15,22,48,5274
10033,14,14,39,5246
10037,15,22,45,5246
10041,13,19,41,5268
10045,9,15,35,5268
10049,11,16,36,5285
10053,9,13,33,5285
10057,7,18,35,5305
10061,8,17,34,5305
10065,10,19,34,5315
10069,13,28,41,5315
10073,18,26,37,5299
10077,11,21,30,5299
10081,12,29,36,5296
10085,16,32,37,5296
10089,19,30,33,5277
10093,16,36,36,5277
10097,10,31,29,5263
10101,16,44,38,5263
10105,14,42,34,5244
10109,12,40,31,5244
10113,10,38,27,5216
10117,4,38,26,5216
10121,7,33,20,5231
10125,5,38,24,5231
10129,3,41,26,5238
10133,3,38,23,5238
10137,3,43,26,5208
10141,4,42,24,5208
10145,5,41,22,5191
10149,3,38,18,5191
10153,6,46,25,5200
10157,5,49,28,5200
10161,3,51,29,5161
10165,1,46,23,5161
10169,0,48,25,5116
10173,0,45,21,5116
10177,-4,44,20,5125
10181,-4,40,16,5125
10185,-5,42,17,5146
10189,-8,41,16,5146
10193,-8,43,18,5147
10197,-8,37,13,5147
10201,-5,42,17,5153
10205,-6,37,12,5153
10209,-10,42,17,5164
10213,-9,37,12,5164
10217,-3,45,19,5162
10221,0,49,24,5162
10225,0,51,25,5135
10229,0,46,20,5135
10233,0,49,23,5135
10237,-2,49,22,5135
10241,-8,37,12,5141
10245,-6,47,22,5141
10249,-11,36,11,5190
10253,-11,37,11,5190
10257,-19,30,4,5211
10261,-24,19,-6,5211
10265,-9,39,13,5273
10269,-8,34,8,5273
10273,-11,33,6,5249
10277,0,44,18,5249
10281,5,45,18,5253
10285,8,44,18,5253
10289,8,42,16,5211
10293,12,50,24,5211
10297,10,52,26,5212
10301,4,50,23,5212
10305,0,35,9,5205
10309,2,41,15,5205
10313,3,39,12,5263
10317,-2,38,11,5263
10321,0,37,9,5267
10325,7,47,19,5267
10329,9,40,12,5267
10333,8,45,16,5267
10337,13,54,26,5248
10341,19,52,23,5248
10345,20,53,25,5221
10349,10,49,21,5221
10353,13,57,28,5203
10357,15,57,28,5203
10361,13,53,25,5216
10365,4,44,15,5216
10369,4,48,19,5223
10373,9,51,21,5223
10377,6,39,11,5254
10381,6,46,16,5254
10385,7,51,22,5254
10389,2,44,14,5254
10393,7,53,23,5234
10397,15,58,29,5234
10401,10,53,23,5192
10405,15,56,27,5192
10409,17,63,34,5211
10413,14,59,30,5211
10417,14,65,35,5163
10421,13,61,32,5163
10425,8,54,26,5164
10429,2,53,25,5164
10433,5,52,25,5191
10437,6,57,31,5191
10441,4,58,32,5193
10445,2,52,27,5193
10449,7,60,35,5161
10453,10,59,35,5161
10457,6,53,30,5146
10461,8,59,36,5146
10465,6,59,38,5153
10469,2,58,37,5153
10473,2,59,40,5118
10477,2,61,42,5118
10481,-2,51,34,5105
10485,-6,42,27,5105
10489,-4,52,37,5161
10493,-4,46,32,5161
10497,-4,53,41,5144
10501,-6,44,33,5144
10505,-4,53,44,5130
10509,-2,55,46,5130
10513,-6,44,37,5087
10517,-6,44,39,5087
10521,-6,44,40,5134
10525,-6,43,41,5134
10529,-8,40,40,5124
10533,-10,38,39,5124
10537,-11,36,39,5123
10541,-11,34,39,5123
10545,-19,31,38,5143
10549,-23,24,33,5143
10553,-19,25,34,5172
10557,-17,30,42,5172
10561,-17,20,34,5181
10565,-14,21,37,5181
10569,-12,28,45,5201
10573,-6,25,44,5201
10577,-6,31,51,5165
10581,-4,31,53,5165
10585,-11,30,52,5127
10589,-12,26,49,5127
10593,-10,24,50,5134
10597,-18,9,35,5134
10601,-21,10,37,5175
10605,-20,15,43,5175
10609,-20,10,39,5244
10613,-20,7,37,5244
10617,-19,6,36,5256
10621,-19,3,34,5256
10625,-15,11,43,5286
10629,-14,9,42,5286
10633,-14,7,40,5257
10637,-13,6,40,5257
10641,-12,6,39,5280
10645,-8,8,42,5280
10649,-9,6,41,5281
10653,-8,6,41,5281
10657,-3,11,46,5284
10661,-7,7,42,5284
10665,-11,2,38,5267
10669,-9,10,45,5267
10673,-5,6,41,5304
10677,-6,4,40,5304
10681,-10,1,36,5306
10685,-8,3,38,5306
10689,-4,6,41,5315
10693,-4,0,35,5315
10697,-2,-2,32,5316
10701,1,3,37,5316
10705,2,6,40,5324
10709,5,11,44,5324
10713,9,16,50,5304
10717,2,6,39,5304
10721,4,4,36,5283
10725,8,5,37,5283
10729,9,11,41,5333
10733,8,8,37,5333
10737,11,15,43,5315
10741,15,11,37,5315
10745,15,17,42,5297
10749,19,20,44,5297
10753,21,22,44,5302
10757,15,23,44,5302
10761,18,26,44,5279
10765,22,35,52,5279
10769,18,31,46,5266
10773,16,23,36,5266
10777,17,25,35,5277
10781,19,34,42,5277
10785,14,30,36,5286
10789,14,36,40,5286
10793,12,34,35,5267
10797,9,31,29,5267
10801,9,31,26,5258
10805,8,31,23,5258
10809,10,39,28,5295
10813,11,40,26,5295
10817,13,47,32,5261
10821,11,45,27,5261
10825,15,49,29,5212
10829,17,58,35,5212
10833,18,59,33,5164
10837,15,62,34,5164
10841,15,62,32,5086
10845,16,68,37,5086
10849,11,62,30,5013
10853,7,69,36,5013
10857,1,52,19,5011
10861,0,62,27,5011
10865,-2,54,19,5077
10869,-5,54,18,5077
10873,-4,56,20,5094
10877,-13,42,6,5094
10881,-12,50,15,5105
10885,-8,48,12,5105
10889,-7,50,15,5121
10893,-9,55,20,5121
10897,-7,50,15,5119
10901,-2,50,15,5119
10905,0,60,25,5143
10909,2,62,28,5143
10913,4,65,31,5126
10917,3,59,25,5126
10921,2,66,32,5131
10925,-1,63,30,5131
10929,0,57,24,5138
10933,-4,61,28,5138
10937,-9,48,16,5169
10941,-9,49,17,5169
10945,-16,47,16,5219
10949,-16,45,15,5219
10953,-12,41,11,5228
10957,-12,41,11,5228
10961,-12,47,17,5265
10965,-11,41,11,5265
10969,-12,40,9,5255
10973,-11,41,10,5255
10977,-12,46,15,5272
10981,-5,51,21,5272
10985,-4,46,15,5252
10989,-7,44,12,5252
10993,6,56,25,5247
10997,11,57,25,5247
11001,9,58,26,5220
11005,8,59,28,5220
11009,10,63,32,5201
11013,6,61,30,5201
11017,0,56,25,5191
11021,1,63,33,5191
11025,-3,52,22,5206
11029,-8,47,18,5206
11033,-10,38,9,5248
11037,-11,44,15,5248
11041,-17,37,9,5295
11045,-19,27,0,5295
11049,-15,31,3,5344
11053,-14,32,4,5344
11057,-7,33,4,5361
11061,2,42,14,5361
11065,6,48,20,5371
11069,13,51,23,5371
11073,20,62,33,5307
11077,21,60,32,5307
11081,21,65,36,5276
11085,24,72,43,5276
11089,27,66,37,5249
11093,18,63,34,5249
11097,14,58,27,5252
11101,9,58,26,5252
11105,2,48,16,5267
11109,-1,48,16,5267
11113,3,53,22,5308
11117,1,42,9,5308
11121,1,46,14,5297
11125,5,47,14,5297
11129,9,55,22,5307
11133,15,58,25,5307
11137,25,67,33,5266
11141,24,67,32,5266
11145,20,70,35,5223
11149,25,73,38,5223
11153,27,82,45,5210
11157,19,73,36,5210
11161,16,75,38,5175
11165,8,65,28,5175
11169,8,69,31,5190
11173,4,68,30,5190
11177,3,56,20,5172
11181,2,60,22,5172
11185,-2,59,21,5211
11189,9,66,27,5211
11193,13,74,34,5200
11197,12,77,37,5200
11201,14,70,29,5146
11205,22,83,42,5146
11209,21,87,46,5153
11213,15,86,44,5153
11217,13,88,47,5076
11221,8,78,38,5076
11225,7,80,40,5050
11229,7,82,43,5050
11233,3,80,41,5061
11237,1,72,34,5061
11241,0,73,35,5067
11245,1,75,37,5067
11249,0,75,37,5076
11253,2,78,40,5076
11257,6,83,46,5067
11261,1,79,42,5067
11265,0,79,42,5046
11269,4,84,46,5046
11273,2,82,45,5047
11277,0,87,49,5047
11281,0,87,48,5027
11285,1,87,48,5027
11289,-1,91,52,5002
11293,0,84,45,5002
11297,0,84,44,5000
11301,-13,77,38,5000
11305,-12,81,41,5050
11309,-5,85,45,5050
11313,-5,77,36,5049
11317,-21,67,26,5049
11321,-12,79,37,5105
11325,-3,84,43,5105
11329,-10,77,34,5083
11333,-9,82,39,5083
11337,-8,87,43,5079
11341,-2,90,45,5079
11345,1,98,52,5058
11349,-7,81,34,5058
11353,-9,83,36,5095
11357,-9,87,39,5095
11361,-7,92,43,5135
11365,-14,81,31,5135
11369,-20,72,22,5138
11373,-11,77,27,5138
11377,-11,79,30,5209
11381,-15,78,29,5209
11385,-9,86,38,5161
11389,-8,83,35,5161
11393,-4,90,42,5151
11397,-5,85,38,5151
11401,2,94,49,5142
11405,2,91,46,5142
11409,4,91,47,5107
11413,0,91,48,5107
11417,-9,85,43,5105
11421,-5,83,43,5105
11425,-6,85,46,5115
11429,-6,86,49,5115
11433,-13,75,39,5086
11437,-11,72,37,5086
11441,-14,71,36,5147
11445,-15,71,38,5147
11449,-11,76,43,5152
11453,-11,71,39,5152
11457,-13,72,40,5139
11461,-7,79,47,5139
11465,-3,85,53,5135
11469,-5,85,52,5135
11473,-3,76,43,5123
11477,-2,80,48,5123
11481,-2,83,50,5153
11485,-11,77,44,5153
11489,-11,72,39,5129
11493,-14,70,38,5129
11497,-18,67,36,5169
11501,-18,68,36,5169
11505,-18,68,37,5172
11509,-15,64,33,5172
11513,-15,65,35,5186
11517,-10,71,41,5186
11521,-11,65,36,5181
11525,-14,64,35,5181
11529,-9,70,41,5201
11533,-9,71,42,5201
11537,-13,62,34,5171
11541,-18,59,30,5171
11545,-16,62,33,5220
11549,-17,61,32,5220
11553,-18,61,32,5229
11557,-17,62,33,5229
11561,-17,62,33,5220
11565,-17,55,27,5220
11569,-18,55,27,5229
11573,-17,56,29,5229
11577,-13,60,33,5249
11581,-13,55,27,5249
11585,-4,65,38,5230
11589,-7,64,37,5230
11593,-8,64,38,5229
11597,-5,68,42,5229
11601,-11,57,31,5219
11605,-21,49,24,5219
11609,-18,45,20,5268
11613,-16,42,18,5268
11617,-20,40,16,5327
11621,-23,38,15,5327
11625,-22,40,17,5370
11629,-18,38,15,5370
11633,-16,41,19,5360
11637,-13,39,17,5360
11641,-13,42,20,5362
11645,-10,41,19,5362
11649,-10,37,16,5353
11653,-7,43,22,5353
11657,-5,43,21,5362
11661,2,53,31,5362
11665,2,57,35,5326
11669,-3,49,27,5326
11673,-7,43,21,5286
11677,-6,47,25,5286
11681,-6,38,16,5314
11685,-13,35,14,5314
11689,-12,33,11,5354
11693,-8,40,19,5354
11697,-5,40,19,5379
11701,-3,34,13,5379
11705,-3,39,19,5356
11709,-1,40,19,5356
11713,0,40,19,5351
11717,-4,41,21,5351
11721,-14,30,9,5352
11725,1,41,21,5352
11729,1,40,20,5352
11733,-7,26,6,5352
11737,1,39,19,5355
11741,3,41,21,5355
11745,0,38,18,5347
11749,1,32,12,5347
11753,3,35,15,5363
11757,0,39,19,5363
11761,0,33,12,5363
11765,1,40,20,5363
11769,-1,32,11,5363
11773,0,33,13,5363
11777,5,38,18,5391
11781,3,37,17,5391
11785,-1,28,8,5354
11789,2,33,12,5354
11793,6,37,17,5391
11797,1,34,13,5391
11801,1,36,14,5366
11805,2,31,10,5366
11809,3,28,6,5366
11813,6,33,12,5366
11817,2,26,5,5388
11821,3,30,8,5388
11825,5,34,13,5392
11829,8,39,18,5392
11833,6,33,12,5363
11837,0,25,3,5363
11841,1,23,1,5373
11845,6,31,9,5373
11849,9,36,15,5408
11853,7,32,10,5408
11857,4,27,5,5376
11861,8,34,12,5376
11865,14,37,15,5383
11869,11,33,11,5383
11873,8,34,13,5368
11877,11,35,13,5368
11881,9,32,10,5369
11885,9,30,8,5369
11889,7,33,11,5363
11893,4,29,6,5363
11897,2,24,3,5382
11901,1,22,0,5382
11905,2,27,5,5399
11909,2,20,-3,5399
11913,5,28,4,5413
11917,10,25,1,5413
11921,15,36,12,5406
11925,15,31,6,5406
11929,15,32,7,5391
11933,25,48,23,5391
11937,27,45,20,5354
11941,24,44,19,5354
11945,25,47,21,5319
11949,23,47,21,5319
11953,22,47,22,5297
11957,20,41,15,5297
11961,17,40,14,5288
11965,19,50,24,5288
11969,17,42,16,5285
11973,12,39,13,5285
11977,15,37,10,5288
11981,18,48,21,5288
11985,17,48,21,5285
11989,17,42,16,5285
11993,18,52,25,5244
11997,21,49,23,5244
12001,18,49,22,5192
12005,18,50,24,5192
12009,17,50,25,5191
12013,16,51,25,5191
12017,5,40,16,5182
12021,2,37,13,5182
12025,8,42,19,5221
12029,5,45,22,5221
12033,5,38,16,5201
12037,6,45,23,5201
12041,12,49,29,5211
12045,15,46,26,5211
12049,11,49,30,5163
12053,17,54,37,5163
12057,16,59,44,5134
12061,4,40,25,5134
12065,3,43,31,5118
12069,1,45,35,5118
12073,0,34,26,5162
12077,-7,31,25,5162
12081,-10,30,26,5211
12085,-6,29,28,5211
12089,-6,24,27,5210
12093,-5,28,33,5210
12097,1,29,37,5228
12101,0,25,35,5228
12105,-2,27,39,5191
12109,5,36,51,5191
12113,1,28,46,5152
12117,-2,27,48,5152
12121,-2,23,46,5126
12125,-4,17,42,5126
12129,1,31,58,5135
12133,0,25,53,5135
12137,-8,20,50,5064
12141,-7,15,46,5064
12145,-3,21,53,5092
12149,-12,7,41,5092
12153,-17,4,39,5095
12157,-12,9,46,5095
12161,-11,11,48,5149
12165,-17,0,38,5149
12169,-16,1,41,5124
12173,-8,10,50,5124
12177,-9,10,51,5161
12181,-7,6,48,5161
12185,-6,9,51,5140
12189,0,16,59,5140
12193,0,11,55,5135
12197,-2,12,56,5135
12201,-9,-4,39,5154
12205,5,12,56,5154
12209,5,15,60,5195
12213,1,2,47,5195
12217,4,9,54,5195
12221,13,16,61,5195
12225,8,11,55,5191
12229,7,15,59,5191
12233,11,17,61,5209
12237,9,19,63,5209
12241,8,10,54,5191
12245,12,13,58,5191
12249,16,23,67,5229
12253,10,16,61,5229
12257,9,8,53,5206
12261,12,18,62,5206
12265,16,21,64,5232
12269,12,17,60,5232
12273,14,19,62,5210
12277,20,31,74,5210
12281,16,27,70,5202
12285,19,23,66,5202
12289,19,31,73,5200
12293,16,28,70,5200
12297,12,24,65,5177
12301,11,23,64,5177
12305,8,26,66,5186
12309,6,16,56,5186
12313,5,15,54,5189
12317,9,26,64,5189
12321,7,23,60,5213
12325,8,23,60,5213
12329,12,33,69,5171
12333,12,33,67,5171
12337,14,40,74,5144
12341,14,40,72,5144
12345,13,45,76,5094
12349,11,41,71,5094
12353,7,43,72,5067
12357,7,40,67,5067
12361,3,41,67,5055
12365,1,36,61,5055
12369,-2,31,54,5049
12373,-7,31,52,5049
12377,-6,34,54,5096
12381,-6,30,49,5096
12385,-4,37,53,5076
12389,-4,40,54,5076
12393,-5,42,54,5067
12397,-1,48,58,5067
12401,-1,51,59,5018
12405,-2,46,52,5018
12409,0,51,56,4991
12413,1,55,58,4991
12417,1,59,58,4950
12421,-5,55,53,4950
12425,-8,59,56,4956
12429,-13,54,49,4956
12433,-13,53,46,4973
12437,-17,49,39,4973
12441,-17,55,43,5013
12445,-21,49,35,5013
12449,-21,53,38,5047
12453,-24,46,31,5047
12457,-24,44,27,5065
12461,-20,45,28,5065
12465,-19,44,26,5105
12469,-16,52,33,5105
12473,-19,47,27,5114
12477,-19,51,30,5114
12481,-19,49,26,5104
12485,-15,50,27,5104
12489,-16,53,29,5134
12493,-21,45,22,5134
12497,-21,49,25,5136
12501,-23,43,19,5136
12505,-23,39,15,5166
12509,-26,39,15,5166
12513,-29,32,8,5219
12517,-23,34,10,5219
12521,-24,37,12,5285
12525,-32,25,1,5285
12529,-29,30,6,5285
12533,-18,31,6,5285
12537,-16,37,12,5312
12541,-18,33,8,5312
12545,-13,35,11,5310
12549,-6,41,16,5310
12553,-10,42,18,5296
12557,-9,41,17,5296
12561,-6,36,12,5277
12565,-6,42,19,5277
12569,-10,37,13,5282
12573,-9,31,7,5282
12577,-8,38,14,5309
12581,-10,34,11,5309
12585,-14,29,7,5306
12589,-11,25,2,5306
12593,-12,24,1,5334
12597,-19,17,-4,5334
12601,-18,12,-10,5372
12605,-11,24,2,5372
12609,-11,18,-3,5377
12613,-10,20,-1,5377
12617,3,27,5,5373
12621,6,32,10,5373
12625,10,33,10,5375
12629,15,36,13,5375
12633,16,41,18,5357
12637,17,34,11,5357
12641,17,40,17,5323
12645,18,34,11,5323
12649,19,41,18,5323
12653,19,41,17,5323
12657,16,38,14,5318
12661,15,36,13,5318
12665,8,29,6,5323
12669,7,28,4,5323
12673,12,38,14,5345
12677,11,30,5,5345
12681,10,29,4,5333
12685,12,26,0,5333
12689,17,38,12,5368
12693,23,44,18,5368
12697,26,43,16,5316
12701,29,54,27,5316
12705,30,51,23,5276
12709,27,51,23,5276
12713,29,56,27,5238
12717,30,53,24,5238
12721,28,61,32,5198
12725,24,59,29,5198
12729,23,53,23,5173
12733,21,59,29,5173
12737,16,55,24,5182
12741,14,53,23,5182
12745,14,53,22,5174
12749,11,51,20,5174
12753,7,53,21,5176
12757,0,45,13,5176
12761,6,42,11,5191
12765,7,50,18,5191
12769,1,49,17,5220
12773,2,48,16,5220
12777,8,52,19,5207
12781,4,53,21,5207
12785,2,50,17,5187
12789,11,56,23,5187
12793,12,62,29,5209
12797,4,53,20,5209
12801,7,61,27,5172
12805,9,60,27,5172
12809,7,56,23,5183
12813,3,57,24,5183
12817,1,52,19,5177
12821,0,55,22,5177
12825,0,57,25,5201
12829,-1,53,20,5201
12833,-3,54,22,5183
12837,-11,48,16,5183
12841,2,55,24,5210
12845,0,56,25,5210
12849,-7,51,21,5191
12853,1,60,30,5191
12857,8,68,39,5210
12861,4,53,25,5210
12865,1,54,26,5171
12869,-1,55,28,5171
12873,-4,53,27,5219
12877,-4,54,28,5219
12881,-2,57,31,5207
12885,-10,49,25,5207
12889,-12,41,18,5181
12893,-7,46,24,5181
12897,-6,48,26,5247
12901,-11,44,23,5247
12905,-18,31,10,5221
12909,-10,39,19,5221
12913,-10,39,20,5295
12917,-11,38,21,5295
12921,-13,36,20,5257
12925,-6,42,28,5257
12929,-4,44,30,5266
12933,-1,47,35,5266
12937,1,49,39,5214
12941,4,46,37,5214
12945,4,48,40,5163
12949,-9,36,30,5163
12953,-9,36,31,5173
12957,-6,38,35,5173
12961,-6,30,30,5218
12965,-11,32,33,5218
12969,-11,31,33,5237
12973,-10,31,35,5237
12977,-11,29,34,5228
12981,-9,29,36,5228
12985,-10,21,29,5220
12989,-8,23,33,5220
12993,-5,32,43,5247
12997,-12,18,31,5247
13001,-12,17,32,5220
13005,-10,25,41,5220
13009,-9,17,35,5252
13013,-10,16,35,5252
13017,-10,9,29,5255
13021,-6,19,41,5255
13025,-6,19,42,5269
13029,-7,17,42,5269
13033,1,18,44,5229
13037,0,18,45,5229
13041,-1,24,52,5228
13045,-4,15,43,5228
13049,0,13,43,5181
13053,-1,20,51,5181
13057,-2,19,50,5191
13061,-8,7,39,5191
13065,-9,7,39,5187
13069,-9,7,40,5187
13073,-8,8,41,5229
13077,-9,7,40,5229
13081,-9,7,41,5220
13085,-8,2,36,5220
13089,-10,1,35,5228
13093,-5,6,41,5228
13097,1,6,41,5257
13101,2,10,45,5257
13105,1,11,46,5238
13109,3,8,43,5238
13113,3,11,46,5221
13117,2,12,48,5221
13121,3,15,50,5209
13125,1,8,44,5209
13129,0,10,45,5205
13133,1,13,47,5205
13137,-3,4,38,5228
13141,-8,2,35,5228
13145,-9,-3,29,5272
13149,-6,1,33,5272
13153,-5,3,36,5315
13157,-4,0,32,5315
13161,3,9,41,5314
13165,8,10,42,5314
13169,7,7,38,5286
13173,8,7,37,5286
13177,15,19,48,5296
13181,20,22,51,5296
13185,18,20,48,5253
13189,17,19,46,5253
13193,21,29,55,5228
13197,15,23,47,5228
13201,13,26,50,5238
13205,12,24,46,5238
13209,9,20,40,5244
13213,6,23,41,5244
13217,5,14,30,5276
13221,7,21,36,5276
13225,8,21,34,5314
13229,8,22,31,5314
13233,11,31,38,5298
13237,13,26,31,5298
13241,19,39,42,5279
13245,21,42,42,5279
13249,16,38,37,5219
13253,19,48,45,5219
13257,19,49,43,5172
13261,18,54,46,5172
13265,14,44,34,5103
13269,9,46,34,5103
13273,6,48,34,5135
13277,5,46,29,5135
13281,2,47,29,5107
13285,-1,42,22,5107
13289,0,40,19,5115
13293,2,47,24,5115
13297,3,52,27,5105
13301,2,48,22,5105
13305,6,57,29,5061
13309,7,62,33,5061
13313,7,59,29,5001
13317,4,60,30,5001
13321,5,64,33,5000
13325,5,60,28,5000
13329,-2,55,24,5018
13333,-7,52,21,5018
13337,-10,50,19,5059
13341,-10,50,19,5059
13345,-15,45,14,5083
13349,-17,43,12,5083
13353,-9,44,12,5107
13357,-9,51,20,5107
13361,-20,34,3,5123
13365,-13,40,10,5123
13369,-2,51,21,5177
13373,-5,50,19,5177
13377,1,57,26,5131
13381,4,54,24,5131
13385,1,60,30,5133
13389,0,59,29,5133
13393,-1,52,23,5124
13397,0,61,31,5124
13401,-4,50,21,5135
13405,-4,51,22,5135
13409,-16,46,17,5161
13413,-14,40,11,5161
13417,-12,41,12,5201
13421,-13,34,5,5201
13425,-14,40,11,5239
13429,-13,40,11,5239
13433,-9,43,14,5248
13437,0,46,17,5248
13441,3,50,21,5230
13445,5,47,19,5230
13449,2,54,26,5187
13453,-3,44,15,5187
13457,1,55,27,5186
13461,0,49,20,5186
13465,-2,48,19,5171
13469,-5,46,17,5171
13473,-5,40,11,5211
13477,-5,42,12,5211
13481,-9,39,9,5237
13485,-7,42,12,5237
13489,-5,44,14,5264
13493,-6,38,8,5264
13497,-4,41,11,5238
13501,0,46,16,5238
13505,4,46,15,5246
13509,4,48,18,5246
13513,5,51,21,5218
13517,8,50,20,5218
13521,4,49,19,5219
13525,1,49,18,5219
13529,3,52,21,5219
13533,2,53,21,5219
13537,0,46,14,5219
13541,-2,47,13,5219
13545,-3,47,14,5231
13549,-5,46,12,5231
13553,-3,43,9,5241
13557,-2,46,12,5241
13561,-2,41,7,5247
13565,0,45,11,5247
13569,1,48,15,5248
13573,-1,41,9,5248
13577,1,46,13,5237
13581,3,49,17,5237
13585,2,50,18,5246
13589,5,54,23,5246
13593,4,49,17,5224
13597,5,52,20,5224
13601,7,56,24,5230
13605,6,51,19,5230
13609,2,44,12,5201
13613,1,46,14,5201
13617,6,53,20,5267
13621,3,52,20,5267
13625,0,45,13,5223
13629,-3,45,12,5223
13633,1,50,17,5260
13637,0,50,18,5260
13641,-1,44,12,5220
13645,-1,46,15,5220
13649,-1,42,10,5247
13653,-2,43,12,5247
13657,1,42,10,5270
13661,-2,42,10,5270
13665,-3,43,11,5284
13669,4,45,14,5284
13673,5,49,17,5275
13677,2,49,17,5275
13681,5,54,22,5237
13685,7,51,20,5237
13689,5,53,21,5220
13693,5,54,23,5220
13697,5,56,25,5221
13701,3,50,18,5221
13705,2,51,20,5221
13709,0,51,20,5221
13713,-2,44,13,5242
13717,-4,44,13,5242
13721,-1,48,17,5271
13725,-7,44,13,5271
13729,-10,42,10,5257
13733,-6,39,8,5257
13737,-6,41,9,5286
13741,-7,41,10,5286
13745,6,48,17,5296
13749,5,44,13,5296
13753,5,48,16,5270
13757,7,52,21,5270
13761,9,57,26,5257
13765,13,57,26,5257
13769,9,57,25,5226
13773,5,56,24,5226
13777,5,52,19,5202
13781,7,57,24,5202
13785,0,52,20,5220
13789,1,54,22,5220
13793,0,55,22,5211
13797,-3,46,14,5211
13801,-8,43,10,5233
13805,4,55,23,5233
13809,1,53,22,5265
13813,-5,49,17,5265
13817,3,51,19,5246
13821,6,50,18,5246
13825,4,51,19,5229
13829,4,54,22,5229
13833,2,54,22,5235
13837,-1,52,20,5235
13841,0,55,22,5227
13845,0,49,17,5227
13849,-1,50,18,5238
13853,-4,49,16,5238
13857,0,53,21,5228
13861,1,55,23,5228
13865,3,52,20,5245
13869,-1,49,18,5245
13873,-2,50,19,5246
13877,4,57,26,5246
13881,3,57,27,5239
13885,1,55,26,5239
13889,-8,47,18,5230
13893,4,58,29,5230
13897,2,57,28,5239
13901,-1,48,20,5239
13905,-6,45,17,5225
13909,2,53,25,5225
13913,4,56,28,5262
13917,-1,52,25,5262
13921,-1,52,26,5224
13925,3,56,31,5224
13929,5,58,34,5201
13933,-1,53,29,5201
13937,1,55,32,5189
13941,1,54,33,5189
13945,0,52,33,5179
13949,0,52,34,5179
13953,-3,48,33,5172
13957,-1,49,35,5172
13961,0,49,37,5171
13965,-5,43,34,5171
13969,-5,42,34,5157
13973,-1,44,39,5157
13977,-7,37,34,5161
13981,-13,29,29,5161
13985,-5,41,43,5200
13989,-2,41,46,5200
13993,-6,29,36,5153
13997,-5,29,39,5153
14001,-5,28,40,5181
14005,-4,34,48,5181
14009,-8,28,45,5151
14013,-7,20,40,5151
14017,-9,17,39,5169
14021,-10,21,45,5169
14025,-10,19,44,5199
14029,-10,22,50,5199
14033,-11,12,42,5161
14037,-10,12,43,5161
14041,-8,18,51,5210
14045,-9,8,43,5210
14049,-9,14,50,5187
14053,-3,17,55,5187
14057,-3,16,55,5162
14061,-11,7,48,5162
14065,-11,5,47,5180
14069,-6,15,57,5180
14073,-10,3,45,5219
14077,-8,4,47,5219
14081,-6,11,55,5246
14085,-4,11,55,5246
14089,-6,2,47,5213
14093,-5,9,54,5213
14097,1,14,59,5246
14101,-1,6,51,5246
14105,-8,0,45,5229
14109,-11,-2,42,5229
14113,-1,12,58,5257
14117,-2,10,56,5257
14121,-6,6,52,5236
14125,5,3,49,5236
14129,7,8,54,5251
14133,5,8,54,5251
14137,12,17,63,5236
14141,16,17,63,5236
14145,18,22,68,5239
14149,18,12,59,5239
14153,20,19,66,5237
14157,22,26,72,5237
14161,18,20,66,5237
14165,12,12,58,5237
14169,13,17,63,5257
14173,14,15,61,5257
14177,13,19,64,5255
14181,8,11,57,5255
14185,11,12,57,5256
14189,19,24,69,5256
14193,21,24,69,5256
14197,20,29,73,5256
14201,21,28,72,5230
14205,25,30,74,5230
14209,28,33,76,5224
14213,25,37,80,5224
14217,24,35,78,5193
14221,24,40,83,5193
14225,24,39,81,5173
14229,22,43,83,5173
14233,18,38,77,5153
14237,19,43,82,5153
14241,19,41,80,5125
14245,17,45,82,5125
14249,14,40,76,5096
14253,11,41,76,5096
14257,10,37,72,5076
14261,9,40,74,5076
14265,13,48,81,5066
14269,13,52,83,5066
14273,10,52,82,5020
14277,9,48,76,5020
14281,11,54,80,4983
14285,12,58,83,4983
14289,4,54,76,4950
14293,-1,51,71,4950
14297,1,55,72,4954
14301,0,56,69,4954
14305,0,64,75,4944
14309,-7,58,66,4944
14313,-5,59,65,4973
14317,-7,57,60,4973
14321,1,59,59,4985
14325,5,72,70,4985
14329,5,72,68,5004
14333,4,79,73,5004
14337,7,81,74,4991
14341,2,83,74,4991
14345,-7,72,62,5008
14349,-7,70,59,5008
14353,-9,72,59,5067
14357,-9,70,55,5067
14361,-16,68,52,5047
14365,-19,61,44,5047
14369,-16,61,42,5065
14373,-17,65,44,5065
14377,-15,63,41,5094
14381,-8,74,51,5094
14385,-9,77,53,5085
14389,-5,77,52,5085
14393,0,86,61,5067
14397,1,91,65,5067
14401,-4,89,63,5048
14405,-5,78,51,5048
14409,-7,79,52,5078
14413,-7,82,55,5078
14417,-16,68,42,5103
14421,-19,67,41,5103
14425,-20,67,41,5151
14429,-20,67,43,5151
14433,-20,55,31,5151
14437,-21,57,32,5151
14441,-23,56,32,5188
14445,-24,57,32,5188
14449,-17,58,33,5186
14453,-9,68,43,5186
14457,-20,61,35,5174
14461,-19,56,30,5174
14465,0,77,50,5191
14469,-2,78,51,5191
14473,-3,80,53,5143
14477,6,84,57,5143
14481,7,84,56,5106
14485,2,83,55,5106
14489,3,87,59,5100
14493,1,87,61,5100
14497,2,90,64,5095
14501,0,89,65,5095
14505,-10,67,44,5096
14509,-14,65,43,5096
14513,-19,60,39,5208
14517,-19,59,40,5208
14521,-25,54,35,5238
14525,-31,41,23,5238
14529,-29,43,25,5275
14533,-25,47,29,5275
14537,-23,43,24,5315
14541,-19,48,29,5315
14545,-4,58,38,5313
14549,3,68,48,5313
14553,11,74,54,5219
14557,15,77,56,5219
14561,12,81,60,5141
14565,8,81,61,5141
14569,5,82,62,5103
14573,3,83,62,5103
14577,-7,69,48,5095
14581,-11,60,40,5095
14585,-15,57,37,5188
14589,-16,57,38,5188
14593,-24,44,24,5236
14597,-24,45,25,5236
14601,-26,44,23,5295
14605,-24,40,19,5295
14609,-22,43,22,5312
14613,-15,45,23,5312
14617,-11,52,30,5313
14621,2,60,38,5313
14625,4,67,44,5271
14629,8,74,51,5271
14633,12,77,53,5179
14637,10,73,50,5179
14641,3,71,48,5152
14645,2,67,44,5152
14649,1,70,47,5145
14653,-8,64,42,5145
14657,-8,59,37,5145
14661,-16,48,25,5145
14665,-17,49,26,5211
14669,-24,43,22,5211
14673,-26,35,14,5266
14677,-25,37,16,5266
14681,-24,38,18,5313
14685,-28,29,10,5313
14689,-19,33,13,5341
14693,-13,41,21,5341
14697,-1,49,29,5355
14701,3,57,37,5355
14705,6,58,39,5274
14709,8,58,39,5274
14713,4,54,35,5204
14717,2,57,38,5204
14721,-1,58,39,5217
14725,-1,55,36,5217
14729,-17,43,25,5191
14733,-31,25,6,5191
14737,-23,33,15,5303
14741,-22,29,11,5303
14745,-30,17,0,5343
14749,-27,16,-1,5343
14753,-17,28,10,5389
14757,-11,30,12,5389
14761,-8,31,13,5381
14765,-2,30,11,5381
14769,-6,27,8,5390
14773,7,39,20,5390
14777,10,43,23,5390
14781,6,41,20,5390
14785,16,45,24,5370
14789,22,54,33,5370
14793,19,54,33,5341
14797,14,40,18,5341
14801,17,47,25,5313
14805,19,53,30,5313
14809,14,45,22,5306
14813,11,46,24,5306
14817,9,47,24,5315
14821,5,33,10,5315
14825,10,42,18,5307
14829,9,44,21,5307
14833,9,41,17,5314
14837,8,38,14,5314
14841,12,40,15,5317
14845,17,49,24,5317
14849,13,44,19,5308
14853,14,50,24,5308
14857,16,50,24,5285
14861,19,52,25,5285
14865,21,60,32,5248
14869,17,54,26,5248
14873,19,55,27,5221
14877,17,52,24,5221
14881,14,55,27,5221
14885,12,51,23,5221
14889,-2,42,14,5210
14893,4,45,16,5210
14897,6,50,22,5248
14901,-1,41,12,5248
14905,0,39,9,5228
14909,5,42,12,5228
14913,12,53,22,5272
14917,9,55,24,5272
14921,9,47,15,5223
14925,22,64,33,5223
14929,22,64,32,5210
14933,13,61,30,5210
14937,12,58,27,5181
14941,10,60,30,5181
14945,10,64,34,5162
14949,-2,42,13,5162
14953,-7,40,12,5183
14957,-4,46,18,5183
14961,-9,30,3,5256
14965,-8,35,7,5256
14969,-12,33,6,5309
14973,-9,38,11,5309
14977,-3,40,12,5305
14981,2,48,20,5305
14985,7,50,21,5276
14989,13,53,25,5276
14993,16,62,33,5226
14997,14,59,29,5226
15001,13,63,34,5153
15005,11,59,30,5153
15009,2,54,25,5135
15013,-4,45,16,5135
15017,-6,38,11,5191
15021,-5,43,15,5191
15025,-19,31,4,5248
15029,-19,26,-1,5248
15033,-12,34,6,5305
15037,-10,32,4,5305
15041,-10,35,6,5313
15045,6,46,18,5313
15049,6,44,16,5297
15053,11,54,25,5297
15057,16,51,22,5229
15061,18,59,31,5229
15065,15,56,27,5211
15069,12,59,30,5211
15073,8,47,18,5201
15077,4,48,20,5201
15081,3,45,16,5235
15085,1,42,13,5235
15089,-2,37,8,5257
15093,-3,41,12,5257
15097,-3,38,9,5281
15101,6,51,22,5281
15105,3,40,10,5272
15109,7,43,13,5272
15113,17,59,28,5262
15117,20,56,25,5262
15121,14,58,27,5205
15125,15,59,27,5205
15129,19,62,31,5181
15133,11,61,30,5181
15137,5,48,16,5175
15141,6,54,23,5175
15145,4,51,19,5217
15149,-2,50,18,5217
15153,-5,38,6,5201
15157,-3,45,13,5201
15161,-3,42,11,5256
15165,-1,48,17,5256
15169,0,47,15,5228
15173,-2,43,12,5228
15177,2,46,14,5213
15181,8,56,24,5213
15185,3,50,18,5192
15189,5,51,19,5192
15193,7,51,19,5201
15197,5,55,23,5201
15201,-1,47,15,5194
15205,0,53,20,5194
15209,-1,49,16,5213
15213,-8,46,13,5213
15217,-12,38,5,5219
15221,-9,38,5,5219
15225,-9,41,8,5267
15229,-10,36,4,5267
15233,-7,42,10,5273
15237,0,46,14,5273
15241,0,43,12,5247
15245,0,42,10,5247
15249,0,46,15,5244
15253,-1,49,18,5244
15257,0,47,16,5212
15261,1,52,21,5212
15265,-4,44,13,5193
15269,-5,39,9,5193
15273,-4,38,7,5237
15277,-5,41,10,5237
15281,-4,45,15,5265
15285,-9,36,6,5265
15289,-7,35,5,5255
15293,-9,30,1,5255
15297,-9,34,4,5286
15301,-8,31,2,5286
15305,-8,35,6,5313
15309,0,45,16,5313
15313,2,44,15,5286
15317,1,41,12,5286
15321,3,41,12,5257
15325,9,51,22,5257
15329,3,44,15,5237
15333,-2,37,8,5237
15337,0,37,8,5240
15341,-1,40,12,5240
15345,-1,38,9,5268
15349,-8,36,7,5268
15353,-9,37,8,5269
15357,-4,32,3,5269
15361,-7,33,4,5292
15365,-9,29,0,5292
15369,-9,32,3,5321
15373,-1,30,1,5321
15377,6,42,12,5315
15381,7,41,12,5315
15385,6,40,10,5297
15389,13,52,22,5297
15393,16,53,24,5283
15397,10,41,12,5283
15401,10,47,19,5243
15405,13,49,21,5243
15409,11,47,19,5237
15413,6,42,14,5237
15417,6,41,13,5246
15421,5,40,12,5246
15425,3,43,15,5257
15429,0,39,10,5257
15433,1,38,10,5247
15437,0,36,7,5247
15441,-3,32,3,5284
15445,1,34,6,5284
15449,2,34,7,5305
15453,-2,30,2,5305
15457,4,34,8,5314
15461,9,39,13,5314
15465,11,47,22,5300
15469,13,48,24,5300
15473,15,49,26,5228
15477,16,44,22,5228
15481,14,42,22,5208
15485,14,49,31,5208
15489,9,43,27,5213
15493,7,39,26,5213
15497,7,43,33,5191
15501,1,27,22,5191
15505,1,24,23,5213
15509,4,31,33,5213
15513,1,25,31,5245
15517,1,27,38,5245
15521,6,28,43,5213
15525,10,34,54,5213
15529,5,20,43,5138
15533,2,21,47,5138
15537,6,21,51,5138
15541,5,17,51,5138
15545,-3,13,50,5115
15549,-5,13,52,5115
15553,-3,10,52,5095
15557,-5,5,48,5095
15561,-8,11,56,5076
15565,-8,0,45,5076
15569,-7,10,57,5049
15573,-10,2,49,5049
15577,-9,0,47,5050
15581,-10,0,49,5050
15585,-8,-1,46,5066
15589,-6,3,52,5066
15593,-7,-1,47,5059
15597,0,3,51,5059
15601,1,8,56,5076
15605,0,4,52,5076
15609,2,4,52,5078
15613,5,12,59,5078
15617,9,7,54,5101
15621,7,11,59,5101
15625,11,14,61,5105
15629,5,8,54,5105
15633,5,6,52,5133
15637,9,9,55,5133
15641,8,14,60,5142
15645,8,7,52,5142
15649,8,7,51,5152
15653,15,21,64,5152
15657,15,20,63,5187
15661,15,20,63,5187
15665,18,24,66,5151
15669,18,24,66,5151
15673,18,25,66,5161
15677,19,27,67,5161
15681,19,28,67,5166
15685,17,27,66,5166
15689,12,29,67,5158
15693,11,28,64,5158
15697,10,27,62,5156
15701,5,21,56,5156
15705,8,24,57,5162
15709,9,24,57,5162
15713,6,28,59,5169
15717,8,29,59,5169
15721,13,39,69,5151
15725,14,33,62,5151
15729,10,36,64,5134
15733,13,38,66,5134
15737,15,46,72,5116
15741,11,41,67,5116
15745,12,48,73,5074
15749,10,44,68,5074
15753,0,40,62,5039
15757,0,43,64,5039
15761,-1,44,64,5058
15765,-1,40,58,5058
15769,-8,37,53,5038
15773,-8,39,54,5038
15777,-1,41,55,5063
15781,-4,42,54,5063
15785,-7,42,52,5020
15789,-7,44,52,5020
15793,-1,53,58,4990
15797,-2,54,58,4990
15801,-3,55,57,4952
15805,-2,57,58,4952
15809,-5,55,55,4943
15813,-5,50,48,4943
15817,-8,48,45,4956
15821,-10,54,50,4956
15825,-17,46,41,4991
15829,-17,46,38,4991
15833,-25,43,34,5037
15837,-23,42,32,5037
15841,-23,46,35,5047
15845,-23,44,31,5047
15849,-23,41,27,5052
15853,-20,42,27,5052
15857,-20,40,25,5075
15861,-16,49,33,5075
15865,-13,56,39,5075
15869,-10,50,33,5075
15873,-11,55,37,5069
15877,-10,54,35,5069
15881,-11,57,39,5065
15885,-20,39,20,5065
15889,-20,44,24,5095
15893,-21,40,20,5095
15897,-21,37,16,5153
15901,-35,27,7,5153
15905,-35,22,2,5221
15909,-27,33,12,5221
15913,-27,23,1,5283
15917,-20,33,12,5283
15921,-16,35,13,5286
15925,-8,41,19,5286
15929,-9,39,17,5253
15933,-2,45,22,5253
15937,0,47,24,5218
15941,-2,52,28,5218
15945,-13,34,11,5177
15949,-14,32,9,5177
15953,-9,36,12,5228
15957,-15,30,6,5228
15961,-15,35,11,5275
15965,-10,32,8,5275
15969,-7,34,11,5266
15973,-12,23,0,5266
15977,-12,30,7,5275
15981,-2,40,15,5275
15985,-2,40,15,5288
15989,0,36,11,5288
15993,3,40,15,5257
15997,8,41,15,5257
16001,8,44,19,5237
16005,9,41,16,5237
16009,9,38,13,5232
16013,11,44,18,5232
16017,11,48,22,5237
16021,10,37,11,5237
16025,14,46,20,5219
16029,17,47,21,5219
16033,12,41,15,5219
16037,14,48,22,5219
16041,19,45,18,5217
16045,20,47,19,5217
16049,20,54,25,5199
16053,22,55,26,5199
16057,27,60,31,5199
16061,24,58,28,5199
16065,22,63,32,5171
16069,26,66,35,5171
16073,19,59,28,5171
16077,11,50,20,5171
16081,13,52,20,5203
16085,17,61,30,5203
16089,10,53,21,5209
16093,13,55,23,5209
16097,18,59,26,5199
16101,18,59,26,5199
16105,19,67,33,5162
16109,26,67,33,5162
16113,25,73,39,5144
16117,19,68,33,5144
16121,20,75,40,5127
16125,18,79,42,5127
16129,13,71,36,5099
16133,10,67,30,5099
16137,9,64,27,5121
16141,8,68,30,5121
16145,4,68,30,5124
16149,8,68,30,5124
16153,13,71,33,5111
16157,5,68,29,5111
16161,5,71,33,5095
16165,11,74,35,5095
16169,12,79,40,5094
16173,10,80,41,5094
16177,6,79,41,5059
16181,8,83,44,5059
16185,6,83,44,5047
16189,6,77,39,5047
16193,4,78,40,5029
16197,-1,74,37,5029
16201,-1,75,38,5045
16205,0,77,39,5045
16209,-2,76,38,5029
16213,-4,68,30,5029
16217,-7,66,28,5048
16221,-7,67,29,5048
16225,-6,74,36,5085
16229,-8,71,34,5085
16233,-12,66,29,5065
16237,-13,64,27,5065
16241,-6,76,39,5092
16245,-9,72,35,5092
16249,0,78,43,5073
16253,-1,84,48,5073
16257,-5,72,36,5029
16261,1,77,42,5029
16265,2,84,49,5066
16269,-2,78,44,5066
16273,-5,81,47,5037
16277,-4,80,45,5037
16281,-2,87,51,5027
16285,-13,67,31,5027
16289,-13,71,36,5049
16293,-12,69,34,5049
16297,-12,72,37,5116
16301,-14,67,31,5116
16305,-15,70,34,5102
16309,-14,73,38,5102
16313,-9,74,39,5095
16317,2,88,53,5095
16321,-4,79,45,5065
16325,-9,78,44,5065
16329,2,91,57,5077
16333,1,80,46,5077
16337,0,84,51,5060
16341,-10,71,38,5060
16345,-8,76,43,5092
16349,-13,74,41,5092
16353,-17,71,39,5094
16357,-18,65,33,5094
16361,-20,58,26,5129
16365,-20,60,28,5129
16369,-17,64,32,5186
16373,-17,60,27,5186
16377,-17,62,30,5170
16381,-17,64,32,5170
16385,-12,70,38,5171
16389,-12,65,33,5171
16393,-9,70,38,5161
16397,-6,69,37,5161
16401,-15,63,31,5172
16405,-15,65,33,5172
16409,-9,71,39,5182
16413,-4,71,39,5182
16417,-12,67,35,5160
16421,-9,65,33,5160
16425,-10,60,28,5183
16429,-8,65,33,5183
16433,-5,71,39,5189
16437,-12,60,28,5189
16441,-12,62,30,5199
16445,-4,72,40,5199
16449,-6,65,34,5217
16453,-16,58,28,5217
16457,-15,60,30,5210
16461,-16,60,30,5210
16465,-16,54,25,5217
16469,-17,55,26,5217
16473,-18,48,19,5251
16477,-16,52,23,5251
16481,-13,56,27,5260
16485,-8,57,27,5260
16489,-7,54,25,5236
16493,-2,62,33,5236
16497,-8,53,25,5227
16501,-12,53,24,5227
16505,3,63,34,5247
16509,-2,63,34,5247
16513,-16,46,18,5227
16517,-10,54,26,5227
16521,-9,57,29,5275
16525,-10,51,23,5275
16529,-15,49,22,5247
16533,-17,43,15,5247
16537,-14,47,21,5277
16541,-6,51,24,5277
16545,-4,56,29,5283
16549,-12,45,18,5283
16553,-13,47,20,5257
16557,0,55,28,5257
16561,2,55,28,5275
16565,-4,53,27,5275
16569,-5,50,23,5232
16573,-5,53,27,5232
16577,-5,50,24,5248
16581,-10,48,23,5248
16585,-12,37,11,5247
16589,-9,37,12,5247
16593,-6,44,19,5309
16597,-8,40,16,5309
16601,-18,28,4,5305
16605,-14,35,12,5305
16609,-6,39,16,5340
16613,-8,35,13,5340
16617,-8,34,11,5317
16621,0,40,18,5317
16625,1,46,24,5332
16629,-1,43,20,5332
16633,3,40,17,5286
16637,4,41,19,5286
16641,5,43,20,5301
16645,-3,35,14,5301
16649,-8,30,9,5286
16653,0,43,22,5286
16657,-7,29,8,5316
16661,-8,28,7,5316
16665,-10,26,5,5342
16669,0,34,14,5342
16673,-1,34,13,5352
16677,3,38,17,5352
16681,0,30,8,5324
16685,4,35,14,5324
16689,17,43,21,5335
16693,12,48,26,5335
16697,10,42,20,5280
16701,13,41,18,5280
16705,17,48,26,5267
16709,11,46,23,5267
16713,3,35,12,5232
16717,5,39,16,5232
16721,8,43,21,5284
16725,0,38,15,5284
16729,-4,35,12,5258
16733,-2,25,2,5258
16737,-1,28,6,5298
16741,-3,29,6,5298
16745,-3,25,2,5323
16749,6,35,13,5323
16753,4,31,8,5332
16757,6,36,13,5332
16761,13,39,16,5308
16765,13,44,21,5308
16769,11,40,16,5272
16773,13,39,16,5272
16777,16,47,23,5267
16781,9,44,21,5267
16785,10,36,12,5237
16789,11,42,17,5237
16793,6,42,17,5257
16797,4,36,11,5257
16801,14,50,24,5255
16805,7,41,14,5255
16809,-3,35,8,5223
16813,10,44,17,5223
16817,13,45,17,5247
16821,3,40,13,5247
16825,7,41,14,5220
16829,14,45,18,5220
16833,10,46,20,5234
16837,5,45,19,5234
16841,9,40,14,5192
16845,10,46,20,5192
16849,7,46,21,5211
16853,4,41,15,5211
16857,6,40,15,5189
16861,9,47,21,5189
16865,1,44,17,5201
16869,4,49,22,5201
16873,12,47,20,5181
16877,11,51,24,5181
16881,6,51,22,5181
16885,10,45,17,5181
16889,12,53,23,5183
16893,2,47,18,5183
16897,2,44,14,5200
16901,6,51,21,5200
16905,4,52,22,5219
16909,-2,42,13,5219
16913,1,48,18,5201
16917,2,45,16,5201
16921,3,49,20,5201
16925,6,55,26,5201
16929,5,50,21,5181
16933,-1,41,12,5181
16937,4,49,20,5210
16941,4,46,17,5210
16945,0,46,16,5219
16949,1,49,20,5219
16953,1,52,22,5212
16957,0,52,23,5212
16961,0,48,18,5199
16965,4,48,18,5199
16969,4,51,22,5201
16973,-1,49,19,5201
16977,3,49,19,5192
16981,1,50,20,5192
16985,3,53,24,5209
16989,2,55,25,5209
16993,2,51,21,5189
16997,1,46,16,5189
17001,4,51,22,5205
17005,3,54,24,5205
17009,2,54,25,5206
17013,-5,43,14,5206
17017,-5,45,16,5201
17021,-10,42,12,5201
17025,-10,42,13,5240
17029,-12,41,12,5240
17033,-13,34,4,5255
17037,-11,37,7,5255
17041,-12,37,7,5288
17045,-6,43,13,5288
17049,0,44,13,5294
17053,9,49,18,5294
17057,12,56,25,5264
17061,16,63,32,5264
17065,16,68,36,5209
17069,16,64,33,5209
17073,12,64,34,5164
17077,8,62,33,5164
17081,4,54,25,5156
17085,-3,50,21,5156
17089,-8,46,17,5200
17093,-10,38,10,5200
17097,-10,39,11,5244
17101,-20,30,3,5244
17105,-20,30,2,5285
17109,-22,21,-5,5285
17113,-20,24,-3,5332
17117,-17,27,0,5332
17121,-9,30,1,5361
17125,3,37,8,5361
17129,10,47,19,5359
17133,21,56,26,5359
17137,23,64,34,5277
17141,29,74,45,5277
17145,37,76,46,5181
17149,33,79,49,5181
17153,23,69,40,5145
17157,17,68,39,5145
17161,13,61,33,5172
17165,6,58,30,5172
17169,-6,43,15,5199
17173,-5,46,18,5199
17177,-8,44,16,5257
17181,-13,29,1,5257
17185,-17,27,0,5290
17189,-17,29,1,5290
17193,-13,22,-6,5350
17197,-12,27,-1,5350
17201,3,44,15,5361
17205,8,46,17,5361
17209,11,42,12,5322
17213,27,64,33,5322
17217,36,79,48,5285
17221,40,77,46,5285
17225,40,81,49,5209
17229,37,87,54,5209
17233,34,85,53,5152
17237,31,89,56,5152
17241,28,80,46,5120
17245,19,78,44,5120
17249,8,66,31,5142
17253,6,62,27,5142
17257,2,62,27,5195
17261,-1,56,22,5195
17265,-7,54,19,5202
17269,-9,48,13,5202
17273,-8,46,10,5229
17277,-4,53,18,5229
17281,8,62,26,5238
17285,12,70,34,5238
17289,14,71,35,5169
17293,26,82,45,5169
17297,30,93,56,5123
17301,30,100,61,5123
17305,29,99,60,5025
17309,31,100,67,5025
17313,21,100,64,4945
17317,11,97,57,4945
17321,10,98,58,4916
17325,4,87,47,4916
17329,4,88,49,4953
17333,-17,68,29,4953
17337,-17,66,28,5004
17341,-17,59,21,5004
17345,5,81,41,5104
