システムクロック時刻,ジャイロ角速度,左PWM,右PWM,電圧,10,192
10,-10,-38,24,7254,68
10,-10,-13,-2,7254,69
13,-18,-19,-9,7254,70
17,6,-5,6,7105,70
21,24,7,19,7105,70
25,7,-2,8,6973,70
29,-6,-11,0,6973,70
33,-1,-9,3,6916,69
37,0,-9,4,6916,68
41,-2,-6,6,6889,68
45,-7,-12,2,6889,67
49,5,-3,7,6943,68
53,2,-7,6,6943,67
57,-7,-11,-3,6933,69
61,-5,-14,0,6933,68
65,4,-8,4,6952,68
69,-2,-12,0,6952,68
73,-7,-18,-10,6988,70
77,3,-13,-1,6988,70
81,10,-7,2,7083,71
85,5,-13,-4,7083,72
89,10,-8,-1,7083,74
93,5,-11,-1,7083,74
97,3,-10,-4,7092,76
101,-9,-19,-10,7092,76
105,2,-18,-6,7132,75
109,0,-16,-8,7132,76
113,-6,-21,-11,7112,76
117,-8,-22,-12,7112,76
121,-2,-19,-8,7112,75
125,0,-20,-12,7112,76
129,-4,-23,-13,7112,76
133,3,-18,-7,7112,75
137,5,-19,-11,7112,76
141,1,-21,-11,7112,76
145,6,-17,-6,7121,75
149,6,-19,-11,7121,76
153,4,-20,-9,7131,75
157,7,-20,-12,7131,76
161,2,-21,-13,7158,77
165,0,-26,-17,7158,77
169,7,-19,-12,7148,78
173,2,-30,-21,7148,78
177,7,-23,-16,7141,79
181,9,-23,-17,7141,80
185,4,-29,-21,7122,80
189,9,-25,-21,7122,82
193,10,-27,-20,7102,82
197,3,-32,-25,7102,82
201,12,-30,-27,7045,84
205,14,-29,-24,7045,85
209,20,-29,-25,6867,86
213,17,-30,-24,6867,86
217,14,-31,-27,6667,87
221,29,-23,-21,6667,89
225,40,-13,-10,6518,90
229,51,-5,-5,6518,92
233,55,0,3,6566,92
237,55,-5,-1,6566,92
241,51,2,5,6611,92
245,49,-1,3,6611,91
249,44,-1,3,6611,90
253,37,-8,-4,6611,90
257,31,-9,-5,6601,90
261,24,-11,-9,6601,91
265,13,-20,-14,6590,90
269,6,-28,-26,6590,91
273,3,-25,-22,6591,91
277,-2,-25,-21,6591,91
281,-3,-26,-26,6571,93
285,-7,-38,-33,6571,92
289,-1,-28,-26,6544,93
293,3,-23,-18,6544,92
297,9,-24,-21,6544,92
301,15,-15,-12,6544,92
305,20,-13,-8,6554,91
309,22,-10,-8,6554,92
313,21,-13,-6,6580,90
317,20,-9,-3,6580,89
321,15,-17,-13,6599,89
325,9,-19,-11,6599,87
329,5,-17,-12,6599,87
333,2,-26,-21,6599,87
337,-1,-26,-19,6570,86
341,-3,-28,-25,6570,87
345,-4,-32,-27,6579,87
349,-2,-28,-21,6579,86
353,3,-27,-21,6468,86
357,8,-29,-24,6468,86
361,16,-20,-12,6459,85
365,22,-16,-8,6459,84
369,25,-13,-5,6488,83
373,26,-13,-4,6488,82
377,28,-10,-3,6504,82
381,28,-5,3,6504,81
385,26,-13,-2,6534,79
389,24,-13,-4,6534,79
393,23,-9,0,6533,78
397,19,-18,-7,6533,77
401,15,-14,-7,6533,78
405,13,-19,-7,6533,76
409,12,-18,-11,6523,77
413,12,-21,-10,6523,76
417,11,-21,-13,6514,77
421,11,-17,-8,6514,77
425,13,-16,-9,6504,78
429,14,-13,-4,6504,78
433,17,-16,-9,6514,79
437,20,-9,-3,6514,80
441,19,-11,-3,6514,80
445,19,-11,-5,6514,81
449,21,-5,0,6523,82
453,21,-12,-5,6523,82
457,19,-12,-7,6533,83
461,19,-8,-2,6533,83
465,18,-9,-4,6543,84
469,18,-6,0,6543,84
473,17,-9,-1,6542,83
477,17,-4,0,6542,84
481,17,-7,0,6552,84
485,18,-8,-1,6552,84
489,19,-3,2,6552,84
493,18,-1,5,6552,84
497,18,-2,1,6542,85
501,18,-5,0,6542,85
505,18,-1,2,6552,86
509,16,0,3,6552,87
513,16,-2,1,6562,88
517,16,1,2,6562,90
521,17,-1,2,6569,90
525,18,2,4,6569,91
529,18,4,6,6569,92
533,18,1,4,6569,92
537,16,3,4,6562,93
541,17,6,7,6562,94
545,16,7,7,6552,95
549,16,2,5,6552,95
553,15,5,5,6542,96
557,13,3,7,6542,95
561,14,8,5,6542,98
565,14,7,8,6542,98
569,14,8,9,6533,98
573,14,9,10,6533,98
577,15,11,10,6533,99
581,15,11,11,6533,99
585,16,12,12,6523,99
589,17,14,13,6523,100
593,19,16,15,6513,101
597,19,17,15,6513,102
601,20,27,27,6504,102
605,21,26,26,6504,102
609,22,26,26,6438,102
613,22,27,25,6438,103
617,24,33,30,6419,104
621,25,31,32,6419,103
625,26,36,37,6362,102
629,27,42,40,6362,103
633,28,41,40,6277,103
637,30,52,50,6277,104
641,30,56,53,6163,105
645,31,58,56,6163,105
649,32,68,65,5997,106
653,32,69,66,5997,107
657,33,73,71,5804,107
661,35,87,83,5804,108
665,35,93,88,5747,109
669,44,100,99,5747,111
673,32,100,99,5729,112
677,-8,76,62,5729,117
681,-41,43,31,5842,120
685,-67,17,4,5842,123
689,-81,9,-11,6257,130
693,-93,0,-24,6257,137
697,-107,-19,-42,6406,142
701,-104,-23,-50,6406,148
705,-102,-27,-58,6304,155
709,-86,-21,-51,6304,160
713,-46,5,-26,6201,165
717,-27,13,-16,6201,168
721,-25,10,-18,6361,170
725,-23,7,-19,6361,171
729,6,32,4,6392,172
733,24,38,13,6392,171
737,26,41,15,6465,171
741,39,52,26,6465,171
745,52,67,35,6445,174
749,60,75,46,6445,175
753,64,85,51,6314,178
757,69,93,58,6314,181
761,71,100,66,6071,184
765,57,95,57,6071,188
769,42,92,55,5896,190
773,22,73,40,5896,190
777,7,67,28,5951,193
781,-5,58,21,5951,194
785,-9,52,19,6098,193
789,-3,51,20,6098,191
793,3,62,31,6179,190
797,0,60,29,6179,189
801,-8,51,18,6073,189
805,-9,53,24,6073,187
809,-24,41,11,6130,186
813,-11,44,14,6130,185
817,-6,55,21,6213,186
821,-3,61,29,6213,186
825,-16,46,12,6130,187
829,-16,51,15,6130,189
833,-9,59,23,6190,191
837,-10,51,15,6190,192
841,-25,43,7,6182,193
845,-20,48,14,6182,193
849,-19,47,10,6249,194
853,-15,50,17,6249,193
857,-19,44,12,6230,192
861,-22,43,12,6230,190
865,-15,50,19,6247,189
869,-16,46,14,6247,188
873,-21,42,14,6249,186
877,-19,41,10,6249,186
881,-15,44,16,6280,184
885,-16,48,15,6280,185
889,-23,36,8,6272,183
893,-25,36,7,6272,182
897,-31,32,2,6323,182
901,-30,27,-1,6323,181
905,-27,29,1,6398,180
909,-24,33,3,6398,180
913,-15,41,10,6416,181
917,-12,39,9,6416,181
921,-8,44,14,6399,181
925,-3,44,14,6399,181
929,-1,48,18,6361,181
933,-2,45,15,6361,181
937,4,52,22,6342,181
941,6,51,21,6342,181
945,1,51,21,6324,181
949,1,47,19,6324,180
953,1,50,21,6319,180
957,6,50,23,6319,179
961,2,46,17,6315,179
965,1,48,20,6315,178
969,-6,40,11,6324,178
973,-10,37,14,6324,175
977,-8,37,9,6363,175
981,-3,36,12,6363,173
985,-4,38,15,6399,171
989,-7,32,11,6399,168
993,-3,40,15,6391,168
997,4,41,19,6391,166
1001,3,44,21,6384,165
1005,7,47,29,6384,162
1009,16,53,32,6351,161
1013,14,48,32,6351,158
1017,10,51,31,6303,157
1021,18,55,35,6303,156
1025,25,63,46,6266,154
1029,16,53,39,6266,151
1033,10,52,39,6193,148
1037,7,45,37,6193,143
1041,2,43,35,6219,139
1045,-6,36,34,6219,133
1049,-8,28,30,6267,126
1053,-12,25,29,6267,119
1057,-17,22,26,6326,113
1061,-24,13,24,6326,105
1065,-17,18,28,6377,99
1069,-17,12,25,6377,93
1073,-15,10,31,6388,84
1077,-17,12,28,6388,79
1081,-10,15,35,6405,73
1085,0,21,45,6405,66
1089,4,22,44,6361,61
1093,9,28,50,6361,57
1097,9,29,54,6295,53
1101,12,34,58,6295,50
1105,16,38,65,6220,46
1109,10,30,56,6220,43
1113,1,30,57,6160,40
1117,-3,23,48,6160,39
1121,4,28,55,6189,37
1125,0,30,58,6189,35
1129,-10,21,51,6172,32
1133,-14,18,45,6172,31
1137,-10,17,49,6221,28
1141,-7,20,49,6221,27
1145,-10,21,52,6248,25
1149,-8,15,48,6248,23
1153,-4,19,50,6208,22
1157,-4,19,50,6208,21
1161,-4,18,50,6201,20
1165,2,28,60,6201,19
1169,1,26,59,6218,18
1173,-2,25,54,6218,19
1177,0,29,62,6238,18
1181,0,27,61,6238,17
1185,-2,25,58,6220,16
1189,-7,19,53,6220,15
1193,-9,23,53,6257,16
1197,-13,16,50,6257,15
1201,-14,13,47,6285,14
1205,-16,11,42,6285,15
1209,-20,9,43,6329,14
1213,-21,6,39,6329,14
1217,-21,4,36,6369,14
1221,-14,6,40,6369,13
1225,-10,8,41,6397,13
1229,-1,19,52,6397,13
1233,9,26,59,6361,13
1237,13,29,62,6361,13
1241,15,30,65,6290,12
1245,14,31,64,6290,12
1249,8,33,64,6260,13
1253,7,30,63,6260,13
1257,4,27,60,6264,13
1261,3,25,58,6264,13
1265,-3,19,54,6266,12
1269,-6,17,48,6266,13
1273,-14,13,48,6315,12
1277,-23,5,36,6315,13
1281,-22,2,35,6376,13
1285,-11,14,45,6376,14
1289,-6,15,47,6414,14
1293,-5,14,46,6414,14
1297,4,21,52,6372,15
1301,13,27,59,6372,15
1305,16,30,62,6337,15
1309,15,31,61,6337,16
1313,23,37,69,6278,16
1317,22,43,74,6278,16
1321,16,38,70,6247,16
1325,11,35,65,6247,17
1329,7,31,61,6247,18
1333,6,35,64,6247,19
1337,0,29,58,6276,20
1341,-5,22,54,6276,19
1345,-8,25,52,6302,21
1349,-10,19,49,6302,21
1353,-9,19,47,6339,22
1357,-8,18,45,6339,23
1361,-2,26,53,6360,24
1365,6,30,58,6360,24
1369,9,32,59,6316,25
1373,13,42,65,6316,28
1377,13,41,65,6265,30
1381,14,42,64,6265,32
1385,12,41,63,6219,34
1389,8,49,67,6219,38
1393,10,47,68,6191,39
1397,7,46,60,6191,44
1401,-2,43,56,6187,48
1405,-7,36,50,6187,51
1409,-9,37,48,6245,55
1413,-8,38,53,6245,56
1417,-8,38,45,6273,61
1421,-8,40,47,6273,65
1425,3,52,56,6266,70
1429,3,49,53,6266,74
1433,3,53,55,6206,78
1437,6,54,53,6206,83
1441,11,61,60,6164,87
1445,17,70,67,6164,91
1449,7,65,63,6081,94
1453,-1,61,58,6081,97
1457,-3,63,55,6069,102
1461,-6,54,49,6069,104
1465,-15,50,40,6123,109
1469,-19,53,41,6123,114
1473,-28,44,32,6199,118
1477,-21,44,30,6199,122
1481,-22,47,33,6255,125
1485,-21,48,31,6255,129
1489,-8,57,41,6246,132
1493,-8,54,34,6246,136
1497,-7,55,36,6208,139
1501,-5,58,38,6208,142
1505,4,67,45,6218,145
1509,2,71,51,6218,147
1513,-5,67,44,6182,150
1517,-6,66,42,6182,153
1521,-10,61,39,6214,154
1525,-8,62,40,6214,155
1529,-14,57,33,6248,157
1533,-11,58,35,6248,158
1537,-11,57,34,6269,159
1541,-12,56,33,6269,160
1545,-12,57,31,6274,162
1549,-14,54,29,6274,163
1553,-16,57,32,6265,164
1557,-5,64,39,6265,165
1561,-6,62,38,6275,165
1565,-11,59,31,6275,167
1569,-1,70,45,6274,167
1573,1,72,44,6274,169
1577,1,71,44,6243,170
1581,-4,62,34,6243,171
1585,-3,63,35,6273,172
1589,-5,61,34,6273,172
1593,-7,63,38,6294,171
1597,-11,62,31,6294,173
1601,-13,58,29,6293,174
1605,-13,61,34,6293,174
1609,-9,63,34,6296,175
1613,-9,56,28,6296,175
1617,-17,51,21,6294,176
1621,2,62,38,6294,174
1625,5,70,45,6339,173
1629,2,62,37,6339,172
1633,0,68,41,6285,172
1637,2,69,42,6285,172
1641,1,67,42,6282,171
1645,-5,58,30,6282,172
1649,-12,58,31,6283,172
1653,-5,62,35,6283,172
1657,-5,56,29,6304,172
1661,-11,56,31,6304,171
1665,-10,55,31,6330,170
1669,2,64,39,6330,170
1673,6,69,41,6313,171
1677,-4,61,35,6313,171
1681,-10,56,30,6280,171
1685,5,68,40,6280,172
1689,8,70,43,6339,172
1693,3,67,39,6339,173
1697,2,73,44,6280,174
1701,10,71,46,6280,173
1705,4,73,46,6265,173
1709,0,65,38,6265,173
1713,-5,60,35,6260,172
1717,-5,65,40,6260,171
1721,-6,63,37,6304,171
1725,-9,60,34,6304,171
1729,-12,56,31,6309,170
1733,-1,63,39,6309,169
1737,-2,63,37,6315,169
1741,-11,54,31,6315,168
1745,0,67,44,6295,167
1749,4,70,45,6295,167
1753,7,67,44,6265,166
1757,2,70,44,6265,167
1761,6,66,44,6246,166
1765,8,71,44,6246,167
1769,0,68,46,6252,166
1773,0,67,45,6252,165
1777,1,63,40,6239,164
1781,-1,67,44,6239,164
1785,-6,62,40,6246,163
1789,-12,58,33,6246,164
1793,0,65,42,6274,164
1797,0,65,41,6274,164
1801,-5,65,44,6245,163
1805,0,69,45,6245,163
1809,-2,66,43,6240,163
1813,-4,64,41,6240,163
1817,-2,65,41,6260,163
1821,6,76,52,6260,163
1825,4,73,50,6254,163
1829,-11,57,32,6254,164
1833,-10,59,39,6261,162
1837,-2,67,41,6261,164
1841,-7,60,38,6293,163
1845,-15,58,36,6293,162
1849,-14,57,34,6322,162
1853,0,70,49,6322,161
1857,-3,62,39,6293,161
1861,-14,52,31,6293,160
1865,-4,65,41,6316,161
1869,3,68,47,6316,160
1873,-1,65,43,6277,160
1877,-1,65,42,6277,160
1881,6,69,49,6256,159
1885,5,69,47,6256,159
1889,-7,65,43,6239,159
1893,-12,57,39,6239,157
1897,-12,61,40,6275,157
1901,-4,64,45,6275,156
1905,-12,56,38,6275,155
1909,-15,58,38,6275,155
1913,-16,53,35,6301,154
1917,-9,57,37,6301,154
1921,-12,52,34,6322,153
1925,-20,45,27,6322,152
1929,-12,54,35,6358,152
1933,-9,55,36,6358,152
1937,0,66,46,6334,152
1941,0,57,42,6334,150
1945,3,60,44,6285,149
1949,-2,61,45,6285,148
1953,-6,55,43,6285,145
1957,3,67,52,6285,144
1961,3,66,51,6284,143
1965,-11,52,41,6284,141
1969,-12,54,44,6257,138
1973,-15,50,38,6257,137
1977,-3,59,52,6310,134
1981,-16,49,38,6310,133
1985,-22,34,28,6295,130
1989,-14,44,37,6295,128
1993,-15,41,34,6399,126
1997,-17,43,36,6399,125
2001,-10,45,40,6388,123
2005,-4,46,44,6388,120
2009,-2,49,44,6365,119
2013,-10,43,46,6365,114
2017,-3,47,48,6354,111
2021,-2,45,49,6354,107
2025,2,49,51,6338,105
2029,0,46,50,6338,102
2033,-6,39,47,6311,98
2037,-2,40,51,6311,93
2041,-10,40,47,6321,91
2045,-16,32,43,6321,87
2049,-18,27,40,6349,83
2053,-17,25,40,6349,79
2057,-9,31,43,6390,77
2061,-12,28,40,6390,75
2065,-15,28,44,6389,72
2069,-4,34,51,6389,69
2073,-6,33,47,6369,68
2077,-9,27,47,6369,64
2081,-3,30,52,6351,60
2085,3,37,54,6351,59
2089,1,30,48,6323,58
2093,-4,25,47,6323,55
2097,1,30,51,6350,53
2101,8,35,59,6350,50
2105,4,33,56,6321,48
2109,-4,28,50,6321,47
2113,-8,20,42,6316,46
2117,3,27,54,6316,43
2121,-4,23,49,6367,41
2125,-10,21,43,6367,41
2129,-3,20,45,6369,40
2133,1,24,50,6369,38
2137,0,20,46,6369,37
2141,-8,21,47,6369,36
2145,6,30,59,6374,34
2149,8,29,56,6374,33
2153,2,26,54,6308,32
2157,1,23,49,6308,32
2161,9,36,61,6331,32
2165,9,31,59,6331,31
2169,4,30,57,6276,31
2173,3,24,54,6276,29
2177,9,32,59,6295,29
2181,1,22,51,6295,28
2185,-4,21,48,6295,28
2189,-3,22,51,6295,27
2193,1,23,49,6346,28
2197,-3,20,50,6346,27
2201,-11,17,43,6349,28
2205,0,22,47,6349,29
2209,5,21,50,6368,28
2213,-3,20,45,6368,29
2217,-9,12,37,6359,30
2221,1,21,48,6359,30
2225,8,29,55,6393,30
2229,0,21,46,6393,31
2233,5,23,47,6335,32
2237,10,23,51,6335,31
2241,9,34,57,6340,33
2245,6,29,52,6340,34
2249,11,31,54,6302,35
2253,12,34,59,6302,35
2257,5,29,50,6275,37
2261,3,24,48,6275,37
2265,5,24,46,6295,38
2269,-3,22,44,6295,39
2273,-6,17,38,6349,40
2277,-6,21,40,6349,42
2281,-3,26,44,6373,44
2285,-5,22,39,6373,46
2289,-5,19,36,6356,48
2293,4,24,42,6356,49
2297,3,30,41,6379,53
2301,8,30,46,6379,54
2305,7,31,41,6353,58
2309,6,28,40,6353,60
2313,6,33,44,6345,62
2317,7,33,42,6345,65
2321,5,35,45,6331,67
2325,-3,24,30,6331,70
2329,-5,27,31,6332,74
2333,4,34,44,6332,74
2337,3,35,37,6368,78
2341,-3,27,32,6368,80
2345,3,30,36,6351,81
2349,7,35,35,6351,85
2353,3,30,32,6368,87
2357,3,42,39,6368,91
2361,6,42,40,6353,94
2365,10,45,39,6353,98
2369,2,38,32,6307,102
2373,-3,33,27,6307,105
2377,0,40,31,6335,109
2381,2,40,31,6335,112
2385,-5,34,22,6331,116
2389,-11,35,19,6331,121
2393,-3,37,24,6367,124
2397,5,42,28,6367,127
2401,-3,36,20,6355,130
2405,1,36,23,6355,131
2409,8,48,31,6379,134
2413,12,50,33,6379,136
2417,4,49,32,6303,138
2421,8,45,29,6303,139
2425,7,45,27,6283,141
2429,4,47,30,6283,142
2433,0,43,25,6285,143
2437,-3,43,27,6285,143
2441,-11,30,14,6294,143
2445,-13,32,16,6294,143
2449,-11,32,14,6353,144
2453,-18,24,6,6353,145
2457,-18,27,10,6372,145
2461,-11,25,7,6372,146
2465,-2,37,16,6415,148
2469,2,38,20,6415,148
2473,4,35,15,6377,149
2477,12,47,27,6377,150
2481,17,46,26,6360,151
2485,9,47,26,6360,152
2489,11,48,28,6323,152
2493,13,45,24,6323,153
2497,5,41,19,6294,154
2501,3,38,20,6294,153
2505,2,44,22,6331,154
2509,1,38,15,6331,156
2513,0,34,18,6331,154
2517,-5,33,11,6331,155
2521,0,36,16,6369,155
2525,-1,41,19,6369,156
2529,-2,30,7,6365,157
2533,-3,34,13,6365,157
2537,-1,35,14,6389,157
2541,5,40,19,6389,157
2545,11,40,19,6369,157
2549,12,43,22,6369,157
2553,17,49,26,6359,158
2557,15,49,27,6359,158
2561,14,40,18,6313,158
2565,17,51,28,6313,159
2569,13,44,22,6313,159
2573,10,44,22,6313,159
2577,5,43,19,6305,160
2581,3,36,14,6305,160
2585,2,37,15,6339,160
2589,-1,37,13,6339,161
2593,1,38,16,6347,161
2597,2,41,16,6347,162
2601,5,43,20,6337,162
2605,12,41,16,6337,163
2609,7,40,15,6319,164
2613,10,44,20,6319,164
2617,18,53,27,6328,165
2621,16,53,29,6328,165
2625,13,43,19,6245,165
2629,10,44,20,6245,165
2633,17,52,28,6289,165
2637,10,49,25,6289,165
2641,3,44,22,6239,164
2645,5,43,19,6239,164
2649,0,40,17,6275,164
2653,-2,40,16,6275,164
2657,-3,40,16,6297,164
2661,-2,36,12,6297,164
2665,-2,38,13,6315,165
2669,3,43,19,6315,165
2673,9,43,20,6314,164
2677,4,43,17,6314,165
2681,15,53,27,6296,166
2685,12,51,29,6296,165
2689,6,44,20,6241,165
2693,6,45,23,6241,164
2697,9,50,26,6275,164
2701,4,47,25,6275,163
2705,-1,44,21,6264,163
2709,0,45,23,6264,162
2713,0,41,18,6270,162
2717,-5,38,15,6270,162
2721,-5,38,15,6321,162
2725,-15,29,10,6321,160
2729,-16,30,6,6358,161
2733,-11,27,6,6358,160
2737,-8,31,9,6397,160
2741,-10,29,9,6397,159
2745,0,38,16,6398,159
2749,7,44,22,6398,159
2753,8,40,22,6369,157
2757,9,44,23,6369,157
2761,15,50,31,6340,156
2765,20,55,37,6340,155
2769,14,52,36,6264,153
2773,6,48,30,6264,152
2777,8,48,35,6255,149
2781,5,41,28,6255,146
2785,0,39,24,6269,145
2789,-7,32,22,6269,142
2793,-11,24,14,6321,139
2797,-13,22,14,6321,136
2801,-18,18,10,6386,133
2805,-17,19,11,6386,131
2809,-14,20,13,6417,129
2813,-13,20,15,6417,126
2817,-9,23,17,6415,124
2821,1,29,27,6415,121
2825,9,30,30,6398,117
2829,14,36,36,6398,114
2833,16,34,36,6367,110
2837,16,37,39,6367,107
2841,16,38,43,6323,103
2845,11,37,40,6323,101
2849,6,27,37,6285,96
2853,2,26,35,6285,92
2857,-4,22,31,6314,89
2861,-8,17,31,6314,84
2865,-8,11,27,6353,79
2869,-10,16,30,6353,76
2873,-18,3,20,6377,72
2877,-15,5,23,6377,68
2881,-8,10,28,6405,65
2885,-5,6,29,6405,60
2889,3,9,31,6385,57
2893,11,18,40,6385,54
2897,17,26,47,6376,52
2901,19,28,53,6376,49
2905,18,26,50,6274,47
2909,18,30,52,6274,46
2913,21,30,52,6245,45
2917,15,27,52,6245,43
2921,7,18,44,6224,41
2925,2,21,48,6224,39
2929,-1,14,41,6245,37
2933,-5,11,41,6245,34
2937,-7,6,33,6274,33
2941,-7,11,41,6274,31
2945,-5,3,32,6319,30
2949,1,14,44,6319,28
2953,6,14,44,6321,27
2957,12,21,51,6321,26
2961,17,23,53,6255,25
2965,16,26,54,6255,25
2969,14,27,56,6201,25
2973,16,29,61,6201,23
2977,11,23,54,6152,22
2981,6,21,53,6152,21
2985,1,19,49,6174,21
2989,0,15,43,6174,22
2993,0,10,41,6217,21
2997,-2,16,46,6217,21
3001,-7,9,37,6255,22
3005,-8,7,39,6255,21
3009,0,15,45,6291,21
3013,-1,15,45,6291,21
3017,1,18,48,6269,21
3021,7,18,48,6269,21
3025,9,22,52,6248,21
3029,7,23,51,6248,22
3033,5,22,52,6218,22
3037,5,23,53,6218,22
3041,3,18,47,6211,22
3045,-1,15,47,6211,21
3049,0,19,46,6238,23
3053,-1,17,48,6238,22
3057,-2,17,47,6263,22
3061,-2,14,41,6263,23
3065,-5,13,40,6266,24
3069,-2,21,48,6266,25
3073,-4,13,42,6281,25
3077,-3,16,42,6281,26
3081,-1,19,43,6303,28
3085,0,19,46,6303,28
3089,2,23,46,6293,30
3093,3,23,48,6293,31
3097,1,24,46,6277,33
3101,2,24,48,6277,34
3105,5,23,44,6268,36
3109,4,24,45,6268,38
3113,2,22,46,6276,38
3117,3,27,43,6276,42
3121,2,29,51,6276,42
3125,1,24,44,6276,43
3129,0,25,43,6245,45
3133,-5,21,40,6245,46
3137,-5,28,42,6283,49
3141,-2,29,43,6283,52
3145,-3,24,36,6279,55
3149,-4,24,35,6279,58
3153,-6,25,31,6291,63
3157,-7,24,30,6291,67
3161,-6,26,29,6311,72
3165,-9,24,26,6311,77
3169,-8,26,25,6330,82
3173,-8,20,20,6330,86
3177,-6,29,25,6348,91
3181,-3,27,21,6348,96
3185,2,32,26,6341,100
3189,1,34,25,6341,105
3193,3,35,28,6329,108
3197,4,37,29,6329,111
3201,5,40,30,6303,114
3205,0,37,26,6303,117
3209,1,43,32,6284,120
3213,3,40,27,6284,123
3217,3,45,33,6269,125
3221,0,39,23,6269,129
3225,-1,39,23,6254,132
3229,-4,39,18,6254,137
3233,-4,40,17,6283,142
3237,-8,37,13,6283,146
3241,-7,36,15,6284,148
3245,-5,37,16,6284,150
3249,1,41,21,6294,151
3253,-1,39,20,6294,151
3257,1,36,17,6292,151
3261,2,45,22,6292,153
3265,3,40,18,6274,154
3269,8,46,22,6274,156
3273,5,44,22,6273,157
3277,3,49,26,6273,158
3281,6,46,23,6246,159
3285,4,41,17,6246,160
3289,-1,43,19,6254,161
3293,-3,44,16,6254,164
3297,3,44,14,6244,167
3301,1,49,19,6244,170
3305,0,44,12,6253,173
3309,2,48,13,6253,177
3313,5,51,16,6247,180
3317,4,50,17,6247,182
3321,7,52,21,6225,182
3325,7,50,14,6225,185
3329,6,54,23,6199,185
3333,2,50,21,6199,184
3337,0,49,19,6183,183
3341,2,44,17,6183,181
3345,1,43,17,6209,179
3349,-2,40,17,6209,176
3353,-2,42,16,6238,175
3357,1,42,21,6238,172
3361,0,42,21,6237,169
3365,5,41,19,6237,167
3369,3,47,24,6253,166
3373,3,40,21,6253,163
3377,6,44,24,6239,161
3381,9,48,27,6239,160
3385,5,42,28,6253,156
3389,3,43,26,6253,154
3393,4,45,27,6248,153
3397,7,45,32,6248,150
3401,2,42,28,6242,148
3405,4,43,31,6242,145
3409,-1,40,26,6250,144
3413,-5,36,24,6250,142
3417,-8,28,16,6275,140
3421,-9,34,19,6275,140
3425,-8,26,17,6332,137
3429,-4,31,18,6332,137
3433,-1,32,22,6352,135
3437,1,35,24,6352,134
3441,4,36,29,6347,131
3445,3,37,28,6347,130
3449,3,39,27,6313,131
3453,8,42,33,6313,130
3457,7,42,33,6312,129
3461,4,41,30,6312,129
3465,3,40,30,6288,129
3469,6,42,33,6288,128
3473,11,46,38,6295,127
3477,9,47,35,6295,128
3481,2,39,33,6257,126
3485,-3,36,28,6257,125
3489,4,40,33,6289,124
3493,7,42,37,6289,122
3497,3,38,36,6283,119
3501,0,36,33,6283,117
3505,1,37,33,6269,116
3509,8,45,46,6269,113
3513,7,45,44,6260,111
3517,-2,37,37,6260,109
3521,2,37,42,6214,105
3525,9,37,41,6214,102
3529,7,38,49,6230,96
3533,2,36,43,6230,93
3537,1,32,45,6199,88
3541,6,34,50,6199,82
3545,3,30,49,6199,76
3549,-4,29,48,6199,71
3553,-4,26,49,6189,65
3557,-8,27,48,6189,61
3561,-8,25,46,6190,58
3565,-6,18,42,6190,54
3569,-9,18,46,6218,49
3573,-8,24,48,6218,47
3577,-6,18,42,6207,45
3581,5,30,57,6207,42
3585,1,26,52,6210,40
3589,0,29,56,6210,38
3593,9,37,59,6165,39
3597,6,32,58,6165,38
3601,2,29,54,6111,37
3605,3,34,58,6111,37
3609,4,33,58,6123,36
3613,0,28,54,6123,35
3617,-11,22,50,6133,33
3621,-11,20,46,6133,33
3625,-10,23,49,6207,33
3629,-16,18,49,6207,30
3633,-17,16,42,6207,30
3637,-10,19,43,6207,31
3641,-20,12,40,6263,30
3645,-24,11,37,6263,30
3649,-8,18,46,6311,29
3653,-8,14,45,6311,27
3657,-12,15,44,6283,26
3661,-4,18,48,6283,25
3665,0,20,48,6293,25
3669,4,31,61,6293,24
3673,0,25,56,6256,23
3677,1,23,55,6256,22
3681,3,30,58,6240,23
3685,2,26,55,6240,23
3689,-2,19,52,6236,21
3693,-11,23,51,6236,22
3697,-9,17,51,6259,20
3701,-5,19,49,6259,20
3705,-15,9,39,6273,20
3709,-21,0,32,6273,19
3713,-20,9,40,6329,19
3717,-17,8,37,6329,20
3721,-15,4,37,6366,19
3725,-8,9,38,6366,20
3729,0,18,47,6375,21
3733,2,19,45,6375,23
3737,10,23,52,6339,23
3741,19,26,53,6339,24
3745,23,29,58,6321,24
3749,20,30,56,6321,25
3753,23,32,61,6291,25
3757,22,39,65,6291,26
3761,15,30,54,6259,28
3765,17,33,56,6259,30
3769,17,40,61,6275,33
3773,13,31,53,6275,35
3777,6,28,46,6263,38
3781,5,26,46,6263,40
3785,8,25,42,6305,43
3789,8,32,48,6305,46
3793,11,34,50,6320,48
3797,16,35,47,6320,52
3801,19,43,58,6284,54
3805,20,45,59,6284,56
3809,17,41,51,6206,60
3813,21,46,55,6206,63
3817,20,47,56,6207,66
3821,19,51,53,6207,72
3825,11,46,49,6142,76
3829,9,46,47,6142,80
3833,10,53,51,6169,85
3837,3,48,44,6169,90
3841,-3,43,38,6143,95
3845,-1,45,37,6143,100
3849,-1,49,40,6207,105
3853,-2,47,37,6207,109
3857,-3,52,38,6176,115
3861,6,57,44,6176,119
3865,7,55,45,6132,121
3869,3,60,43,6132,126
3873,-1,60,43,6100,130
3877,3,61,43,6100,134
3881,3,67,44,6057,139
3885,0,60,40,6057,142
3889,-7,59,36,6066,146
3893,-4,58,35,6066,149
3897,-5,59,37,6093,151
3901,-8,63,33,6093,157
3905,-11,58,35,6093,158
3909,-9,63,35,6093,161
3913,-12,58,36,6133,161
3917,-13,60,33,6133,163
3921,-16,56,32,6143,163
3925,-20,48,23,6143,164
3929,-18,48,26,6178,163
3933,-16,51,28,6178,163
3937,-16,52,27,6210,164
3941,-18,51,25,6210,165
3945,-13,54,30,6214,165
3949,-16,51,27,6214,165
3953,-19,44,20,6212,165
3957,-14,50,22,6212,167
3961,-10,56,33,6248,166
3965,-11,58,30,6248,168
3969,-13,55,28,6221,169
3973,-8,58,33,6221,169
3977,-9,53,26,6236,170
3981,-14,49,23,6236,170
3985,-16,54,26,6271,171
3989,-12,49,25,6271,170
3993,-13,48,24,6267,169
3997,-16,47,21,6267,169
4001,-14,40,20,6283,166
4005,-13,49,25,6283,166
4009,-15,41,19,6310,165
4013,-10,46,22,6310,165
4017,-15,41,21,6328,163
4021,-23,37,13,6328,163
4025,-13,37,17,6347,161
4029,-11,42,17,6347,162
4033,-13,35,14,6348,161
4037,-9,40,17,6348,161
4041,4,47,23,6358,162
4045,7,53,28,6358,163
4049,-6,45,22,6311,163
4053,7,51,28,6311,163
4057,16,62,37,6302,164
4061,6,51,29,6302,163
4065,-2,43,21,6247,162
4069,3,50,27,6247,162
4073,6,54,33,6311,161
4077,0,47,24,6311,161
4081,-11,36,13,6266,161
4085,-7,35,15,6266,160
4089,-1,43,21,6339,160
4093,-8,35,14,6339,159
4097,-11,31,9,6338,159
4101,3,45,22,6338,160
4105,5,43,23,6361,159
4109,9,46,24,6361,159
4113,8,46,22,6320,160
4117,7,48,27,6320,159
4121,10,49,28,6303,159
4125,13,52,28,6303,160
4129,11,48,28,6273,159
4133,6,47,21,6273,161
4137,7,50,28,6289,161
4141,9,51,27,6289,162
4145,10,50,29,6256,161
4149,-4,40,15,6256,162
4153,-9,34,11,6283,162
4157,7,44,22,6283,162
4161,8,50,27,6329,162
4165,0,38,15,6329,162
4169,2,44,21,6300,162
4173,17,51,26,6300,163
4177,18,58,33,6293,164
4181,7,51,23,6293,166
4185,11,58,32,6228,167
4189,23,66,41,6228,167
4193,22,65,41,6197,167
4197,12,58,33,6197,167
4201,10,55,32,6179,166
4205,14,57,35,6179,165
4209,5,50,28,6207,164
4213,1,53,27,6207,165
4217,1,49,27,6235,164
4221,-1,51,29,6235,163
4225,-2,44,20,6245,163
4229,-2,49,23,6245,164
4233,-3,45,22,6282,164
4237,3,50,23,6282,166
4241,7,56,32,6275,166
4245,14,60,36,6275,166
4249,11,58,34,6206,166
4253,8,54,32,6206,165
4257,8,64,42,6187,164
4261,3,55,38,6187,161
4265,0,52,32,6175,160
4269,0,49,31,6175,158
4273,-2,45,28,6228,156
4277,-2,53,37,6228,154
4281,-5,49,29,6247,154
4285,-8,42,26,6247,152
4289,-11,38,21,6263,151
4293,-7,47,34,6263,148
4297,1,50,36,6291,146
4301,1,47,34,6291,144
4305,5,48,36,6245,142
4309,10,56,44,6245,140
4313,14,56,47,6225,137
4317,5,53,45,6225,134
4321,1,53,45,6168,132
4325,4,50,46,6168,128
4329,3,46,44,6152,124
4333,0,53,50,6152,121
4337,-9,39,41,6159,116
4341,-9,41,43,6159,112
4345,-6,39,41,6198,109
4349,-10,35,42,6198,104
4353,-9,33,38,6226,101
4357,-9,34,41,6226,97
4361,-3,33,44,6246,92
4365,-1,37,48,6246,88
4369,-2,38,51,6225,84
4373,-2,40,52,6225,81
4377,5,45,62,6177,76
4381,2,44,62,6177,72
4385,-5,30,48,6101,68
4389,-9,28,48,6101,64
4393,-4,32,54,6181,60
4397,-2,34,59,6181,55
4401,-16,25,48,6165,52
4405,-8,26,50,6165,49
4409,0,35,56,6188,48
4413,-12,23,53,6188,43
4417,-15,23,49,6171,41
4421,-16,21,51,6171,37
4425,-6,30,56,6208,36
4429,-4,25,55,6208,33
4433,-14,20,49,6178,31
4437,-12,22,50,6178,30
4441,1,32,61,6226,29
4445,1,33,63,6226,27
4449,-3,30,62,6187,25
4453,-5,30,60,6187,24
4457,8,40,71,6204,23
4461,0,30,61,6204,22
4465,-12,22,53,6207,21
4469,-6,23,51,6207,22
4473,-5,27,61,6288,20
4477,-11,24,55,6288,20
4481,-14,17,47,6263,20
4485,-9,20,54,6263,18
4489,-10,20,53,6311,17
4493,-14,19,48,6311,18
4497,-8,17,50,6315,17
4501,-5,21,53,6315,17
4505,-6,16,49,6320,16
4509,-5,23,57,6320,15
4513,1,25,55,6303,16
4517,0,24,58,6303,15
4521,0,27,59,6285,15
4525,1,28,62,6285,14
4529,6,29,61,6262,14
4533,5,25,58,6262,14
4537,1,25,57,6244,14
4541,0,26,59,6244,14
4545,2,24,57,6261,14
4549,1,31,62,6261,15
4553,-14,14,48,6238,14
4557,-15,9,42,6238,14
4561,-5,19,50,6321,15
4565,-12,13,48,6321,14
4569,-19,6,36,6323,15
4573,-10,7,41,6323,14
4577,-1,17,49,6372,14
4581,-5,17,48,6372,15
4585,1,19,49,6340,16
4589,14,32,62,6340,17
4593,11,27,58,6320,17
4597,11,25,57,6320,17
4601,14,32,63,6283,17
4605,14,31,61,6283,18
4609,5,22,54,6241,18
4613,-1,16,47,6241,18
4617,1,22,51,6285,19
4621,0,18,49,6285,19
4625,-4,24,53,6292,20
4629,-2,18,45,6292,22
4633,0,21,51,6282,22
4637,6,20,47,6282,23
4641,8,32,57,6291,25
4645,10,31,57,6291,26
4649,9,29,55,6237,27
4653,12,35,61,6237,28
4657,13,36,59,6217,30
4661,5,29,51,6217,32
4665,2,31,51,6217,35
4669,2,28,49,6217,37
4673,-6,21,39,6246,40
4677,-11,21,38,6246,43
4681,-12,16,34,6321,45
4685,-9,18,31,6321,49
4689,-7,18,31,6339,52
4693,-6,28,39,6339,56
4697,0,24,37,6347,58
4701,3,33,39,6347,63
4705,8,39,48,6329,66
4709,12,42,47,6329,70
4713,13,43,47,6253,74
4717,16,45,48,6253,78
4721,16,47,46,6231,83
4725,15,46,45,6231,87
4729,7,52,47,6217,92
4733,5,48,42,6217,97
4737,2,45,37,6186,102
4741,-1,40,33,6186,105
4745,-17,33,21,6218,110
4749,-17,28,19,6218,113
4753,-15,33,20,6305,117
4757,-17,32,21,6305,120
4761,-18,28,15,6327,123
4765,-8,40,22,6327,128
4769,-6,38,22,6338,131
4773,2,42,25,6338,134
4777,9,48,28,6315,138
4781,15,53,31,6315,142
4785,16,60,37,6254,146
4789,16,59,36,6254,149
4793,16,64,42,6180,151
4797,9,59,33,6180,155
4801,4,52,30,6133,156
4805,0,52,31,6133,156
4809,-6,46,22,6168,158
4813,-7,45,26,6168,157
4817,-13,38,17,6221,157
4821,-20,35,14,6221,157
4825,-19,37,14,6291,158
4829,-21,27,2,6291,160
4833,-14,33,12,6312,159
4837,-9,40,17,6312,160
4841,-2,44,18,6319,162
4845,2,44,21,6319,162
4849,13,52,28,6281,163
4853,20,57,34,6281,163
4857,18,61,38,6217,163
4861,14,57,35,6217,162
4865,14,56,35,6159,161
4869,11,58,38,6159,160
4873,7,53,33,6168,159
4877,-6,48,26,6168,159
4881,-9,41,21,6194,158
4885,-16,32,13,6194,157
4889,-14,38,15,6272,158
4893,-13,34,14,6272,157
4897,-10,35,12,6295,158
4901,-6,36,13,6295,159
4905,3,42,18,6312,160
4909,9,52,27,6312,161
4913,14,53,33,6273,160
4917,3,46,22,6273,161
4921,6,47,24,6225,161
4925,11,50,28,6225,161
4929,8,48,25,6251,161
4933,2,42,21,6251,160
4937,0,46,24,6244,160
4941,4,48,24,6244,161
4945,1,44,22,6261,161
4949,-1,43,18,6261,162
4953,-4,38,16,6278,162
4957,-2,40,15,6278,163
4961,1,41,18,6307,163
4965,0,38,18,6307,161
4969,0,40,15,6301,162
4973,6,44,21,6301,162
4977,18,52,31,6311,161
4981,13,50,28,6311,161
4985,7,47,23,6236,162
4989,8,48,25,6236,162
4993,9,49,26,6245,162
4997,3,50,25,6245,163
5001,-1,44,23,6245,162
5005,-3,44,17,6245,164
5009,2,46,21,6255,165
5013,3,47,21,6255,166
5017,2,44,21,6253,165
5021,5,48,22,6253,166
5025,10,51,26,6263,166
5029,7,48,25,6263,165
5033,9,55,31,6227,165
5037,9,55,31,6227,165
5041,9,53,32,6197,163
5045,5,51,27,6197,163
5049,5,49,28,6184,162
5053,8,51,30,6184,161
5057,0,45,23,6197,161
5061,-9,38,15,6197,161
5065,0,44,20,6249,162
5069,0,43,20,6249,162
5073,-6,43,20,6272,162
5077,-5,44,17,6272,164
5081,7,50,28,6273,163
5085,10,52,30,6273,162
5089,5,49,26,6217,162
5093,7,52,35,6217,159
5097,12,57,37,6207,158
5101,6,50,34,6207,155
5105,0,44,29,6167,152
5109,-1,43,27,6167,150
5113,3,43,31,6229,147
5117,-3,43,30,6229,145
5121,-9,42,29,6237,143
5125,-9,37,27,6237,140
5129,-7,37,26,6253,138
5133,-8,34,24,6253,136
5137,-10,34,27,6293,133
5141,-7,34,27,6293,130
5145,-5,38,33,6301,127
5149,2,39,37,6301,123
5153,7,41,41,6266,119
5157,-1,32,36,6266,113
5161,1,33,36,6249,109
5165,8,36,43,6249,104
5169,3,36,45,6243,99
5173,0,34,39,6243,97
5177,-8,22,36,6226,91
5181,-2,26,38,6226,87
5185,-2,29,42,6273,83
5189,-6,24,38,6273,79
5193,-8,21,35,6265,76
5197,-2,27,44,6265,72
5201,1,27,45,6279,68
5205,-1,23,43,6279,64
5209,-4,26,44,6244,62
5213,6,24,47,6244,58
5217,9,32,54,6241,55
5221,5,27,52,6241,51
5225,0,28,52,6185,48
5229,-1,24,50,6185,45
5233,0,22,50,6196,41
5237,-1,28,50,6196,41
5241,-1,18,46,6206,38
5245,-4,19,48,6206,35
5249,-3,18,47,6208,33
5253,2,26,54,6208,32
5257,2,23,54,6197,29
5261,-3,18,49,6197,27
5265,4,22,52,6187,26
5269,5,25,59,6187,23
5273,-2,21,50,6169,23
5277,-1,23,56,6169,21
5281,2,19,51,6168,20
5285,4,25,57,6168,19
5289,-1,20,51,6187,19
5293,-2,16,50,6187,17
5297,1,19,49,6198,18
5301,-1,19,54,6198,16
5305,-3,23,54,6215,16
5309,-1,22,53,6215,16
5313,0,21,52,6206,16
5317,-3,21,55,6206,15
5321,-1,21,53,6207,15
5325,-5,15,49,6207,14
5329,-8,16,49,6212,14
5333,-6,14,49,6212,13
5337,-1,23,54,6244,14
5341,-6,15,49,6244,13
5345,-11,9,42,6225,13
5349,-6,16,49,6225,13
5353,-1,16,51,6273,12
5357,-4,14,46,6273,13
5361,-2,14,47,6245,13
5365,6,24,57,6245,13
5369,6,22,55,6260,13
5373,1,16,51,6260,12
5377,1,22,54,6243,13
5381,6,24,55,6243,14
5385,3,19,54,6236,13
5389,-3,19,52,6236,13
5393,-2,19,50,6245,14
5397,-1,17,49,6245,14
5401,-2,15,46,6254,15
5405,-9,12,46,6254,14
5409,-13,7,40,6289,14
5413,-6,15,48,6289,14
5417,-8,11,44,6317,14
5421,-10,8,39,6317,15
5425,-12,9,41,6313,15
5429,0,11,43,6313,15
5433,2,18,47,6337,17
5437,3,16,48,6337,17
5441,5,18,48,6316,18
5445,6,18,49,6316,18
5449,10,23,50,6296,20
5453,7,25,53,6296,21
5457,6,18,46,6281,22
5461,10,21,50,6281,22
5465,5,24,50,6291,24
5469,1,18,47,6291,24
5473,-2,17,42,6269,26
5477,0,17,43,6269,27
5481,-1,21,45,6310,29
5485,-7,9,34,6310,30
5489,-4,12,35,6320,32
5493,1,21,43,6320,34
5497,4,22,44,6334,36
5501,6,26,42,6334,40
5505,9,23,40,6307,43
5509,16,30,46,6307,46
5513,17,33,47,6292,49
5517,14,38,50,6292,53
5521,13,39,47,6254,58
5525,14,39,49,6254,61
5529,7,36,42,6220,66
5533,3,34,37,6220,71
5537,-2,34,38,6237,75
5541,-3,30,36,6237,77
5545,-3,33,30,6256,83
5549,-5,30,27,6256,88
5553,-5,30,25,6288,93
5557,-2,32,26,6288,98
5561,3,36,28,6294,103
5565,3,36,28,6294,107
5569,4,39,27,6281,112
5573,7,40,30,6281,115
5577,9,42,33,6262,117
5581,7,41,31,6262,119
5585,4,40,28,6236,122
5589,6,48,33,6236,126
5593,3,45,30,6235,129
5597,-1,42,24,6235,133
5601,-7,42,24,6222,136
5605,-10,39,18,6222,140
5609,-7,33,14,6246,142
5613,-2,40,23,6246,143
5617,-10,36,12,6281,147
5621,-11,31,12,6281,148
5625,1,41,19,6299,150
5629,1,45,24,6299,151
5633,1,42,25,6266,150
5637,9,45,23,6266,152
5641,13,52,33,6251,152
5645,10,51,30,6251,153
5649,8,51,28,6181,155
5653,6,48,27,6181,155
5657,3,47,23,6197,157
5661,1,42,23,6197,156
5665,-2,48,22,6207,159
5669,-9,39,17,6207,159
5673,-12,30,7,6216,160
5677,-10,34,14,6216,159
5681,-7,38,12,6306,161
5685,-9,33,11,6306,161
5689,-3,36,16,6296,160
5693,7,46,20,6296,162
5697,5,43,21,6282,162
5701,5,45,20,6282,163
5705,11,50,25,6253,164
5709,14,57,33,6253,164
5713,12,56,31,6221,165
5717,10,49,25,6221,165
5721,10,51,25,6193,166
5725,7,49,23,6193,167
5729,3,51,25,6206,168
5733,1,42,19,6206,167
5737,-1,47,21,6217,168
5741,1,47,22,6217,168
5745,-9,38,13,6230,168
5749,-14,33,8,6230,168
5753,0,42,17,6273,168
5757,0,42,17,6273,168
5761,5,46,21,6266,168
5765,3,45,18,6266,169
5769,9,50,23,6243,170
5773,18,57,31,6243,170
5777,15,58,28,6204,172
5781,16,58,32,6204,172
5785,16,60,32,6151,173
5789,13,54,25,6151,174
5793,12,59,31,6159,174
5797,2,46,19,6159,174
5801,0,49,23,6179,173
5805,-2,41,16,6179,172
5809,-3,52,24,6227,173
5813,-2,44,19,6227,172
5817,-9,40,11,6220,173
5821,-12,36,9,6220,173
5825,-4,41,14,6272,173
5829,1,44,17,6272,173
5833,5,48,21,6289,173
5837,8,51,22,6289,174
5841,18,58,33,6235,173
5845,18,61,32,6235,174
5849,14,58,33,6168,173
5853,15,64,39,6168,172
5857,11,62,35,6159,172
5861,9,59,34,6159,171
5865,1,47,22,6147,170
5869,-1,51,25,6147,170
5873,-1,49,25,6207,169
5877,-4,49,28,6207,167
5881,-4,45,18,6214,168
5885,-9,44,20,6214,167
5889,-18,29,6,6252,166
5893,-4,44,21,6252,165
5897,3,44,20,6290,165
5901,1,48,24,6290,165
5905,7,56,34,6269,164
5909,12,61,35,6269,165
5913,18,65,41,6158,165
5917,7,56,34,6158,164
5921,6,55,32,6132,164
5925,12,65,41,6132,164
5929,10,61,39,6151,163
5933,-3,51,27,6151,163
5937,-5,48,24,6142,163
5941,3,52,30,6142,162
5945,0,54,31,6215,162
5949,-9,44,23,6215,161
5953,-14,42,23,6206,159
5957,-11,42,22,6206,158
5961,-1,46,29,6250,156
5965,-4,43,24,6250,155
5969,0,43,29,6244,152
5973,7,59,42,6244,151
5977,8,58,41,6214,150
5981,3,51,37,6214,148
5985,4,51,37,6147,146
5989,1,54,37,6147,146
5993,0,48,37,6161,143
5997,-5,42,32,6161,140
6001,-7,43,34,6183,137
6005,-7,44,38,6183,133
6009,-11,37,31,6213,130
6013,-8,34,33,6213,125
6017,-8,37,36,6226,121
6021,-22,27,28,6226,117
6025,-21,26,22,6252,116
6029,-8,34,38,6252,111
6033,-5,35,35,6291,109
6037,-4,38,39,6291,107
6041,2,38,43,6243,103
6045,13,52,53,6243,102
6049,6,42,49,6195,98
6053,-2,35,40,6195,96
6057,5,42,51,6179,92
6061,7,45,57,6179,88
6065,0,40,47,6148,87
6069,-6,30,41,6148,84
6073,-9,30,42,6176,81
6077,-6,35,46,6176,79
6081,-11,26,40,6204,76
6085,-11,26,43,6204,72
6089,-13,26,43,6231,69
6093,-10,23,42,6231,65
6097,-9,26,44,6229,63
6101,1,29,50,6229,60
6105,2,36,51,6205,60
6109,4,33,52,6205,58
6113,4,35,57,6158,55
6117,1,31,51,6158,54
6121,8,40,59,6149,53
6125,0,35,57,6149,51
6129,-4,28,51,6109,49
6133,-5,25,46,6109,48
6137,-2,30,50,6162,48
6141,-4,28,54,6162,45
6145,-11,20,43,6164,44
6149,-5,28,49,6164,44
6153,0,26,52,6197,42
6157,-6,26,48,6197,42
6161,-10,23,49,6175,40
6165,2,35,58,6175,40
6169,1,35,60,6177,39
6173,-5,27,50,6177,39
6177,-1,28,49,6167,40
6181,3,32,57,6167,39
6185,3,40,63,6186,39
6189,-7,29,50,6186,40
6193,-9,22,46,6159,39
6197,-6,26,50,6159,39
6201,-7,26,50,6251,39
6205,-7,22,46,6251,39
6209,-12,21,43,6251,40
6213,-8,26,47,6251,41
6217,-3,26,46,6271,42
6221,-10,22,43,6271,43
6225,0,28,45,6273,45
6229,4,38,57,6273,46
6233,2,31,54,6243,45
6237,1,28,49,6243,45
6241,8,37,56,6229,46
6245,7,35,52,6229,48
6249,0,31,51,6206,48
6253,0,34,52,6206,49
6257,0,38,51,6216,52
6261,-1,35,45,6216,56
6265,-5,33,44,6207,59
6269,-9,31,43,6207,61
6273,-14,23,34,6259,63
6277,-8,29,39,6259,65
6281,-8,25,35,6293,67
6285,-11,25,34,6293,69
6289,-15,20,26,6301,72
6293,-13,24,29,6301,75
6297,-12,27,29,6341,79
6301,-10,25,26,6341,83
6305,-9,28,29,6338,86
6309,2,34,32,6338,90
6313,11,38,39,6328,92
6317,8,41,39,6328,95
6321,4,36,35,6272,97
6325,14,53,50,6272,99
6329,16,47,44,6251,101
6333,5,42,40,6251,102
6337,-3,41,35,6217,105
6341,2,37,30,6217,108
6345,0,40,30,6260,112
6349,-11,28,20,6260,114
6353,-10,32,22,6282,117
6357,-9,37,23,6282,121
6361,-5,36,23,6310,124
6365,-4,40,25,6310,127
6369,-7,30,14,6293,130
6373,7,44,29,6293,132
6377,14,50,31,6318,136
6381,13,55,34,6318,140
6385,10,51,31,6223,143
6389,15,54,34,6223,145
6393,16,61,38,6187,148
6397,10,54,33,6187,150
6401,6,48,30,6163,150
6405,2,52,28,6163,153
6409,0,47,24,6192,155
6413,-7,39,17,6192,156
6417,-13,39,13,6242,159
6421,-12,36,11,6242,161
6425,-13,36,14,6273,161
6429,-10,35,13,6273,161
6433,0,42,16,6301,163
6437,3,41,20,6301,162
6441,4,49,22,6283,164
6445,3,47,19,6283,166
6449,8,49,23,6256,167
6453,11,57,28,6256,169
6457,11,55,28,6215,170
6461,11,50,22,6215,171
6465,12,61,33,6197,172
6469,11,52,27,6197,171
6473,10,52,26,6173,171
6477,8,49,25,6173,170
6481,6,46,24,6212,168
6485,4,51,25,6212,168
6489,-3,43,19,6219,167
6493,-15,31,9,6219,166
6497,-16,33,11,6261,165
6501,-4,39,17,6261,164
6505,-4,44,19,6307,165
6509,-4,41,17,6307,165
6513,7,49,23,6281,166
6517,18,58,30,6281,168
6521,25,63,38,6225,168
6525,18,59,32,6225,169
6529,16,60,30,6160,171
6533,26,67,39,6160,172
6537,23,66,38,6158,173
6541,10,62,33,6158,174
6545,2,49,21,6141,174
6549,3,59,32,6141,174
6553,1,57,25,6206,176
6557,-2,50,24,6206,175
6561,-15,39,10,6205,176
6565,0,48,20,6205,176
6569,5,53,21,6255,178
6573,4,49,22,6255,177
6577,7,54,21,6225,179
6581,21,64,33,6225,180
6585,20,75,43,6205,181
6589,17,72,40,6205,182
6593,13,69,36,6139,183
6597,6,62,29,6139,184
6601,4,63,32,6159,184
6605,0,59,26,6159,185
6609,-1,54,25,6189,184
6613,-4,52,19,6189,185
6617,-4,50,18,6229,185
6621,1,57,26,6229,185
6625,0,55,23,6242,185
6629,-6,54,22,6242,185
6633,6,61,29,6223,185
6637,10,63,31,6223,185
6641,7,65,33,6178,185
6645,7,63,32,6178,185
6649,20,78,46,6159,185
6653,24,81,47,6159,186
6657,10,68,38,6111,185
6661,6,63,34,6111,184
6665,3,64,35,6168,183
6669,4,65,42,6168,179
6673,-4,58,31,6171,178
6677,-8,50,27,6171,175
6681,-9,56,34,6209,172
6685,-12,51,26,6209,171
6689,-14,45,21,6222,170
6693,-7,53,29,6222,169
6697,-4,53,27,6242,169
6701,2,56,29,6242,170
6705,7,70,40,6231,172
6709,10,69,40,6231,173
6713,13,70,42,6145,174
6717,16,78,47,6145,176
6721,20,78,50,6109,176
6725,9,73,46,6109,175
6729,0,69,41,6083,175
6733,1,65,40,6083,174
6737,0,60,37,6122,172
6741,-17,48,27,6122,169
6745,-17,49,27,6179,167
6749,-17,49,28,6179,165
6753,-11,50,26,6240,165
6757,-13,49,27,6240,164
6761,-21,44,22,6234,163
6765,-2,55,32,6234,163
6769,3,60,39,6260,162
6773,5,64,43,6260,161
6777,7,70,46,6149,162
6781,16,74,50,6149,163
6785,18,73,52,6105,162
6789,8,70,46,6105,163
6793,1,71,50,6084,162
6797,0,65,44,6084,161
6801,3,69,48,6095,160
6805,-3,59,41,6095,158
6809,-14,56,39,6102,156
6813,-17,53,36,6102,154
6817,-14,48,34,6157,151
6821,-13,51,33,6157,151
6825,-22,44,27,6186,150
6829,-24,41,25,6186,149
6833,-21,42,26,6243,148
6837,-20,42,28,6243,146
6841,-11,49,34,6262,145
6845,-4,50,34,6262,145
6849,1,58,47,6224,142
6853,10,61,50,6224,140
6857,0,57,44,6129,139
6861,3,61,47,6129,139
6865,9,67,54,6113,138
6869,6,61,47,6113,138
6873,4,60,50,6066,136
6877,-6,53,44,6066,134
6881,-2,62,52,6111,133
6885,0,56,50,6111,130
6889,-5,55,46,6065,129
6893,-19,43,36,6065,127
6897,-13,48,38,6134,127
6901,-8,49,43,6134,125
6905,-15,50,41,6149,125
6909,-19,44,38,6149,123
6913,-11,48,44,6151,121
6917,-5,46,43,6151,119
6921,-8,44,41,6150,117
6925,-10,45,39,6150,117
6929,-3,48,46,6178,115
6933,-3,50,45,6178,115
6937,-11,45,38,6146,116
6941,-6,52,49,6146,115
6945,-4,53,50,6161,114
6949,-6,49,48,6161,112
6953,-10,42,38,6130,112
6957,-10,40,40,6130,110
6961,-15,36,36,6191,108
6965,-18,40,37,6191,108
6969,-15,37,40,6225,105
6973,-18,35,35,6225,104
6977,-21,31,32,6244,103
6981,-15,34,35,6244,102
6985,-10,38,38,6273,102
6989,-12,36,36,6273,102
6993,-18,31,31,6252,102
6997,-11,36,34,6252,103
7001,-9,37,36,6292,103
7005,-4,42,38,6292,105
7009,-5,40,39,6279,105
7013,1,50,49,6279,105
7017,3,53,49,6224,106
7021,0,50,46,6224,107
7025,-2,47,47,6178,106
7029,-8,42,41,6178,106
7033,-9,42,38,6206,107
7037,-8,42,38,6206,108
7041,-11,37,36,6235,107
7045,-16,28,26,6235,107
7049,-16,26,27,6291,105
7053,-14,29,27,6291,105
7057,-13,29,28,6322,105
7061,-8,34,30,6322,106
7065,-7,33,33,6336,105
7069,-9,34,29,6336,107
7073,-4,37,35,6325,107
7077,-1,36,30,6325,109
7081,-1,36,33,6315,109
7085,2,40,37,6315,109
7089,1,41,36,6301,110
7093,0,42,36,6301,111
7097,-4,33,31,6281,110
7101,-8,32,27,6281,111
7105,-7,28,24,6327,111
7109,-9,27,25,6327,110
7113,-8,30,25,6347,111
7117,-6,33,27,6347,112
7121,-6,27,25,6348,111
7125,-2,28,23,6348,112
7129,-1,31,27,6357,112
7133,-1,33,29,6357,112
7137,-3,28,24,6358,112
7141,2,35,29,6358,113
7145,3,29,21,6363,115
7149,6,35,27,6363,116
7153,2,35,27,6357,117
7157,5,35,27,6357,118
7161,14,41,31,6352,120
7165,15,41,30,6352,122
7169,8,40,30,6327,123
7173,13,37,27,6327,124
7177,10,40,30,6311,125
7181,7,36,27,6311,125
7185,5,39,28,6318,126
7189,3,30,21,6318,126
7193,8,40,27,6314,128
7197,7,33,21,6314,129
7201,8,39,26,6310,130
7205,12,41,28,6310,131
7209,10,40,26,6290,132
7213,16,44,31,6290,133
7217,16,45,31,6281,134
7221,18,47,32,6281,135
7225,16,45,32,6253,135
7229,11,49,32,6253,137
7233,16,52,35,6239,139
7237,16,46,30,6239,140
7241,11,46,34,6208,139
7245,9,41,25,6208,140
7249,10,42,26,6225,141
7253,9,45,32,6225,140
7257,12,48,33,6232,140
7261,9,41,25,6232,141
7265,0,39,24,6197,141
7269,8,44,29,6197,141
7273,16,48,27,6225,144
7277,15,47,29,6225,145
7281,12,51,34,6197,145
7285,17,57,35,6197,148
7289,25,62,45,6140,148
7293,18,54,34,6140,149
7297,11,54,36,6075,149
7301,12,54,38,6075,148
7305,4,49,29,6093,149
7309,3,51,35,6093,148
7313,0,46,31,6133,147
7317,2,41,26,6133,146
7321,0,45,29,6158,146
7325,3,49,28,6158,148
7329,7,49,32,6168,148
7333,4,53,33,6168,149
7337,5,52,34,6140,149
7341,9,55,35,6140,150
7345,4,57,35,6125,152
7349,6,54,37,6125,151
7353,7,55,36,6111,151
7357,8,60,41,6111,151
7361,4,60,41,6107,151
7365,5,58,41,6107,150
7369,6,63,44,6083,150
7373,1,55,39,6083,149
7377,-5,48,32,6092,148
7381,-10,46,31,6092,147
7385,-11,42,26,6173,146
7389,-9,51,34,6173,146
7393,-11,44,30,6195,145
7397,-19,40,24,6195,145
7401,-9,44,27,6224,145
7405,1,49,32,6224,145
7409,1,53,34,6233,146
7413,0,50,31,6233,147
7417,11,63,42,6175,149
7421,18,66,48,6175,149
7425,8,68,50,6111,149
7429,-1,57,39,6111,149
7433,0,58,44,6098,147
7437,-2,53,38,6098,146
7441,-7,50,37,6131,144
7445,-14,40,28,6131,142
7449,-21,42,27,6197,142
7453,-25,31,21,6197,139
7457,-13,43,27,6269,140
7461,-13,43,29,6269,140
7465,-14,39,23,6263,141
7469,4,49,34,6263,141
7473,13,57,46,6245,139
7477,13,61,49,6245,138
7481,10,56,48,6138,135
7485,8,58,49,6138,133
7489,3,50,44,6099,130
7493,-2,53,48,6099,127
7497,-7,46,38,6111,126
7501,-15,40,34,6111,124
7505,-18,32,27,6181,122
7509,-21,33,23,6181,123
7513,-28,26,19,6262,122
7517,-28,21,13,6262,122
7521,-29,20,13,6327,122
7525,-27,20,16,6327,120
7529,-21,27,18,6365,121
7533,0,37,32,6365,120
7537,11,44,37,6329,120
7541,19,55,47,6329,120
7545,21,55,50,6224,119
7549,16,55,50,6224,118
7553,13,58,51,6141,118
7557,11,53,48,6141,117
7561,5,50,48,6107,115
7565,2,45,42,6107,114
7569,-9,40,33,6141,115
7573,-11,38,35,6141,114
7577,-13,31,29,6213,113
7581,-20,27,24,6213,112
7585,-21,21,19,6280,111
7589,-22,20,21,6280,109
7593,-18,27,22,6318,110
7597,-11,24,26,6318,107
7601,-2,31,27,6318,108
7605,4,37,37,6318,107
7609,11,42,40,6281,107
7613,18,50,50,6281,106
7617,20,56,56,6214,105
7621,22,52,50,6214,105
7625,17,53,53,6102,104
7629,11,46,47,6102,103
7633,9,48,50,6101,102
7637,6,50,49,6101,102
7641,-8,30,30,6084,102
7645,-14,29,27,6084,103
7649,-16,27,28,6216,102
7653,-14,25,25,6216,102
7657,-20,23,21,6263,103
7661,-21,17,18,6263,102
7665,-21,18,19,6317,101
7669,-12,23,21,6317,102
7673,1,28,30,6327,101
7677,2,31,27,6327,103
7681,6,35,37,6302,102
7685,14,48,44,6302,104
7689,26,48,51,6251,102
7693,16,48,46,6251,103
7697,19,45,44,6150,103
7701,17,49,48,6150,103
7705,14,52,49,6157,104
7709,7,50,47,6157,105
7713,-1,37,33,6096,106
7717,0,41,37,6096,107
7721,-6,34,29,6187,108
7725,-12,29,30,6187,106
7729,-12,29,23,6226,108
7733,-13,29,26,6226,108
7737,-16,22,21,6272,107
7741,-13,28,24,6272,108
7745,-3,27,23,6303,109
7749,1,35,30,6303,110
7753,5,42,36,6297,111
7757,14,41,37,6297,111
7761,15,48,43,6236,112
7765,17,54,49,6236,112
7769,16,53,47,6165,113
7773,15,51,46,6165,113
7777,12,54,47,6130,114
7781,4,47,38,6130,116
7785,3,48,42,6130,116
7789,-1,38,30,6130,117
7793,-12,32,26,6159,117
7797,-11,36,28,6159,118
7801,-12,36,28,6243,119
7805,-16,28,22,6243,119
7809,-19,27,21,6261,119
7813,-12,29,22,6261,119
7817,-5,31,25,6295,119
7821,1,40,31,6295,120
7825,9,45,36,6272,121
7829,8,47,40,6272,121
7833,9,42,33,6220,122
7837,19,55,45,6220,123
7841,15,57,47,6195,124
7845,9,50,41,6195,124
7849,2,47,40,6140,123
7853,1,45,35,6140,124
7857,-1,47,36,6170,125
7861,-10,41,32,6170,125
7865,-11,38,25,6205,127
7869,-16,29,19,6205,127
7873,-19,30,16,6255,129
7877,-16,28,15,6255,130
7881,-13,30,21,6313,129
7885,-9,32,19,6313,130
7889,-4,37,26,6310,130
7893,5,43,30,6310,131
7897,4,41,28,6289,132
7901,3,43,31,6289,132
7905,8,48,31,6255,135
7909,10,46,33,6255,135
7913,7,48,35,6244,135
7917,3,51,33,6244,138
7921,1,44,32,6224,137
7925,1,44,27,6224,139
7929,-2,42,30,6236,138
7933,-2,45,32,6236,138
7937,-6,40,24,6251,139
7941,-3,35,19,6251,140
7945,-9,34,17,6272,141
7949,-14,28,11,6272,142
7953,-1,40,24,6319,142
7957,1,36,27,6319,139
7961,4,45,31,6299,139
7965,1,40,27,6299,138
7969,8,39,26,6254,138
7973,16,51,37,6254,138
7977,14,49,35,6255,138
7981,7,44,28,6255,139
7985,3,46,30,6225,140
7989,11,51,34,6225,141
7993,6,45,30,6222,141
7997,-2,43,28,6222,141
8001,-9,35,20,6225,141
8005,-2,39,22,6225,142
8009,2,45,29,6265,142
8013,-4,31,20,6265,140
8017,-7,31,14,6252,141
8021,6,44,29,6252,141
8025,8,45,28,6299,142
8029,11,46,31,6299,142
8033,10,52,35,6236,143
8037,15,49,33,6236,143
8041,17,52,35,6187,144
8045,14,55,39,6187,144
8049,6,48,32,6154,144
8053,4,46,30,6154,144
8057,7,52,36,6182,144
8061,2,46,32,6182,143
8065,-11,35,19,6165,143
8069,-8,40,24,6165,143
8073,-5,39,24,6236,143
8077,-6,38,20,6236,144
8081,-5,40,26,6249,143
8085,3,45,29,6249,143
8089,7,46,32,6232,142
8093,12,50,35,6232,142
8097,0,39,27,6186,140
8101,1,39,26,6186,139
8105,9,45,31,6223,139
8109,10,49,39,6223,137
8113,3,45,31,6186,137
8117,-3,37,27,6186,135
8121,6,47,38,6206,133
8125,8,48,38,6206,132
8129,-1,40,30,6176,131
8133,-3,41,34,6176,129
8137,3,44,35,6196,128
8141,4,43,35,6196,127
8145,0,40,30,6187,127
8149,-5,39,31,6187,126
8153,4,44,35,6215,126
8157,5,48,40,6215,125
8161,-4,39,32,6185,124
8165,-6,36,27,6185,124
8169,3,44,39,6216,122
8173,-1,40,34,6216,121
8177,-4,36,29,6202,121
8181,4,44,41,6202,119
8185,7,46,40,6205,119
8189,4,47,42,6205,118
8193,2,44,38,6173,118
8197,6,40,35,6173,117
8201,9,47,43,6177,116
8205,2,41,35,6177,116
8209,-1,42,38,6157,115
8213,-11,31,28,6157,114
8217,-6,37,36,6200,112
8221,-7,34,31,6200,111
8225,-12,27,25,6225,110
8229,-10,30,31,6225,108
8233,-3,38,38,6265,107
8237,-1,36,38,6265,105
8241,2,39,36,6234,106
8245,6,44,44,6234,105
8249,10,52,49,6207,106
8253,13,50,52,6207,104
8257,6,45,44,6117,104
8261,4,46,47,6117,103
8265,5,48,53,6139,100
8269,5,46,48,6139,99
8273,-5,41,44,6092,98
8277,-10,33,36,6092,97
8281,-11,30,31,6152,97
8285,-17,26,30,6152,96
8289,-20,20,23,6234,95
8293,-15,24,30,6234,93
8297,-15,27,30,6287,93
8301,-6,27,36,6287,90
8305,0,36,42,6273,89
8309,4,43,46,6273,90
8313,9,40,42,6205,91
8317,14,48,51,6205,91
8321,12,51,53,6175,92
8325,9,47,48,6175,93
8329,6,49,50,6103,94
8333,2,47,50,6103,94
8337,2,42,48,6092,92
8341,-3,37,40,6092,92
8345,-7,35,40,6132,91
8349,-12,33,37,6132,91
8353,-17,20,24,6177,91
8357,-19,21,24,6177,91
8361,-25,16,22,6261,90
8365,-22,20,24,6261,90
8369,-20,21,27,6290,89
8373,-16,15,20,6290,89
8377,-10,21,28,6315,88
8381,4,30,36,6315,87
8385,15,43,48,6299,87
8389,17,42,50,6299,86
8393,22,48,52,6192,87
8397,21,51,58,6192,86
8401,16,49,52,6118,87
8405,17,54,57,6118,88
8409,11,47,52,6075,88
8413,6,41,46,6075,88
8417,-1,40,43,6099,89
8421,-4,35,37,6099,90
8425,-6,37,37,6159,92
8429,-11,29,30,6159,93
8433,-17,21,22,6199,94
8437,-19,22,22,6199,95
8441,-14,21,23,6272,95
8445,-15,24,24,6272,96
8449,-16,25,25,6292,97
8453,2,36,34,6292,99
8457,7,38,37,6278,100
8461,7,38,34,6278,102
8465,13,48,43,6215,104
8469,20,56,54,6215,104
8473,19,50,47,6121,105
8477,7,47,42,6121,107
8481,7,45,41,6092,108
8485,8,50,44,6092,110
8489,3,50,42,6121,112
8493,-13,35,25,6121,115
8497,-17,27,20,6149,116
8501,-12,34,24,6149,118
8505,-11,31,21,6249,120
8509,-18,22,14,6249,120
8513,-17,24,17,6272,120
8517,-9,33,24,6272,121
8521,-7,31,24,6290,121
8525,-3,39,27,6290,123
8529,8,38,30,6269,123
8533,2,39,29,6269,124
8537,0,37,25,6242,126
8541,11,49,38,6242,127
8545,12,48,38,6237,127
8549,5,42,30,6237,128
8553,0,42,30,6205,129
8557,5,43,33,6205,129
8561,3,41,29,6217,130
8565,-8,37,23,6217,132
8569,-8,35,19,6242,134
8573,-6,38,24,6242,135
8577,-9,35,17,6271,138
8581,-1,42,28,6271,138
8585,4,39,23,6271,139
8589,3,44,26,6271,141
8593,11,47,32,6262,141
8597,16,55,40,6262,141
8601,13,47,32,6202,141
8605,7,44,27,6202,142
8609,12,53,35,6215,143
8613,13,51,37,6215,142
8617,0,46,31,6157,142
8621,-1,43,28,6157,142
8625,0,47,31,6205,142
8629,0,43,30,6205,141
8633,-8,37,20,6201,142
8637,-9,33,17,6201,142
8641,-8,31,17,6254,141
8645,-4,34,17,6254,142
8649,0,41,24,6281,143
8653,-1,38,22,6281,143
8657,1,38,24,6252,142
8661,8,49,32,6252,143
8665,10,49,33,6248,143
8669,10,48,32,6248,143
8673,8,52,34,6198,144
8677,9,51,34,6198,144
8681,10,45,29,6173,144
8685,6,49,30,6173,145
8689,4,46,28,6196,146
8693,-2,39,23,6196,146
8697,-5,42,23,6216,147
8701,-5,38,23,6216,146
8705,-10,34,15,6237,147
8709,-10,30,15,6237,146
8713,-6,33,14,6290,147
8717,1,41,26,6290,146
8721,4,45,24,6289,148
8725,8,44,29,6289,147
8729,10,54,33,6235,149
8733,15,56,36,6235,150
8737,18,58,39,6181,150
8741,17,56,39,6181,149
8745,11,52,34,6138,149
8749,9,56,38,6138,149
8753,3,47,33,6139,147
8757,2,47,29,6139,147
8761,-3,40,25,6175,146
8765,-10,39,22,6175,146
8769,-11,35,20,6221,145
8773,-6,40,18,6221,148
8777,-6,35,19,6257,147
8781,0,44,27,6257,147
8785,3,46,27,6251,148
8789,8,48,30,6251,148
8793,10,51,30,6210,150
8797,9,54,35,6210,150
8801,4,49,31,6157,150
8805,7,50,32,6157,150
8809,5,48,30,6166,150
8813,3,50,33,6166,149
8817,-1,47,27,6169,150
8821,-1,44,26,6169,150
8825,1,49,31,6196,150
8829,-2,44,28,6196,149
8833,-4,48,28,6185,150
8837,-6,47,30,6185,149
8841,2,51,33,6186,149
8845,4,49,33,6186,148
8849,3,48,30,6170,148
8853,5,51,38,6170,146
8857,10,54,39,6161,145
8861,12,54,40,6161,144
8865,11,58,44,6123,143
8869,8,54,40,6123,142
8873,-3,49,36,6082,141
8877,-6,43,32,6082,139
8881,-7,44,33,6133,137
8885,-10,38,28,6133,135
8889,-12,38,29,6185,133
8893,-8,36,30,6185,130
8897,-6,36,27,6224,129
8901,-7,37,31,6224,127
8905,1,42,33,6232,127
8909,4,47,40,6232,126
8913,7,54,44,6194,126
8917,12,54,47,6194,125
8921,11,58,51,6114,124
8925,4,51,42,6114,124
8929,4,54,45,6076,124
8933,7,53,46,6076,123
8937,-4,45,42,6083,120
8941,-17,30,29,6083,117
8945,-20,34,32,6150,115
8949,-11,35,35,6150,112
8953,-12,33,37,6212,108
8957,-15,29,28,6212,107
8961,0,40,44,6225,104
8965,3,41,42,6225,103
8969,1,43,44,6179,102
8973,-3,39,46,6179,98
8977,2,41,44,6158,97
8981,13,52,57,6158,95
8985,6,49,55,6119,93
8989,-8,34,41,6119,91
8993,-2,42,46,6093,91
8997,0,44,51,6093,89
9001,-8,33,41,6110,87
9005,-11,31,42,6110,84
9009,-11,33,41,6162,83
9013,-15,25,34,6162,82
9017,-17,21,36,6195,78
9021,-12,26,41,6195,75
9025,-12,27,41,6236,73
9029,-10,30,42,6236,72
9033,-8,30,47,6219,69
9037,-1,31,47,6219,67
9041,-2,35,46,6195,68
9045,-12,27,41,6195,67
9049,-9,31,43,6205,67
9053,2,35,47,6205,67
9057,-2,32,48,6205,65
9061,-15,23,39,6205,64
9065,-15,23,39,6215,63
9069,-6,26,40,6215,63
9073,-2,26,40,6242,63
9077,-10,23,35,6242,64
9081,-7,27,39,6257,65
9085,-8,28,39,6257,66
9089,-8,23,36,6253,66
9093,-10,23,36,6253,66
9097,-9,19,34,6290,65
9101,-6,23,38,6290,64
9105,-7,25,37,6301,65
9109,-1,26,38,6301,66
9113,4,34,43,6293,68
9117,10,36,45,6293,70
9121,14,42,52,6249,71
9125,16,41,52,6249,71
9129,14,43,56,6178,70
9133,15,43,53,6178,71
9137,18,48,61,6141,70
9141,12,41,55,6141,69
9145,8,43,53,6082,70
9149,3,32,41,6082,71
9153,0,35,40,6133,74
9157,-1,35,43,6133,75
9161,-10,28,30,6175,79
9165,-12,22,26,6175,81
9169,-12,24,28,6239,83
9173,-15,20,21,6239,86
9177,-17,15,17,6288,88
9181,-9,25,24,6288,91
9185,8,36,34,6315,94
9189,10,38,33,6315,98
9193,9,40,40,6234,99
9197,20,51,44,6234,103
9201,27,60,57,6168,104
9205,20,55,50,6168,106
9209,17,57,53,6055,107
9213,14,51,51,6055,106
9217,10,43,40,6032,107
9221,7,46,42,6032,108
9225,-11,38,27,6101,112
9229,-13,31,23,6101,114
9233,-15,34,21,6167,118
9237,-10,32,23,6167,119
9241,-19,28,17,6204,121
9245,-19,24,13,6204,123
9249,-9,30,16,6263,126
9253,-5,30,19,6263,127
9257,0,40,24,6271,130
9261,11,50,37,6271,131
9265,20,57,42,6205,133
9269,15,53,37,6205,135
9273,11,56,39,6111,137
9277,18,65,48,6111,139
9281,16,55,41,6088,139
9285,7,58,34,6088,144
9289,-1,45,29,6103,144
9293,-3,48,28,6103,146
9297,-3,51,30,6167,148
9301,-4,47,25,6167,150
9305,-11,43,23,6170,151
9309,-8,44,19,6170,154
9313,-10,38,16,6214,155
9317,-13,38,16,6214,156
9321,-2,43,21,6261,157
9325,3,50,29,6261,157
9329,3,49,26,6225,158
9333,2,49,30,6225,157
9337,6,52,29,6187,158
9341,5,54,33,6187,158
9345,10,56,34,6157,158
9349,9,59,37,6157,158
9353,-1,50,26,6124,159
9357,-4,43,23,6124,158
9361,-7,45,22,6170,159
9365,-10,40,16,6170,160
9369,-11,40,18,6215,160
9373,-17,33,9,6215,161
9377,-14,37,13,6260,162
9381,-1,43,21,6260,162
9385,-1,46,25,6269,161
9389,1,52,26,6269,163
9393,10,55,32,6226,163
9397,18,58,39,6226,161
9401,11,60,36,6149,162
9405,7,54,31,6149,162
9409,10,56,31,6140,163
9413,9,53,30,6140,163
9417,6,56,31,6157,164
9421,-8,41,19,6157,163
9425,-7,45,22,6183,163
9429,-3,44,23,6183,162
9433,-14,39,16,6233,162
9437,-17,33,10,6233,162
9441,-7,38,14,6261,163
9445,-4,40,23,6261,160
9449,-8,44,18,6276,162
9453,-4,43,18,6276,163
9457,-2,41,20,6247,162
9461,0,41,19,6247,162
9465,5,48,27,6262,161
9469,12,53,30,6262,161
9473,12,53,29,6224,162
9477,8,48,27,6224,161
9481,10,56,31,6205,162
9485,7,50,29,6205,161
9489,-9,38,14,6180,162
9493,-11,39,16,6180,162
9497,-4,41,18,6252,162
9501,-5,38,15,6252,162
9505,-11,36,15,6271,161
9509,-16,30,7,6271,161
9513,-1,39,16,6291,161
9517,0,38,17,6291,160
9521,-2,35,15,6285,159
9525,11,46,22,6285,160
9529,19,52,30,6289,160
9533,18,52,30,6289,160
9537,12,49,27,6196,160
9541,19,55,31,6196,161
9545,19,57,32,6177,162
9549,11,49,28,6177,161
9553,4,45,22,6150,161
9557,2,43,20,6150,161
9561,-9,39,16,6196,161
9565,-4,35,13,6196,161
9569,-7,37,15,6251,161
9573,-8,31,6,6251,162
9577,-2,38,17,6269,161
9581,4,38,15,6269,161
9585,8,42,19,6251,161
9589,10,44,22,6251,161
9593,10,46,22,6247,162
9597,12,48,25,6247,162
9601,14,51,27,6207,163
9605,14,52,27,6207,164
9609,14,52,30,6178,163
9613,10,53,24,6178,166
9617,16,55,32,6158,165
9621,19,59,35,6158,165
9625,11,53,31,6116,164
9629,2,46,24,6116,163
9633,-2,41,22,6121,161
9637,6,45,29,6121,158
9641,1,42,24,6167,156
9645,-11,31,16,6167,153
9649,-4,40,25,6205,151
9653,4,45,30,6205,149
9657,0,41,27,6187,147
9661,-2,38,25,6187,145
9665,2,42,25,6204,145
9669,12,49,34,6204,144
9673,15,52,36,6185,144
9677,11,48,36,6185,142
9681,11,55,40,6119,142
9685,11,50,34,6119,142
9689,10,53,41,6088,140
9693,2,45,36,6088,137
9697,0,41,34,6091,134
9701,-3,36,32,6091,130
9705,-4,33,30,6148,126
9709,-5,37,34,6148,123
9713,-7,33,30,6175,120
9717,-1,35,34,6175,117
9721,0,36,33,6190,115
9725,0,33,35,6190,111
9729,4,43,41,6176,110
9733,4,39,42,6176,107
9737,0,36,38,6130,105
9741,3,41,45,6130,102
9745,5,39,47,6139,98
9749,3,37,44,6139,95
9753,0,40,45,6092,94
9757,0,34,47,6092,89
9761,-1,31,45,6092,84
9765,-1,36,48,6092,81
9769,-14,22,36,6107,78
9773,-18,23,33,6107,77
9777,-16,18,33,6183,74
9781,-10,27,39,6183,73
9785,-11,21,37,6208,70
9789,-14,15,33,6208,67
9793,0,29,46,6226,65
9797,2,28,47,6226,62
9801,1,31,50,6167,60
9805,-1,31,53,6167,57
9809,-6,20,40,6130,55
9813,-3,24,48,6130,52
9817,1,31,53,6176,50
9821,-3,19,43,6176,47
9825,-11,17,40,6149,46
9829,-1,26,52,6149,43
9833,5,35,57,6185,43
9837,-2,26,50,6185,42
9841,-6,21,45,6111,41
9845,4,27,50,6111,41
9849,4,31,53,6156,41
9853,-2,24,47,6156,41
9857,-2,26,51,6148,40
9861,-4,24,45,6148,41
9865,-6,24,47,6151,41
9869,-6,20,45,6151,40
9873,-4,19,44,6175,39
9877,-1,26,48,6175,40
9881,-4,20,45,6188,39
9885,-4,24,47,6188,39
9889,0,23,48,6177,38
9893,-1,21,45,6177,38
9897,-2,17,44,6186,36
9901,-3,21,46,6186,36
9905,1,22,47,6204,36
9909,0,21,43,6204,37
9913,2,21,45,6195,37
9917,4,32,54,6195,38
9921,2,29,50,6182,39
9925,0,25,46,6182,40
9929,1,24,45,6163,41
9933,4,25,46,6163,42
9937,2,28,48,6186,43
9941,2,26,46,6186,44
9945,4,29,44,6167,47
9949,7,29,47,6167,48
9953,8,35,51,6176,50
9957,4,32,45,6176,53
9961,3,34,50,6151,54
9965,4,36,44,6151,59
9969,7,36,46,6147,62
9973,0,35,44,6147,65
9977,1,33,43,6157,67
9981,2,35,40,6157,71
9985,1,31,38,6166,73
9989,-5,32,36,6166,76
9993,-7,29,31,6189,80
9997,-3,30,32,6189,83
10001,-4,34,33,6208,87
10005,-5,36,35,6208,90
10009,1,38,37,6195,93
10013,-1,36,32,6195,97
10017,-3,32,30,6185,99
10021,-5,37,28,6185,104
10025,0,39,30,6205,108
10029,3,40,30,6205,112
10033,-3,34,24,6188,115
10037,0,39,32,6188,116
10041,3,42,30,6207,119
10045,4,42,29,6207,122
10049,-5,40,25,6184,126
10053,0,42,27,6184,129
10057,0,46,29,6191,132
10061,-6,38,23,6191,134
10065,-13,32,14,6177,137
10069,-10,31,14,6177,139
10073,-4,39,21,6250,141
10077,-6,36,17,6250,143
10081,-4,36,17,6227,145
10085,2,46,24,6227,148
10089,4,47,23,6214,151
10093,2,44,21,6214,153
10097,9,44,20,6187,155
10101,11,50,28,6187,156
10105,6,51,29,6184,157
10109,8,53,28,6184,159
10113,7,50,27,6138,160
10117,7,48,28,6138,159
10121,2,45,21,6130,160
10125,-6,37,15,6130,160
10129,1,42,18,6185,161
10133,0,46,21,6185,162
10137,-3,42,17,6195,163
10141,-4,44,21,6195,163
10145,-3,44,18,6203,164
10149,-1,38,14,6203,164
10153,-5,39,15,6204,164
10157,2,45,18,6204,166
10161,0,41,17,6216,166
10165,1,42,16,6216,167
10169,8,52,26,6223,168
10173,14,56,29,6223,169
10177,12,55,28,6165,170
10181,11,54,26,6165,171
10185,17,58,32,6149,171
10189,15,59,29,6149,173
10193,8,52,25,6125,173
10197,4,54,27,6125,173
10201,2,52,23,6165,174
10205,-2,46,19,6165,174
10209,-1,46,18,6181,174
10213,-5,41,14,6181,174
10217,-9,38,9,6217,175
10221,-5,38,12,6217,174
10225,2,44,15,6256,175
10229,3,47,23,6256,173
10233,10,53,28,6233,172
10237,10,54,25,6233,173
10241,11,54,27,6174,173
10245,11,54,27,6174,173
10249,16,59,32,6155,173
10253,21,63,36,6155,173
10257,13,58,31,6127,173
10261,11,63,34,6127,174
10265,6,58,28,6139,175
10269,6,55,29,6139,174
10273,-13,39,13,6149,173
10277,-10,45,18,6149,173
10281,-6,45,18,6233,173
10285,-13,37,12,6233,172
10289,-13,36,9,6242,172
10293,4,46,22,6242,171
10297,9,47,19,6265,172
10301,9,57,31,6265,172
10305,17,58,31,6213,172
10309,24,63,39,6213,171
10313,21,64,38,6135,171
10317,12,58,32,6135,171
10321,10,63,35,6116,172
10325,8,60,32,6116,173
10329,7,58,31,6112,173
10333,3,59,32,6112,173
10337,-8,45,16,6119,174
10341,-1,54,25,6119,175
10345,-1,57,29,6177,175
10349,-2,53,26,6177,175
10353,-1,55,23,6140,177
10357,5,56,28,6140,177
10361,13,68,38,6147,178
10365,9,63,34,6147,178
10369,-3,51,26,6100,176
10373,10,61,33,6100,176
10377,4,62,32,6156,177
10381,1,63,33,6156,178
10385,-6,54,25,6121,178
10389,4,60,31,6121,178
10393,5,58,31,6149,177
10397,-10,56,27,6149,177
10401,-7,54,26,6147,177
10405,7,63,34,6147,177
10409,2,57,29,6153,177
10413,-1,52,26,6153,176
10417,5,65,41,6158,174
10421,11,68,42,6158,173
10425,6,61,38,6104,171
10429,0,60,37,6104,169
10433,-4,54,31,6101,168
10437,-1,59,36,6101,167
10441,0,56,34,6147,166
10445,-3,51,30,6147,164
10449,-10,53,33,6150,162
10453,-3,56,33,6150,162
10457,8,60,41,6139,160
10461,3,64,46,6139,158
10465,-4,56,37,6090,157
10469,2,56,39,6090,155
10473,5,62,44,6109,154
10477,-1,53,39,6109,151
10481,-2,61,44,6085,150
10485,-1,58,41,6085,149
10489,0,59,45,6072,147
10493,-2,59,46,6072,145
10497,-17,48,35,6063,143
10501,-10,47,37,6063,140
10505,-4,51,44,6129,136
10509,-2,49,41,6129,133
10513,-8,52,44,6090,131
10517,-5,47,44,6090,127
10521,3,55,51,6099,124
10525,0,54,51,6099,121
10529,-12,46,43,6042,119
10533,-6,49,50,6042,115
10537,-3,50,54,6072,110
10541,-15,34,42,6072,104
10545,-17,32,41,6077,99
10549,-9,44,53,6077,95
10553,-2,47,59,6123,90
10557,-14,38,50,6123,86
10561,-25,26,33,6058,85
10565,-17,30,40,6058,83
10569,-11,38,51,6186,80
10573,-16,32,47,6186,76
10577,-17,31,46,6129,73
10581,-8,34,55,6129,68
10585,-4,37,57,6144,64
10589,-9,34,53,6144,61
10593,-10,28,47,6101,59
10597,-8,29,50,6101,56
10601,-9,35,54,6138,55
10605,-10,31,54,6138,52
10609,-11,29,54,6126,49
10613,-13,28,51,6126,47
10617,-14,26,50,6129,45
10621,-13,26,49,6129,44
10625,-12,25,50,6155,42
10629,-19,19,44,6155,41
10633,-23,10,34,6170,40
10637,-19,12,38,6170,38
10641,-16,19,45,6259,37
10645,-16,19,43,6259,37
10649,-11,16,42,6241,36
10653,-5,23,46,6241,37
10657,0,27,51,6233,37
10661,4,26,51,6233,36
10665,3,28,52,6197,36
10669,1,26,54,6197,34
10673,4,30,57,6175,33
10677,2,27,50,6175,34
10681,6,32,55,6169,35
10685,-2,27,51,6169,35
10689,-1,28,53,6166,35
10693,0,27,48,6166,37
10697,1,23,47,6195,37
10701,-5,26,48,6195,38
10705,-2,24,46,6205,39
10709,3,25,46,6205,40
10713,1,26,47,6223,41
10717,1,29,48,6223,43
10721,9,32,51,6222,44
10725,13,39,56,6222,46
10729,10,37,50,6168,50
10733,7,35,53,6168,51
10737,15,46,59,6160,54
10741,11,40,54,6160,56
10745,9,42,55,6119,58
10749,6,37,49,6119,60
10753,5,39,51,6139,62
10757,4,37,45,6139,65
10761,0,36,45,6149,67
10765,-5,36,41,6149,71
10769,-8,34,40,6156,74
10773,-9,30,33,6156,78
10777,-8,31,36,6204,80
10781,-8,27,31,6204,82
10785,-5,30,27,6231,87
10789,5,43,45,6231,89
10793,9,44,44,6219,91
10797,10,43,43,6219,93
10801,10,49,44,6161,97
10805,10,52,47,6161,100
10809,10,57,48,6110,105
10813,9,54,43,6110,110
10817,2,51,40,6074,114
10821,2,49,35,6074,119
10825,2,51,37,6100,123
10829,-1,52,36,6100,127
10833,-6,43,28,6109,130
10837,-9,49,31,6109,134
10841,-6,46,28,6148,137
10845,-7,46,29,6148,139
10849,-6,49,29,6142,142
10853,-4,51,32,6142,144
10857,-4,53,31,6139,147
10861,-3,49,28,6139,149
10865,-6,49,27,6123,151
10869,-7,48,28,6123,152
10873,-11,47,24,6155,154
10877,-5,48,22,6155,157
10881,-4,47,28,6161,156
10885,-9,47,22,6161,158
10889,-11,44,23,6166,158
10893,2,56,33,6166,159
10897,-2,52,32,6170,158
10901,-14,44,23,6170,158
10905,-9,43,20,6175,159
10909,-2,50,26,6175,160
10913,-4,47,29,6205,158
10917,-11,39,17,6205,158
10921,-8,42,21,6215,158
10925,-8,44,21,6215,159
10929,-9,43,21,6241,159
10933,-9,45,21,6241,160
10937,-5,43,19,6248,161
10941,-10,42,16,6248,163
10945,-14,33,10,6250,163
10949,4,49,24,6250,164
10953,10,51,26,6276,165
10957,5,51,25,6276,166
10961,3,46,22,6223,166
10965,12,51,27,6223,166
10969,20,67,42,6218,166
10973,5,52,29,6218,165
10977,0,45,23,6167,164
10981,-4,44,22,6167,163
10985,3,45,24,6260,162
10989,-2,44,23,6260,161
10993,-5,40,17,6266,161
10997,2,42,20,6266,161
11001,1,45,22,6289,161
11005,3,45,20,6289,162
11009,-1,39,16,6280,162
11013,1,40,15,6280,163
11017,9,44,21,6288,163
11021,8,49,24,6288,164
11025,12,50,27,6268,164
11029,14,58,31,6268,166
11033,16,56,34,6205,165
11037,21,61,35,6205,166
11041,18,59,33,6155,167
11045,10,51,28,6155,166
11049,7,49,24,6155,166
11053,5,45,23,6155,165
11057,3,50,24,6204,166
11061,1,46,21,6204,166
11065,-3,40,18,6195,165
11069,6,46,22,6195,165
11073,6,47,21,6240,166
11077,-2,39,15,6240,166
11081,8,52,26,6226,167
11085,19,54,29,6226,167
11089,18,62,33,6186,169
11093,14,52,26,6186,169
11097,12,58,30,6143,170
11101,25,74,44,6143,172
11105,21,69,42,6128,172
11109,11,62,33,6128,173
11113,9,59,30,6110,174
11117,17,63,38,6110,173
11121,10,64,35,6129,174
11125,-4,50,24,6129,173
11129,-3,50,21,6139,174
11133,10,57,32,6139,173
11137,4,54,25,6164,174
11141,-4,50,24,6164,173
11145,2,52,27,6158,172
11149,10,59,31,6158,173
11153,5,59,32,6145,173
11157,5,58,31,6145,173
11161,18,67,40,6109,173
11165,15,67,36,6109,175
11169,7,64,36,6084,175
11173,14,73,45,6084,175
11177,9,67,40,6089,175
11181,-1,57,30,6089,175
11185,-8,55,27,6110,175
11189,-2,57,28,6110,176
11193,-1,54,28,6164,175
11197,-12,49,21,6164,175
11201,-4,57,30,6185,175
11205,6,62,35,6185,175
11209,0,56,28,6148,175
11213,2,66,38,6148,175
11217,14,73,45,6130,175
11221,17,74,45,6130,176
11225,9,72,44,6064,176
11229,6,67,39,6064,176
11233,8,67,39,6055,176
11237,4,72,44,6055,176
11241,-1,65,37,6082,176
11245,-3,65,37,6082,176
11249,-10,61,33,6091,176
11253,-9,62,34,6091,176
11257,-6,58,34,6115,174
11261,-6,57,28,6115,175
11265,-1,63,33,6129,176
11269,3,67,41,6129,175
11273,3,71,41,6114,176
11277,0,64,36,6114,176
11281,3,75,45,6102,177
11285,5,76,49,6102,176
11289,-1,68,40,6065,176
11293,-11,62,32,6065,177
11297,-10,56,29,6117,176
11301,-7,65,37,6117,176
11305,-1,70,42,6165,176
11309,-10,57,31,6165,175
11313,-14,61,33,6113,175
11317,-10,59,30,6113,176
11321,-6,62,34,6157,176
11325,-4,65,35,6157,177
11329,5,73,44,6140,177
11333,12,80,51,6140,177
11337,4,70,42,6082,177
11341,-8,65,41,6082,175
11345,-2,73,41,6124,177
11349,0,66,41,6124,175
11353,-7,63,35,6119,175
11357,-16,60,35,6119,174
11361,-15,55,28,6143,174
11365,3,69,43,6143,173
11369,-4,70,43,6158,173
11373,-8,61,34,6158,173
11377,3,68,46,6104,170
11381,1,67,45,6104,168
11385,0,68,45,6073,167
11389,-5,64,42,6073,166
11393,-7,62,41,6083,164
11397,-2,66,44,6083,163
11401,-5,64,42,6084,162
11405,-8,62,39,6084,162
11409,-13,58,35,6076,162
11413,-14,56,33,6076,162
11417,-12,57,34,6128,162
11421,-12,57,32,6128,163
11425,-24,51,28,6124,163
11429,-18,54,31,6124,163
11433,-13,51,28,6154,163
11437,-11,51,30,6154,162
11441,-8,55,32,6166,162
11445,0,61,38,6166,162
11449,-3,59,38,6138,161
11453,-5,58,36,6138,161
11457,6,72,51,6129,160
11461,7,73,51,6129,160
11465,-1,62,40,6080,160
11469,-9,55,35,6080,159
11473,0,66,48,6148,157
11477,3,63,44,6148,156
11481,-12,50,35,6100,153
11485,-12,51,33,6100,152
11489,-12,53,40,6175,149
11493,-16,49,35,6175,147
11497,-14,48,35,6171,145
11501,-18,39,25,6171,144
11505,-16,40,26,6219,143
11509,-12,47,35,6219,141
11513,-8,49,38,6241,139
11517,0,49,39,6241,137
11521,4,53,44,6195,135
11525,9,63,54,6195,133
11529,7,64,52,6131,133
11533,-4,55,45,6131,132
11537,3,59,51,6082,130
11541,3,54,47,6082,128
11545,1,53,46,6109,126
11549,-12,47,43,6109,123
11553,-12,45,41,6129,121
11557,-9,46,43,6129,119
11561,-21,30,27,6156,117
11565,-21,34,32,6156,115
11569,-13,39,36,6241,114
11573,-7,42,41,6241,112
11577,-10,41,37,6214,112
11581,-8,40,40,6214,110
11585,-8,39,40,6228,108
11589,-5,42,41,6228,107
11593,-2,49,49,6215,106
11597,-3,43,43,6215,105
11601,-8,39,39,6182,104
11605,-6,39,42,6182,102
11609,-2,43,44,6219,101
11613,-13,35,35,6219,101
11617,-9,36,39,6216,99
11621,-8,37,39,6216,98
11625,-9,38,45,6233,