システムクロック時刻,ジャイロ角速度,左PWM,右PWM,電圧,12,154
11,-4,0,-4,7467,93
11,-4,-1,-5,7467,94
13,-6,-3,-7,7478,94
17,-24,-16,-20,7242,94
21,7,3,-1,7247,94
25,10,5,1,7111,94
29,1,0,-4,7113,94
33,-8,-6,-10,7045,95
37,-4,-4,-8,7045,95
41,2,-5,-9,7065,94
45,-6,-10,-14,7061,94
49,-2,-7,-11,7119,94
53,0,-5,-9,7119,94
57,-7,-10,-14,7099,92
61,2,-4,-8,7099,92
65,-2,-7,-10,7109,93
69,-2,-7,-10,7107,92
73,-3,-8,-11,7155,93
77,1,-5,-9,7153,92
81,-8,-11,-15,7223,93
85,1,-6,-10,7222,94
89,-8,-16,-20,7230,93
93,-11,-18,-22,7230,93
97,-11,-22,-26,7222,94
101,-16,-26,-29,7223,92
105,-5,-18,-22,7203,93
109,-12,-27,-30,7203,92
113,-14,-27,-31,7231,92
117,-5,-29,-33,7232,93
121,-12,-32,-35,7174,91
125,-8,-32,-36,7176,92
129,7,-20,-23,7118,91
133,13,-23,-26,7117,91
137,25,-10,-13,7175,91
141,30,-11,-14,7172,90
145,29,-11,-14,7240,90
149,35,-2,-4,7239,89
153,29,-10,-12,7269,88
157,24,-17,-19,7265,87
161,25,-10,-12,7353,88
165,17,-15,-17,7355,89
169,11,-24,-25,7345,87
173,16,-24,-26,7345,88
177,9,-28,-30,7297,88
181,10,-26,-28,7299,89
185,19,-24,-26,7259,89
189,18,-23,-25,7260,89
193,21,-24,-26,7250,89
197,25,-23,-25,7253,90
201,41,-9,-12,7147,90
205,43,-9,-11,7152,89
209,39,-8,-10,7004,89
213,41,-8,-10,7008,89
217,48,-4,-6,6892,90
221,36,-12,-15,6895,91
225,40,-10,-13,6825,90
229,39,-6,-9,6826,90
233,28,-15,-18,6778,91
237,25,-18,-21,6778,91
241,25,-20,-23,6748,91
245,24,-17,-20,6750,91
249,20,-17,-20,6712,91
253,17,-21,-24,6712,92
257,23,-19,-22,6712,92
261,21,-17,-20,6713,92
265,23,-17,-21,6693,92
269,27,-16,-20,6692,93
273,28,-16,-20,6692,92
277,31,-14,-18,6691,92
281,34,-8,-11,6711,91
285,34,-9,-12,6710,91
289,34,-4,-7,6740,91
293,35,-10,-12,6739,90
297,36,-4,-7,6767,91
301,33,-2,-5,6766,92
305,28,-7,-10,6786,92
309,30,-7,-10,6785,90
313,27,-10,-13,6805,91
317,21,-6,-9,6805,89
321,21,-9,-12,6805,90
325,22,-11,-13,6805,90
329,21,-13,-15,6873,90
333,17,-13,-15,6871,89
337,18,-9,-12,6831,90
341,20,-11,-13,6834,89
345,20,-8,-11,6776,90
349,21,-10,-13,6777,90
353,22,-11,-13,6767,89
357,21,-4,-6,6767,89
361,20,-8,-10,6757,90
365,19,-6,-9,6757,89
369,20,-4,-6,6757,89
373,20,-3,-5,6757,88
377,18,-7,-9,6767,88
381,17,-11,-13,6766,88
385,15,-6,-7,6766,88
389,15,-10,-11,6767,87
393,16,-7,-9,6757,87
397,17,-5,-7,6757,87
401,16,-10,-11,6747,85
405,15,-4,-5,6747,85
409,16,-8,-8,6747,85
413,16,-6,-7,6747,85
417,16,-5,-6,6747,84
421,16,-5,-5,6747,84
425,15,-4,-5,6757,85
429,13,-6,-6,6756,84
433,14,-4,-5,6756,85
437,14,-4,-5,6757,85
441,15,-8,-8,6757,85
445,14,-3,-3,6757,85
449,13,0,0,6747,84
453,13,-5,-5,6747,84
457,13,-4,-5,6757,85
461,12,-5,-6,6756,84
465,11,-2,-2,6756,83
469,10,-3,-3,6756,83
473,8,-1,-1,6756,83
477,5,-5,-5,6756,84
481,4,-7,-7,6756,83
485,2,-6,-6,6756,83
489,0,-10,-10,6756,83
493,-1,-8,-8,6757,82
497,-2,-11,-11,6747,82
501,-3,-10,-9,6747,81
505,-2,-8,-7,6747,82
509,-1,-10,-10,6747,82
513,0,-12,-12,6747,82
517,3,-8,-7,6747,80
521,4,-5,-4,6739,81
525,5,-3,-2,6739,80
529,7,0,0,6747,81
533,8,-7,-6,6746,80
537,8,-4,-3,6756,80
541,6,-4,-3,6756,80
545,4,-4,-2,6766,80
549,4,-3,-1,6765,80
553,1,-8,-7,6765,80
557,-1,-9,-7,6766,80
561,-3,-9,-8,6756,80
565,-5,-10,-9,6757,80
569,-6,-11,-10,6747,80
573,-6,-11,-10,6747,80
577,-4,-10,-8,6739,79
581,-2,-9,-7,6739,79
585,0,-7,-6,6729,80
589,3,-5,-4,6729,79
593,6,-3,-1,6739,79
597,7,-2,0,6739,79
601,8,-1,0,6739,79
605,8,-1,0,6738,79
609,8,-1,0,6756,78
613,9,0,1,6756,78
617,5,-3,-1,6756,78
621,3,-4,-2,6755,78
625,0,-7,-5,6775,78
629,-1,-8,-6,6776,78
633,0,-8,-6,6746,79
637,2,-7,-5,6746,79
641,6,-4,-3,6738,80
645,8,-3,-1,6738,78
649,10,-1,0,6738,80
653,11,0,0,6737,80
657,10,-1,0,6765,80
661,8,-2,-1,6765,80
665,6,-4,-3,6775,80
669,6,-4,-3,6775,80
673,7,-4,-2,6765,80
677,9,-2,-1,6765,81
681,11,-1,0,6755,80
685,14,0,1,6755,80
689,14,1,2,6775,81
693,15,2,3,6775,81
697,14,1,2,6765,81
701,14,2,2,6766,82
705,13,1,1,6756,82
709,13,1,2,6755,81
713,15,3,3,6755,82
717,16,4,4,6756,83
721,18,5,5,6746,83
725,19,7,7,6746,83
729,20,8,8,6738,83
733,20,8,8,6739,83
737,19,8,8,6729,84
741,20,9,9,6729,84
745,20,9,9,6729,84
749,21,11,10,6729,85
753,23,12,12,6719,85
757,24,14,13,6719,84
761,25,15,14,6709,86
765,26,17,15,6709,86
769,27,18,17,6689,86
773,27,19,17,6690,88
777,27,24,23,6670,87
781,27,29,27,6671,88
785,28,29,27,6633,88
789,30,34,32,6636,89
793,31,39,36,6576,90
797,33,39,36,6578,90
801,34,44,41,6492,90
805,35,48,45,6495,91
809,35,56,53,6407,91
813,36,54,50,6421,93
817,36,63,60,6225,93
821,37,71,67,6221,94
825,37,72,68,6153,95
829,41,81,76,6167,95
833,42,89,85,5991,95
837,30,83,79,5997,94
841,7,69,65,5869,95
845,-30,44,40,5857,94
849,-59,21,16,6005,95
853,-81,-3,-7,5997,96
857,-81,-9,-14,6407,96
861,-97,-27,-33,6389,97
865,-90,-27,-33,6583,98
869,-74,-21,-26,6597,97
873,-67,-21,-25,6471,95
877,-41,-4,-8,6464,94
881,-9,18,14,6502,94
885,8,22,18,6498,95
889,10,27,23,6646,94
893,12,27,22,6641,96
897,33,41,36,6679,97
901,41,53,47,6680,98
905,51,61,55,6660,100
909,75,76,68,6664,102
913,93,100,92,6528,103
917,88,100,92,6545,105
921,76,100,93,6095,106
925,48,87,78,6106,107
929,18,70,62,5844,106
933,9,65,56,5837,106
937,-22,37,29,6041,105
941,-43,18,11,6031,103
945,-40,16,10,6305,100
949,-47,8,2,6294,99
953,-50,2,-3,6518,99
957,-46,-2,-7,6523,98
961,-31,12,6,6631,99
965,-10,21,15,6621,100
969,23,46,40,6669,100
973,33,57,50,6669,101
977,39,61,53,6651,103
981,52,75,66,6657,105
985,61,87,79,6529,105
989,63,93,85,6540,105
993,57,98,90,6238,106
997,46,93,84,6248,107
1001,27,85,76,5944,108
1005,8,70,61,5954,107
1009,-7,56,47,5954,107
1013,-10,57,49,5939,105
1017,-17,46,38,6203,104
1021,-26,36,29,6195,101
1025,-31,33,26,6293,101
1029,-29,36,29,6289,101
1033,-21,37,30,6415,101
1037,-10,47,40,6422,101
1041,7,67,60,6422,102
1045,12,68,61,6426,104
1049,15,72,64,6172,105
1053,21,85,77,6179,105
1057,30,97,89,6073,105
1061,17,89,81,6067,104
1065,7,83,74,6067,105
1069,4,85,78,6073,102
1073,-7,74,67,6161,101
1077,-23,60,54,6151,99
1081,-32,54,49,6179,97
1085,-34,54,49,6173,97
1089,-32,49,45,6339,94
1093,-36,42,38,6337,94
1097,-39,41,38,6377,92
1101,-26,51,49,6383,90
1105,-17,58,56,6461,89
1109,-12,64,62,6457,88
1113,-8,65,63,6321,88
1117,-1,68,65,6333,89
1121,0,73,71,6215,90
1125,1,77,74,6208,91
1129,-6,74,71,6208,91
1133,-16,68,64,6212,93
1137,-23,62,59,6222,92
1141,-16,67,64,6217,92
1145,-36,55,52,6305,91
1149,-42,48,45,6310,90
1153,-35,50,48,6338,87
1157,-26,55,53,6326,87
1161,-27,52,51,6406,86
1165,-25,52,51,6416,84
1169,-20,55,55,6386,84
1173,-12,65,65,6387,83
1177,-12,65,65,6357,83
1181,-14,62,63,6358,81
1185,-15,66,66,6300,82
1189,-11,67,67,6301,82
1193,-14,63,64,6321,81
1197,-17,59,60,6311,81
1201,-21,60,60,6329,82
1205,-20,63,64,6329,81
1209,-26,55,55,6349,83
1213,-29,50,50,6353,83
1217,-34,53,53,6393,83
1221,-31,51,50,6385,84
1225,-32,46,45,6413,84
1229,-32,42,42,6414,83
1233,-28,47,47,6474,81
1237,-24,51,52,6475,79
1241,-13,56,57,6495,80
1245,-16,56,58,6502,78
1249,-17,58,60,6414,76
1253,-16,55,58,6407,75
1257,-17,56,60,6367,73
1261,-17,53,56,6368,73
1265,-23,45,49,6358,72
1269,-28,48,52,6364,71
1273,-19,49,54,6442,71
1277,-26,41,45,6440,71
1281,-30,44,49,6440,69
1285,-21,46,51,6440,69
1289,-20,47,53,6490,68
1293,-17,46,52,6482,67
1297,-21,45,50,6472,68
1301,-9,55,60,6480,69
1305,-3,56,61,6490,69
1309,-9,54,60,6486,67
1313,-9,57,63,6398,67
1317,-8,54,60,6401,67
1321,-9,55,61,6401,66
1325,-16,51,58,6400,65
1329,-18,50,57,6410,65
1333,-18,50,57,6414,64
1337,-23,41,48,6442,64
1341,-29,37,45,6431,64
1345,-28,32,40,6491,62
1349,-22,43,50,6493,63
1353,-20,38,47,6571,60
1357,-24,36,45,6567,60
1361,-28,34,42,6547,61
1365,-18,36,45,6545,61
1369,-19,37,45,6583,61
1373,-19,38,46,6592,61
1377,-14,37,46,6592,60
1381,-9,43,51,6584,61
1385,-10,39,47,6584,62
1389,-12,45,52,6591,63
1393,-5,46,53,6573,64
1397,-5,43,50,6568,65
1401,-8,39,46,6528,65
1405,-11,40,46,6532,67
1409,-10,37,43,6572,67
1413,-10,45,50,6568,68
1417,-10,41,47,6586,67
1421,-3,43,49,6591,66
1425,-7,38,44,6563,66
1429,-8,40,46,6565,65
1433,-4,40,47,6583,64
1437,-5,42,49,6576,63
1441,-6,39,46,6576,63
1445,-3,44,51,6574,65
1449,0,44,51,6566,64
1453,1,47,55,6567,64
1457,-2,43,51,6537,63
1461,-3,41,47,6545,65
1465,-1,40,48,6525,64
1469,-4,42,49,6522,65
1473,-3,41,47,6552,67
1477,-4,39,44,6548,68
1481,-2,39,44,6538,71
1485,5,49,53,6541,72
1489,1,44,48,6561,73
1493,-8,37,40,6567,74
1497,-13,37,39,6527,77
1501,-7,39,41,6521,77
1505,-3,40,42,6589,78
1509,-10,34,35,6584,81
1513,-5,41,42,6574,80
1517,7,48,49,6577,82
1521,4,46,46,6587,82
1525,5,46,46,6585,83
1529,6,52,51,6527,85
1533,10,54,53,6529,87
1537,8,52,51,6499,87
1541,9,53,51,6500,87
1545,2,47,46,6472,87
1549,-6,46,43,6480,89
1553,3,50,48,6508,89
1557,2,49,46,6506,90
1561,-7,41,38,6506,91
1565,-9,43,40,6503,92
1569,3,50,46,6543,93
1573,5,51,47,6543,95
1577,-4,44,40,6523,94
1581,16,58,54,6520,95
1585,11,55,50,6530,98
1589,-2,46,40,6534,98
1593,3,54,49,6456,98
1597,6,56,50,6451,100
1601,0,51,44,6471,101
1605,-12,41,34,6472,102
1609,-1,48,40,6472,103
1613,0,53,45,6469,105
1617,-2,50,42,6527,106
1621,0,51,42,6532,107
1625,6,60,51,6494,107
1629,9,61,52,6496,107
1633,8,60,51,6446,108
1637,-6,49,40,6451,107
1641,3,54,46,6403,106
1645,0,57,48,6395,106
1649,-2,58,49,6453,106
1653,-9,50,42,6454,106
1657,-8,49,40,6414,106
1661,0,53,45,6411,106
1665,-7,47,38,6471,108
1669,-12,42,33,6477,108
1673,-7,49,40,6487,108
1677,0,53,43,6479,109
1681,-8,50,41,6507,109
1685,-5,51,40,6510,110
1689,4,61,51,6482,110
1693,-2,55,44,6491,111
1697,-7,50,39,6441,111
1701,-3,51,41,6437,110
1705,0,52,41,6487,110
1709,-4,53,42,6486,111
1713,-7,49,39,6486,110
1717,-4,49,39,6481,109
1721,-3,54,44,6491,110
1725,-13,44,35,6499,107
1729,-11,43,34,6479,108
1733,-15,39,29,6477,108
1737,-11,45,35,6555,110
1741,-4,48,38,6547,110
1745,-6,45,35,6557,111
1749,2,55,44,6560,112
1753,12,62,51,6540,112
1757,8,58,47,6548,112
1761,11,61,50,6440,111
1765,4,60,50,6439,110
1769,3,58,48,6419,110
1773,1,55,46,6415,109
1777,-4,56,46,6397,109
1781,-10,49,39,6400,109
1785,-15,38,28,6428,109
1789,-13,38,28,6425,109
1793,-10,43,34,6543,109
1797,-21,34,24,6535,109
1801,-13,43,32,6555,110
1805,-5,46,36,6556,109
1809,-6,44,34,6574,109
1813,-6,43,33,6577,109
1817,4,55,45,6559,109
1821,11,59,49,6559,110
1825,6,51,41,6509,110
1829,2,53,43,6510,110
1833,2,52,42,6492,109
1837,1,51,41,6492,110
1841,-4,46,37,6492,108
1845,-6,49,39,6496,109
1849,-12,43,33,6534,109
1853,-12,41,31,6533,110
1857,-13,43,34,6543,109
1861,-17,33,24,6537,109
1865,-16,33,23,6567,110
1869,-10,36,26,6571,109
1873,-10,40,30,6629,108
1877,-13,31,22,6630,107
1881,-9,34,25,6610,106
1885,9,47,38,6606,107
1889,3,48,40,6636,105
1893,2,47,39,6643,105
1897,16,53,44,6565,106
1901,14,53,45,6557,105
1905,13,54,46,6517,105
1909,8,46,39,6525,103
1913,8,48,40,6497,103
1917,7,53,46,6494,103
1921,2,49,42,6512,102
1925,-4,40,33,6517,102
1929,-6,38,32,6499,100
1933,0,43,37,6496,100
1937,-6,39,32,6564,100
1941,-9,36,30,6561,98
1945,0,42,37,6571,97
1949,4,45,41,6572,95
1953,0,43,38,6562,95
1957,0,38,34,6557,93
1961,3,41,38,6537,91
1965,8,46,43,6539,90
1969,6,41,39,6549,89
1973,8,44,42,6554,87
1977,8,46,44,6534,86
1981,2,42,42,6528,85
1985,3,39,39,6508,84
1989,3,41,41,6509,83
1993,-1,39,39,6529,83
1997,-9,29,29,6527,81
2001,-5,32,33,6537,80
2005,-4,34,36,6535,78
2009,-6,33,35,6593,78
2013,2,39,42,6599,76
2017,11,42,45,6589,74
2021,11,44,48,6593,73
2025,6,42,47,6525,72
2029,11,42,47,6526,70
2033,17,50,54,6506,70
2037,11,47,53,6499,68
2041,1,41,48,6441,66
2045,0,41,48,6451,64
2049,4,39,47,6481,63
2053,-2,36,44,6478,62
2057,-12,29,38,6488,61
2061,-5,34,43,6480,59
2065,-7,28,37,6538,59
2069,-9,28,37,6543,58
2073,-3,32,43,6553,55
2077,2,37,47,6555,55
2081,2,38,49,6555,54
2085,3,40,50,6548,54
2089,3,41,52,6490,53
2093,7,44,56,6498,53
2097,6,40,52,6468,51
2101,-1,31,43,6463,50
2105,-5,30,42,6443,49
2109,-6,30,43,6448,47
2113,-4,32,45,6526,47
2117,-11,22,36,6526,46
2121,-11,23,37,6526,45
2125,-10,24,39,6523,44
2129,-10,24,39,6581,43
2133,-11,24,39,6581,42
2137,-5,24,39,6573,42
2141,-8,23,39,6566,40
2145,-2,28,44,6566,40
2149,5,30,46,6569,41
2153,1,30,45,6559,42
2157,-1,30,45,6565,41
2161,1,28,44,6535,41
2165,7,30,45,6528,41
2169,4,31,46,6528,42
2173,-2,23,39,6532,41
2177,1,28,44,6522,42
2181,1,25,41,6520,41
2185,-1,27,42,6550,42
2189,-6,20,35,6548,42
2193,-3,24,40,6558,42
2197,-2,27,43,6557,42
2201,-5,22,37,6575,43
2205,-3,20,36,6575,42
2209,5,29,44,6585,42
2213,6,28,43,6586,43
2217,5,31,45,6568,44
2221,9,32,46,6570,45
2225,13,38,52,6550,47
2229,8,33,46,6550,48
2233,5,30,42,6492,50
2237,3,32,44,6492,51
2241,1,28,40,6530,52
2245,-1,25,36,6535,54
2249,0,29,39,6555,56
2253,-5,23,33,6553,57
2257,-4,22,31,6573,59
2261,1,29,38,6566,60
2265,2,28,36,6604,62
2269,6,39,47,6604,63
2273,13,38,44,6574,65
2277,16,40,46,6580,67
2281,7,38,44,6522,67
2285,7,36,42,6518,69
2289,14,40,46,6508,69
2293,11,43,47,6508,71
2297,4,37,40,6498,73
2301,-6,33,36,6507,75
2305,0,35,37,6507,78
2309,0,33,34,6497,81
2313,-7,32,31,6527,85
2317,-9,28,27,6529,87
2321,4,36,34,6549,88
2325,4,40,37,6545,93
2329,3,38,34,6555,94
2333,3,42,36,6557,98
2337,6,43,36,6527,101
2341,8,48,41,6531,103
2345,7,46,38,6501,106
2349,6,40,30,6503,108
2353,1,41,31,6475,110
2357,7,49,38,6469,112
2361,3,44,33,6497,113
2365,-6,36,25,6500,112
2369,3,41,29,6482,114
2373,2,45,32,6487,116
2377,-2,40,27,6525,117
2381,-2,43,30,6520,119
2385,-5,39,25,6510,122
2389,-5,38,22,6513,124
2393,2,46,30,6513,125
2397,0,43,27,6507,127
2401,-3,39,23,6497,127
2405,5,49,32,6505,126
2409,6,47,32,6525,125
2413,0,42,26,6528,124
2417,-3,43,28,6470,123
2421,0,43,28,6467,123
2425,1,42,27,6505,121
2429,-13,35,20,6498,122
2433,-9,35,20,6498,124
2437,0,40,25,6496,124
2441,-5,35,19,6546,125
2445,-10,35,19,6549,125
2449,5,44,28,6539,125
2453,2,41,25,6536,126
2457,-3,36,20,6516,127
2461,0,38,21,6521,128
2465,8,48,31,6541,130
2469,0,41,24,6539,130
2473,-8,34,17,6499,130
2477,3,41,24,6496,129
2481,1,38,22,6536,126
2485,-3,39,24,6539,123
2489,-2,37,23,6539,120
2493,4,35,22,6544,117
2497,1,33,21,6534,115
2501,1,37,26,6532,114
2505,2,37,26,6552,112
2509,0,30,19,6551,110
2513,2,31,21,6531,110
2517,2,36,27,6526,108
2521,0,34,25,6566,107
2525,6,37,29,6569,104
2529,6,36,30,6549,101
2533,6,32,25,6549,101
2537,7,38,32,6529,98
2541,5,36,31,6530,96
2545,7,32,28,6530,95
2549,6,32,28,6531,94
2553,4,31,27,6531,93
2557,4,36,33,6528,92
2561,3,35,32,6538,91
2565,6,31,29,6537,89
2569,8,34,32,6517,88
2573,5,32,31,6523,85
2577,3,31,30,6533,85
2581,2,30,30,6535,83
2585,3,31,31,6545,83
2589,2,30,30,6545,81
2593,-9,21,23,6535,80
2597,-3,25,26,6533,81
2601,0,27,29,6573,78
2605,-2,25,27,6573,78
2609,1,23,25,6573,78
2613,5,27,28,6565,79
2617,14,40,41,6573,81
2621,23,47,48,6578,81
2625,23,44,45,6510,82
2629,22,46,46,6519,84
2633,12,36,36,6431,83
2637,12,42,42,6422,83
2641,12,43,43,6452,82
2645,5,33,33,6455,82
2649,-1,34,35,6425,80
2653,-3,31,33,6429,78
2657,-2,31,34,6489,75
2661,-6,27,30,6488,74
2665,-4,32,37,6506,70
2669,-2,27,32,6503,69
2673,1,29,35,6503,66
2677,3,30,37,6506,64
2681,0,27,36,6516,61
2685,1,28,37,6516,59
2689,-3,24,34,6516,55
2693,0,25,37,6508,52
2697,0,25,37,6508,50
2701,-1,24,37,6507,49
2705,1,25,39,6497,46
2709,3,26,41,6505,45
2713,0,24,39,6497,44
2717,2,25,40,6498,43
2721,0,24,39,6498,43
2725,-2,23,37,6490,44
2729,-5,15,31,6480,42
2733,-4,21,37,6480,42
2737,-6,19,34,6528,42
2741,-7,18,33,6528,43
2745,-7,13,28,6528,43
2749,-2,17,32,6532,44
2753,0,24,38,6562,44
2757,5,22,37,6556,44
2761,9,27,41,6526,44
2765,15,32,47,6532,43
2769,6,27,42,6502,41
2773,3,25,41,6500,41
2777,7,24,39,6472,41
2781,5,28,44,6476,41
2785,1,25,41,6504,42
2789,-4,16,32,6506,40
2793,0,25,41,6498,40
2797,3,26,43,6490,38
2801,-4,21,38,6508,37
2805,-7,13,30,6510,37
2809,-3,16,34,6500,36
2813,-3,21,39,6504,36
2817,-3,16,33,6554,37
2821,4,21,39,6554,36
2825,2,21,38,6554,36
2829,-2,18,36,6550,36
2833,6,20,37,6530,36
2837,10,25,42,6527,37
2841,8,29,47,6527,35
2845,8,30,47,6533,36
2849,8,25,43,6485,36
2853,1,21,39,6489,35
2857,1,22,39,6489,36
2861,3,24,41,6487,37
2865,-1,21,38,6515,37
2869,-4,14,31,6512,37
2873,-2,17,33,6522,38
2877,0,24,41,6515,38
2881,-2,17,33,6555,40
2885,2,21,37,6556,41
2889,5,25,40,6536,43
2893,3,24,39,6542,43
2897,4,26,40,6522,45
2901,11,31,46,6517,45
2905,9,26,40,6507,46
2909,3,23,37,6508,46
2913,2,24,37,6498,47
2917,4,21,35,6503,48
2921,1,26,38,6523,50
2925,-1,25,37,6516,51
2929,3,28,40,6516,52
2933,4,29,40,6525,54
2937,4,30,41,6515,54
2941,4,25,36,6507,55
2945,8,30,40,6489,57
2949,4,28,38,6497,58
2953,1,22,31,6505,59
2957,1,29,37,6499,60
2961,0,28,36,6529,61
2965,-2,27,35,6527,62
2969,-4,25,33,6517,62
2973,-5,20,27,6516,64
2977,-6,20,26,6526,65
2981,-5,21,27,6526,66
2985,-6,26,31,6566,68
2989,-3,22,28,6565,69
2993,1,27,31,6555,72
2997,4,30,33,6557,75
3001,10,36,38,6547,77
3005,10,32,34,6555,79
3009,12,36,37,6505,79
3013,15,45,46,6497,82
3017,14,41,40,6489,84
3021,1,32,32,6500,84
3025,2,34,33,6450,87
3029,6,33,31,6445,88
3033,-2,34,31,6495,91
3037,-6,31,27,6489,94
3041,2,32,27,6489,95
3045,5,41,35,6489,99
3049,-1,37,30,6517,101
3053,1,33,26,6523,102
3057,9,45,38,6485,104
3061,8,40,32,6480,105
3065,2,37,29,6450,106
3069,6,46,37,6451,106
3073,8,42,33,6481,107
3077,3,40,30,6481,109
3081,-8,33,22,6441,111
3085,-5,35,24,6441,112
3089,-5,35,22,6499,116
3093,-9,32,19,6497,117
3097,-10,36,22,6507,120
3101,-6,33,19,6506,120
3105,1,38,24,6526,120
3109,-2,36,22,6526,122
3113,7,48,33,6516,123
3117,9,45,30,6519,124
3121,0,44,29,6471,125
3125,0,39,23,6471,127
3129,-1,44,27,6461,129
3133,-1,44,26,6459,131
3137,-4,41,22,6479,132
3141,-8,37,18,6480,133
3145,-4,35,16,6480,134
3149,-7,37,19,6482,133
3153,-6,37,18,6540,134
3157,1,42,23,6536,134
3161,1,42,22,6536,136
3165,3,44,23,6545,138
3169,1,38,17,6505,139
3173,-1,43,21,6498,141
3177,0,43,21,6508,143
3181,4,46,24,6507,143
3185,5,52,29,6497,143
3189,0,43,20,6506,143
3193,0,43,20,6458,143
3197,1,43,21,6449,142
3201,3,45,23,6497,142
3205,-1,42,20,6499,142
3209,3,45,23,6481,141
3213,0,42,21,6479,141
3217,-1,42,20,6489,142
3221,0,42,20,6497,142
3225,-1,47,24,6505,143
3229,-2,45,22,6506,142
3233,-7,40,18,6488,141
3237,0,44,22,6486,142
3241,5,42,21,6504,141
3245,2,41,19,6503,141
3249,6,44,23,6503,139
3253,3,47,26,6497,139
3257,1,45,25,6497,138
3261,6,48,28,6503,136
3265,5,47,28,6485,135
3269,3,45,26,6485,134
3273,-1,37,18,6465,133
3277,1,39,21,6468,131
3281,-1,37,20,6516,129
3285,-2,37,20,6506,129
3289,2,40,23,6516,128
3293,-4,35,19,6524,125
3297,-2,41,26,6524,123
3301,0,41,27,6520,121
3305,2,41,28,6510,119
3309,5,43,30,6507,117
3313,7,44,32,6479,116
3317,7,44,33,6480,114
3321,6,44,32,6460,113
3325,4,41,31,6465,110
3329,-1,33,23,6455,109
3333,-8,28,19,6457,107
3337,-4,30,22,6505,105
3341,-5,33,27,6502,101
3345,-5,32,26,6542,98
3349,0,34,29,6545,96
3353,4,36,33,6535,92
3357,0,28,26,6530,89
3361,7,33,33,6500,85
3365,6,33,33,6503,83
3369,0,34,35,6513,81
3373,5,37,38,6507,79
3377,10,40,42,6497,76
3381,2,29,32,6505,74
3385,-2,26,31,6447,71
3389,7,38,43,6439,69
3393,4,30,36,6507,67
3397,0,27,34,6515,65
3401,5,30,38,6477,62
3405,9,33,42,6472,59
3409,2,33,43,6482,56
3413,4,29,39,6482,55
3417,3,28,40,6452,53
3421,1,27,39,6458,51
3425,4,29,41,6478,49
3429,6,35,48,6473,48
3433,4,33,47,6473,46
3437,4,32,46,6472,45
3441,6,33,48,6412,42
3445,5,27,43,6418,41
3449,1,29,46,6410,38
3453,-3,30,48,6403,36
3457,0,25,43,6421,35
3461,-1,19,38,6421,34
3465,-2,24,43,6421,33
3469,0,30,49,6426,32
3473,2,29,49,6456,31
3477,0,27,47,6461,31
3481,0,26,46,6403,30
3485,3,28,48,6399,28
3489,6,29,50,6409,27
3493,0,25,46,6413,26
3497,-11,21,42,6403,26
3501,0,32,53,6395,25
3505,0,25,46,6433,25
3509,-5,20,42,6433,24
3513,-11,20,42,6405,24
3517,-6,21,44,6410,23
3521,-4,21,43,6458,25
3525,-6,24,46,6450,24
3529,-4,18,41,6450,23
3533,-2,19,41,6456,23
3537,-3,23,45,6456,23
3541,-5,20,42,6458,23
3545,-5,19,41,6458,23
3549,0,27,49,6458,24
3553,4,28,50,6478,23
3557,0,24,46,6480,23
3561,3,31,53,6430,24
3565,0,27,49,6429,24
3569,-2,24,46,6411,24
3573,-2,27,50,6412,23
3577,-4,24,46,6440,25
3581,-3,23,45,6431,24
3585,-4,21,43,6431,25
3589,-10,20,42,6429,26
3593,-7,20,41,6459,27
3597,-2,22,43,6462,28
3601,-4,20,40,6492,30
3605,-8,21,41,6489,30
3609,3,27,46,6489,32
3613,1,30,48,6498,33
3617,-4,24,43,6468,33
3621,-2,24,42,6469,34
3625,0,29,47,6469,35
3629,-1,27,44,6462,37
3633,-4,24,40,6452,39
3637,-3,23,39,6451,40
3641,-1,24,39,6471,43
3645,-4,26,40,6468,45
3649,-2,26,39,6496,46
3653,1,27,40,6505,48
3657,-7,20,32,6497,51
3661,-12,16,27,6496,52
3665,-9,26,37,6524,55
3669,-5,27,36,6523,58
3673,-5,25,34,6533,59
3677,-5,24,32,6531,60
3681,0,27,34,6531,64
3685,5,35,41,6527,67
3689,4,33,38,6527,70
3693,6,34,38,6535,73
3697,7,35,38,6497,76
3701,10,38,39,6490,80
3705,7,36,37,6470,82
3709,3,34,32,6470,86
3713,-2,30,28,6460,89
3717,2,33,29,6461,93
3721,-6,27,22,6509,97
3725,-9,30,23,6514,100
3729,-7,30,22,6544,104
3733,-2,33,24,6543,106
3737,-1,33,23,6543,110
3741,3,36,25,6544,112
3745,8,40,28,6534,114
3749,14,45,32,6533,117
3753,15,48,33,6503,121
3757,15,54,38,6498,124
3761,18,52,35,6440,126
3765,17,52,35,6447,128
3769,12,55,37,6399,130
3773,8,47,28,6396,132
3777,3,49,30,6366,134
3781,2,47,27,6364,136
3785,-5,41,20,6384,139
3789,-5,41,19,6391,142
3793,-3,41,18,6449,144
3797,-3,41,17,6441,146
3801,-2,46,22,6451,146
3805,7,52,28,6456,147
3809,9,53,29,6436,148
3813,2,48,23,6442,149
3817,5,50,25,6374,150
3821,8,57,32,6367,151
3825,4,48,22,6387,152
3829,4,54,27,6385,154
3833,5,53,27,6365,153
3837,4,52,25,6366,154
3841,0,54,26,6356,156
3845,1,53,25,6363,156
3849,1,51,24,6353,156
3853,1,51,23,6353,157
3857,-6,44,17,6363,157
3861,-7,47,20,6356,157
3865,-9,49,20,6396,160
3869,-19,38,10,6397,160
3873,-16,38,9,6407,160
3877,-9,46,16,6408,161
3881,-12,41,11,6476,161
3885,-1,47,18,6473,161
3889,10,54,25,6473,160
3893,11,54,26,6471,158
3897,6,51,23,6411,157
3901,8,52,24,6416,156
3905,12,64,38,6416,154
3909,14,64,38,6412,153
3913,1,53,27,6364,151
3917,0,56,30,6370,152
3921,3,55,29,6418,151
3925,-1,50,25,6420,150
3929,-9,42,17,6420,149
3933,-13,37,12,6409,150
3937,-14,39,14,6489,150
3941,-16,40,15,6486,149
3945,-19,34,9,6534,149
3949,-15,34,9,6534,149
3953,-10,40,15,6554,149
3957,-5,41,17,6554,147
3961,5,47,23,6554,146
3965,10,49,26,6558,144
3969,12,51,28,6518,143
3973,18,55,33,6517,141
3977,21,58,37,6479,140
3981,17,60,39,6481,140
3985,8,54,32,6411,140
3989,9,53,32,6421,139
3993,4,54,33,6403,138
3997,-8,43,22,6402,137
4001,-11,38,18,6420,135
4005,-13,34,15,6412,134
4009,-12,32,13,6510,132
4013,-13,29,11,6505,131
4017,-12,33,16,6545,128
4021,-2,38,21,6552,127
4025,5,41,26,6572,124
4029,1,38,23,6565,124
4033,3,39,25,6525,121
4037,12,50,36,6533,119
4041,16,52,39,6533,117
4045,16,51,39,6532,116
4049,22,61,50,6444,114
4053,23,56,46,6445,111
4057,17,58,48,6347,108
4061,8,50,42,6347,104
4065,4,45,38,6327,102
4069,0,40,35,6324,98
4073,-6,33,30,6394,93
4077,-18,32,29,6400,89
4081,-21,25,24,6468,86
4085,-19,22,22,6457,83
4089,-13,28,29,6515,79
4093,-6,29,33,6517,73
4097,-1,30,35,6527,69
4101,3,36,43,6531,63
4105,14,42,51,6501,59
4109,21,46,56,6503,56
4113,26,55,66,6415,52
4117,11,43,55,6418,49
4121,9,40,55,6262,45
4125,6,36,52,6261,41
4129,2,31,48,6321,39
4133,-12,24,41,6317,36
4137,-21,13,32,6375,34
4141,-19,16,36,6371,32
4145,-15,20,40,6469,30
4149,-17,15,35,6476,29
4153,-15,18,39,6466,26
4157,-3,19,40,6467,26
4161,7,29,52,6487,24
4165,11,36,59,6489,23
4169,9,33,57,6429,21
4173,10,37,61,6432,19
4177,9,35,60,6354,18
4181,5,31,55,6356,18
4185,1,31,56,6318,16
4189,-2,26,51,6308,16
4193,-6,26,51,6336,15
4197,-10,24,50,6342,15
4201,-9,21,47,6382,14
4205,-10,17,43,6376,13
4209,-16,15,41,6406,13
4213,-11,20,46,6403,13
4217,-4,21,48,6461,13
4221,-6,17,44,6466,12
4225,-4,22,48,6436,13
4229,11,31,57,6430,12
4233,6,26,53,6430,12
4237,6,35,61,6434,12
4241,8,34,61,6386,12
4245,4,29,56,6391,11
4249,2,30,57,6371,10
4253,-2,24,52,6366,10
4257,-8,18,45,6386,11
4261,-10,23,51,6389,10
4265,-7,21,48,6457,11
4269,-11,15,42,6454,10
4273,-17,13,40,6454,10
4277,-10,14,42,6447,9
4281,1,24,52,6505,9
4285,2,23,50,6506,10
4289,5,29,56,6468,10
4293,15,34,61,6479,10
4297,11,30,58,6429,9
4301,7,26,54,6431,9
4305,8,31,59,6393,10
4309,4,31,59,6383,9
4313,-5,22,49,6383,10
4317,-4,25,52,6392,10
4321,-2,23,51,6420,10
4325,-10,15,42,6413,10
4329,-8,19,46,6433,9
4333,-8,16,43,6431,10
4337,-8,18,46,6471,10
4341,-10,14,41,6472,9
4345,-5,20,47,6482,10
4349,6,26,53,6477,10
4353,0,25,51,6487,12
4357,2,24,50,6498,12
4361,12,30,56,6448,12
4365,12,29,56,6442,13
4369,5,28,55,6412,12
4373,9,30,56,6413,12
4377,9,29,55,6395,13
4381,5,35,61,6400,13
4385,-3,21,47,6400,14
4389,-1,26,51,6393,14
4393,0,24,50,6421,15
4397,-2,26,51,6428,15
4401,-13,15,40,6438,15
4405,-6,22,47,6429,16
4409,0,24,48,6479,18
4413,1,23,47,6485,19
4417,3,23,47,6465,20
4421,9,32,55,6467,22
4425,13,34,56,6467,24
4429,8,30,52,6461,25
4433,4,36,58,6393,26
4437,7,36,57,6395,27
4441,7,34,55,6365,27
4445,2,30,49,6370,32
4449,-6,27,46,6370,34
4453,0,29,47,6363,35
4457,1,28,45,6411,38
4461,-3,34,50,6410,41
4465,-11,26,40,6420,45
4469,-6,27,40,6425,48
4473,-4,26,38,6445,52
4477,-9,26,37,6439,55
4481,-3,28,38,6469,58
4485,2,36,44,6473,61
4489,1,39,45,6473,66
4493,0,36,41,6471,70
4497,-4,32,35,6421,74
4501,-3,36,38,6419,79
4505,0,37,36,6459,84
4509,-1,35,33,6459,88
4513,-6,40,36,6449,93
4517,1,43,37,6450,98
4521,-1,40,32,6450,102
4525,-1,43,34,6458,106
4529,-5,38,29,6448,108
4533,-3,38,27,6445,111
4537,-5,44,33,6455,114
4541,-5,42,29,6450,117
4545,-6,43,29,6450,120
4549,-9,38,23,6450,122
4553,-9,41,24,6450,128
4557,-6,40,23,6450,129
4561,-11,39,20,6490,133
4565,-8,33,14,6492,134
4569,0,43,23,6492,137
4573,-1,41,20,6495,139
4577,-4,42,21,6495,141
4581,6,48,26,6489,143
4585,8,49,26,6479,144
4589,3,49,26,6488,146
4593,5,54,30,6448,147
4597,6,48,23,6449,149
4601,3,50,25,6419,149
4605,4,54,29,6412,151
4609,4,47,21,6422,152
4613,0,48,22,6420,152
4617,-2,45,19,6420,153
4621,0,50,23,6422,153
4625,0,48,21,6442,155
4629,-1,50,23,6445,156
4633,-2,42,15,6425,156
4637,0,43,15,6419,156
4641,4,50,23,6439,156
4645,-2,44,17,6439,156
4649,0,44,17,6429,157
4653,10,56,28,6430,157
4657,3,49,22,6450,156
4661,-2,44,17,6459,156
4665,10,57,30,6419,156
4669,10,56,28,6411,157
4673,6,52,24,6383,157
4677,7,52,24,6390,157
4681,13,56,28,6390,157
4685,9,53,25,6393,158
4689,4,49,21,6373,158
4693,8,57,28,6372,159
4697,8,55,27,6412,159
4701,4,52,23,6409,160
4705,2,54,26,6369,160
4709,0,51,22,6363,161
4713,0,50,20,6373,161
4717,-2,47,18,6379,161
4721,0,47,18,6399,161
4725,3,49,19,6396,161
4729,1,51,22,6424,162
4733,0,49,20,6427,162
4737,2,50,20,6409,162
4741,4,55,26,6402,161
4745,5,54,25,6420,162
4749,7,55,25,6426,162
4753,4,52,22,6398,163
4757,9,60,30,6393,162
4761,9,59,29,6403,162
4765,6,56,26,6410,163
4769,0,55,25,6390,164
4773,0,53,23,6383,164
4777,-1,51,21,6403,164
4781,-3,53,22,6410,164
4785,-4,49,19,6448,163
4789,-3,53,23,6448,162
4793,-8,51,22,6458,162
4797,-7,44,15,6451,161
4801,-4,44,16,6441,160
4805,-5,47,18,6437,160
4809,-3,51,23,6487,158
4813,-3,49,20,6497,158
4817,5,53,25,6467,158
4821,3,50,22,6466,159
4825,1,48,20,6456,159
4829,14,62,33,6449,159
4833,10,58,29,6469,159
4837,1,55,27,6478,158
4841,0,52,25,6410,157
4845,6,55,28,6403,156
4849,1,54,28,6431,154
4853,-6,47,21,6436,152
4857,-7,48,23,6408,151
4861,-3,48,24,6402,149
4865,-8,42,18,6460,147
4869,-2,49,26,6458,145
4873,1,53,31,6488,143
4877,2,51,29,6496,141
4881,-2,51,30,6436,139
4885,-3,47,27,6429,136
4889,-1,46,26,6429,134
4893,-1,48,30,6435,133
4897,2,47,30,6465,129
4901,1,44,29,6460,124
4905,-2,45,31,6450,121
4909,8,49,37,6449,116
4913,2,43,32,6449,111
4917,-13,39,30,6458,106
4921,-5,40,33,6448,101
4925,-2,38,33,6445,97
4929,-7,36,33,6475,92
4933,-11,30,28,6468,88
4937,-4,31,32,6468,82
4941,1,32,34,6475,78
4945,-4,31,35,6513,73
4949,5,40,45,6514,68
4953,7,38,46,6504,63
4957,4,38,48,6502,57
4961,7,38,49,6424,54
4965,4,33,46,6423,49
4969,3,35,50,6405,44
4973,-1,29,46,6406,39
4977,-11,23,41,6406,35
4981,-9,26,45,6409,31
4985,-8,22,43,6447,26
4989,-11,16,39,6445,23
4993,-7,16,39,6445,22
4997,-4,21,45,6438,20
5001,-2,20,45,6478,17
5005,3,27,52,6485,17
5009,5,26,52,6445,15
5013,4,24,50,6449,14
5017,6,29,55,6401,13
5021,4,26,52,6401,13
5025,5,30,57,6381,12
5029,4,27,54,6374,11
5033,1,23,50,6354,10
5037,0,21,48,6360,10
5041,-2,23,50,6370,10
5045,0,27,54,6369,10
5049,-1,23,51,6399,9
5053,-3,19,47,6402,8
5057,-4,22,50,6382,8
5061,2,24,52,6378,9
5065,1,26,54,6408,9
5069,1,24,52,6405,8
5073,4,24,52,6365,9
5077,3,27,55,6370,8
5081,2,24,52,6390,8
5085,6,25,54,6390,7
5089,4,28,56,6390,9
5093,5,27,55,6385,8
5097,5,31,58,6355,9
5101,4,27,56,6362,7
5105,1,28,56,6362,8
5109,-2,24,52,6354,8
5113,-9,21,49,6354,8
5117,-5,21,48,6355,9
5121,-5,18,46,6413,9
5125,-3,23,50,6418,11
5129,-3,25,52,6448,11
5133,-2,23,50,6447,10
5137,0,22,49,6417,11
5141,3,28,55,6417,10
5145,6,28,55,6437,10
5149,0,22,49,6432,10
5153,4,28,56,6384,10
5157,6,33,60,6391,9
5161,0,26,53,6391,10
5165,-1,28,55,6390,10
5169,-1,25,52,6400,10
5173,-2,21,49,6401,9
5177,-1,20,48,6419,10
5181,-7,19,46,6417,10
5185,1,22,50,6457,9
5189,2,31,59,6448,9
5193,-2,25,53,6438,9
5197,-3,22,49,6446,9
5201,3,29,57,6408,9
5205,1,25,53,6404,9
5209,-1,21,49,6404,9
5213,1,26,54,6403,9
5217,-1,22,50,6431,8
5221,0,21,49,6432,9
5225,-8,18,46,6422,9
5229,-5,18,46,6425,8
5233,-7,19,47,6455,9
5237,-8,15,43,6453,8
5241,-8,13,41,6463,9
5245,-6,13,40,6460,9
5249,5,24,52,6490,8
5253,12,28,56,6491,9
5257,6,28,56,6451,10
5261,5,25,53,6452,9
5265,6,30,58,6394,8
5269,8,30,57,6398,10
5273,2,24,51,6378,10
5277,1,27,54,6379,11
5281,1,24,51,6399,11
5285,-1,21,48,6401,12
5289,-8,19,46,6411,12
5293,-1,22,48,6407,13
5297,1,22,47,6435,15
5301,-1,19,44,6435,15
5305,1,24,49,6435,16
5309,4,25,49,6430,19
5313,6,26,49,6430,22
5317,3,28,51,6430,23
5321,3,27,49,6410,26
5325,1,30,50,6414,29
5329,3,25,44,6406,32
5333,1,33,51,6404,35
5337,-1,29,46,6422,38
5341,-4,26,41,6421,43
5345,-1,32,45,6411,47
5349,-1,30,42,6409,53
5353,-12,21,30,6419,60
5357,-10,22,28,6418,67
5361,-4,35,39,6478,74
5365,-1,36,36,6485,81
5369,-3,33,31,6475,88
5373,-4,36,33,6469,93
5377,9,45,39,6469,99
5381,11,46,39,6478,102
5385,12,47,38,6428,107
5389,6,48,37,6421,112
5393,3,45,33,6393,115
5397,0,42,28,6397,121
5401,-3,44,28,6407,127
5405,-8,38,21,6410,130
5409,-9,41,21,6428,136
5413,-15,40,18,6422,142
5417,-22,31,8,6462,145
5421,-13,35,11,6465,148
5425,-8,37,11,6503,151
5429,-7,41,15,6499,152
5433,-3,42,15,6509,154
5437,4,50,23,6514,155
5441,8,52,25,6496,156
5445,8,51,23,6499,158
5449,14,60,32,6429,158
5453,13,59,30,6421,158
5457,7,54,25,6353,159
5461,7,53,24,6362,159
5465,3,54,25,6362,159
5469,2,51,23,6363,159
5473,-5,44,16,6363,158
5477,-9,39,11,6353,159
5481,-8,43,14,6403,159
5485,-9,40,11,6405,159
5489,-6,40,11,6443,159
5493,-1,47,18,6438,160
5497,-2,39,11,6448,158
5501,-1,40,11,6458,159
5505,0,40,11,6448,160
5509,10,48,19,6439,160
5513,13,55,26,6459,160
5517,10,53,24,6461,161
5521,16,58,28,6383,162
5525,17,59,29,6388,162
5529,15,58,28,6348,163
5533,13,57,27,6349,163
5537,14,58,28,6339,164
5541,12,57,26,6335,164
5545,6,52,22,6335,165
5549,8,59,28,6341,166
5553,4,50,18,6381,167
5557,3,54,23,6375,166
5561,0,45,14,6385,167
5565,-2,53,23,6382,165
5569,2,49,18,6420,165
5573,2,48,18,6425,164
5577,2,48,18,6407,164
5581,8,57,27,6405,163
5585,5,54,24,6423,162
5589,-2,47,18,6421,161
5593,6,53,24,6373,160
5597,7,53,24,6381,159
5601,4,50,21,6411,160
5605,3,54,25,6402,160
5609,8,57,28,6392,160
5613,8,56,27,6396,161
5617,1,56,26,6376,163
5621,1,54,24,6376,165
5625,4,55,25,6366,165
5629,2,53,22,6363,167
5633,-3,48,17,6383,167
5637,-6,45,14,6390,167
5641,-2,52,20,6418,167
5645,-1,51,19,6417,167
5649,-4,47,16,6437,167
5653,-7,49,17,6431,167
5657,2,53,22,6441,168
5661,3,58,26,6439,168
5665,1,55,22,6419,171
5669,3,55,22,6420,170
5673,7,57,24,6402,171
5677,10,64,31,6406,172
5681,3,58,24,6396,172
5685,0,54,20,6393,173
5689,8,59,25,6403,174
5693,3,60,26,6403,174
5697,-4,53,18,6421,175
5701,-5,55,20,6427,175
5705,1,57,22,6437,175
5709,-3,57,23,6432,174
5713,-16,44,11,6432,172
5717,-10,46,12,6433,172
5721,-5,52,19,6483,170
5725,-4,50,18,6477,169
5729,-5,47,15,6467,169
5733,8,60,28,6471,169
5737,15,64,32,6481,168
5741,1,53,21,6480,168
5745,2,58,26,6392,169
5749,9,57,24,6393,169
5753,12,63,32,6411,167
5757,2,55,23,6411,167
5761,0,57,26,6383,166
5765,1,56,24,6387,166
5769,-2,51,21,6407,165
5773,-13,46,15,6402,165
5777,-1,52,21,6430,165
5781,-2,55,24,6435,165
5785,-7,49,17,6455,166
5789,-10,44,13,6449,165
5793,1,55,24,6449,167
5797,3,55,23,6450,169
5801,-3,55,22,6440,170
5805,5,58,26,6443,170
5809,9,60,27,6433,173
5813,9,64,31,6435,173
5817,2,58,24,6397,175
5821,-1,59,24,6400,176
5825,7,63,28,6400,178
5829,-5,52,17,6401,177
5833,-16,47,11,6391,179
5837,-12,47,11,6380,178
5841,-4,55,19,6458,178
5845,-4,52,16,6466,178
5849,-11,45,9,6456,178
5853,7,57,21,6447,179
5857,11,63,28,6487,178
5861,-3,52,16,6496,178
5865,1,59,23,6398,179
5869,8,62,26,6397,179
5873,7,60,24,6425,178
5877,5,62,26,6421,178
5881,4,60,24,6383,178
5885,8,66,30,6383,178
5889,3,60,25,6393,177
5893,-2,54,19,6393,176
5897,0,54,19,6393,175
5901,1,58,24,6390,173
5905,-2,53,20,6428,172
5909,-6,53,20,6429,169
5913,1,55,23,6429,167
5917,5,56,25,6429,167
5921,-5,52,21,6429,166
5925,-8,47,16,6438,165
5929,7,61,30,6438,166
5933,7,60,29,6430,166
5937,-1,53,21,6402,167
5941,5,55,24,6408,166
5945,14,67,35,6416,168
5949,7,60,28,6411,169
5953,1,60,28,6373,169
5957,12,66,34,6381,169
5961,12,64,33,6401,168
5965,2,61,29,6395,166
5969,3,59,29,6345,165
5973,2,62,31,6343,164
5977,-1,57,26,6373,164
5981,1,56,26,6373,163
5985,-8,57,27,6383,162
5989,-9,52,23,6383,162
5993,-2,54,25,6383,162
5997,-7,53,24,6383,162
6001,-5,52,22,6393,161
6005,-3,51,21,6392,162
6009,0,56,27,6420,161
6013,0,58,30,6428,159
6017,4,64,35,6410,159
6021,2,59,31,6403,156
6025,-1,53,28,6363,152
6029,2,58,33,6365,149
6033,-1,52,29,6405,145
6037,-4,47,26,6408,139
6041,1,58,37,6408,138
6045,-7,48,29,6410,134
6049,-13,39,22,6390,129
6053,-8,44,29,6381,123
6057,-6,41,28,6459,118
6061,-6,47,36,6464,112
6065,-9,40,31,6474,106
6069,6,47,40,6468,100
6073,2,41,37,6448,94
6077,-8,40,39,6449,87
6081,6,46,47,6429,80
6085,7,43,47,6432,74
6089,2,37,43,6394,67
6093,-4,39,47,6396,61
6097,0,37,48,6396,54
6101,2,40,53,6393,49
6105,-6,30,45,6383,45
6109,-7,30,47,6387,39
6113,-3,29,47,6387,34
6117,-3,26,46,6382,30
6121,-5,31,52,6402,26
6125,-4,32,55,6402,23
6129,-2,30,53,6382,20
6133,2,29,54,6388,17
6137,0,26,51,6348,16
6141,-6,24,49,6353,15
6145,0,30,56,6363,12
6149,0,32,58,6354,13
6153,-4,25,52,6334,11
6157,-5,26,54,6337,10
6161,-6,27,55,6327,9
6165,-3,30,58,6330,9
6169,-7,23,51,6330,8
6173,-10,22,51,6327,8
6177,-11,22,51,6337,8
6181,-9,20,48,6333,7
6185,-5,24,52,6353,8
6189,-6,25,53,6353,9
6193,0,25,54,6363,6
6197,4,31,59,6366,8
6201,0,25,53,6336,9
6205,-11,19,47,6342,8
6209,-7,18,46,6372,9
6213,-1,25,53,6361,9
6217,-4,25,52,6409,10
6221,-18,15,43,6419,10
6225,-12,15,43,6391,9
6229,-9,14,42,6380,10
6233,-9,16,43,6448,10
6237,-15,8,35,6452,11
6241,-12,8,34,6462,12
6245,-8,18,45,6464,12
6249,-9,14,40,6512,13
6253,-6,13,39,6508,13
6257,9,27,53,6490,13
6261,12,28,54,6487,12
6265,14,33,60,6437,13
6269,18,35,61,6447,13
6273,14,32,57,6379,14
6277,10,28,53,6382,14
6281,13,29,55,6362,15
6285,6,28,54,6353,15
6289,2,28,54,6373,15
6293,-2,23,48,6378,15
6297,-6,17,43,6378,15
6301,-9,17,43,6374,14
6305,-12,12,37,6442,15
6309,-6,13,40,6438,13
6313,-4,13,39,6488,13
6317,1,15,41,6488,13
6321,12,33,58,6488,14
6325,17,30,56,6497,13
6329,19,37,63,6417,13
6333,10,29,55,6421,13
6337,5,30,56,6353,14
6341,8,25,51,6349,13
6345,10,30,57,6379,12
6349,-4,13,40,6374,11
6353,-2,24,51,6374,11
6357,0,23,50,6372,11
6361,-4,17,44,6430,11
6365,-14,13,40,6437,10
6369,-11,12,39,6447,10
6373,1,18,46,6437,10
6377,1,17,44,6487,10
6381,4,18,46,6496,8
6385,11,28,56,6476,9
6389,16,31,59,6469,8
6393,15,30,58,6409,7
6397,14,29,57,6413,8
6401,16,36,64,6365,8
6405,5,27,55,6366,8
6409,3,24,52,6336,8
6413,4,23,52,6341,7
6417,-2,22,51,6401,8
6421,-8,16,44,6392,8
6425,-7,14,42,6410,9
6429,-5,19,47,6415,9
6433,-9,14,41,6475,9
6437,-4,15,43,6470,10
6441,1,18,45,6480,10
6445,3,24,50,6479,12
6449,8,26,53,6469,12
6453,14,30,57,6473,12
6457,15,36,62,6423,14
6461,11,32,58,6430,15
6465,15,35,60,6352,16
6469,10,31,56,6350,18
6473,6,33,57,6340,19
6477,2,29,52,6335,21
6481,-1,25,48,6335,23
6485,-5,26,47,6339,26
6489,-10,20,40,6399,28
6493,-10,18,37,6391,32
6497,-17,11,29,6439,36
6501,-11,24,40,6436,41
6505,-7,20,34,6494,46
6509,-8,23,35,6503,51
6513,2,34,44,6495,56
6517,7,37,45,6487,63
6521,7,38,43,6447,70
6525,10,40,42,6450,77
6529,9,41,40,6410,85
6533,6,39,36,6416,93
6537,9,43,36,6398,101
6541,7,52,43,6392,108
6545,-5,42,30,6402,114
6549,-10,37,22,6403,122
6553,-11,34,19,6383,125
6557,-12,38,19,6386,132
6561,-20,29,9,6454,136
6565,-18,28,7,6446,139
6569,-11,37,14,6486,143
6573,-10,36,12,6489,146
6577,-12,33,8,6489,150
6581,-3,43,17,6495,152
6585,6,44,17,6503,155
6589,12,49,21,6496,156
6593,14,56,28,6468,158
6597,19,65,36,6473,159
6601,12,55,26,6385,160
6605,9,52,23,6385,160
6609,7,56,27,6345,160
6613,0,49,20,6352,160
6617,-1,47,18,6352,160
6621,-6,42,13,6343,161
6625,-12,41,11,6383,161
6629,-11,34,5,6381,161
6633,-2,45,15,6419,161
6637,-2,43,14,6427,162
6641,6,48,19,6427,162
6645,8,50,20,6428,162
6649,12,53,23,6410,162
6653,17,57,27,6411,164
6657,14,61,31,6371,163
6661,15,61,31,6365,164
6665,15,62,31,6317,165
6669,13,55,24,6319,164
6673,7,51,21,6299,164
6677,0,51,21,6303,164
6681,2,46,16,6381,163
6685,1,50,20,6372,164
6689,-8,42,12,6392,163
6693,1,52,22,6391,163
6697,1,51,21,6419,163
6701,2,50,20,6429,164
6705,4,52,21,6391,165
6709,12,57,27,6383,164
6713,17,61,30,6383,166
6717,14,60,28,6393,167
6721,12,59,27,6343,167
6725,11,64,32,6343,168
6729,8,61,28,6333,169
6733,4,57,24,6330,170
6737,3,50,18,6340,170
6741,1,54,21,6341,171
6745,-2,45,13,6391,170
6749,0,52,19,6386,171
6753,4,54,21,6424,170
6757,-3,48,15,6420,171
6761,-4,47,14,6392,171
6765,4,57,24,6394,170
6769,4,56,23,6422,171
6773,-2,51,18,6424,171
6777,12,61,27,6376,173
6781,25,71,37,6381,173
6785,12,67,33,6371,173
6789,9,64,30,6364,175
6793,21,73,39,6324,175
6797,16,75,40,6333,175
6801,2,63,28,6325,175
6805,3,62,27,6324,175
6809,3,60,26,6352,174
6813,-4,54,20,6342,174
6817,-13,50,16,6382,173
6821,-6,53,19,6380,172
6825,-3,53,19,6438,172
6829,-3,56,23,6447,172
6833,6,61,28,6447,173
6837,18,70,36,6447,174
6841,20,72,38,6389,175
6845,21,78,43,6394,176
6849,20,77,43,6326,174
6853,8,68,34,6319,175
6857,7,72,37,6279,175
6861,4,68,33,6277,175
6865,-3,60,26,6297,173
6869,-6,61,27,6295,173
6873,-10,59,26,6353,172
6877,-6,59,26,6357,172
6881,-5,57,24,6387,172
6885,-5,60,26,6386,172
6889,2,68,34,6386,173
6893,2,66,31,6383,175
6897,5,66,32,6333,175
6901,10,74,39,6339,176
6905,8,70,36,6339,176
6909,5,77,42,6343,176
6913,5,73,39,6325,176
6917,-5,63,28,6325,175
6921,-8,68,33,6315,175
6925,-9,62,28,6313,175
6929,-8,64,30,6361,175
6933,-10,64,29,6354,175
6937,-8,61,26,6364,174
6941,-7,63,29,6368,174
6945,-9,62,28,6388,174
6949,-7,65,31,6389,174
6953,7,72,37,6369,175
6957,3,71,37,6363,173
6961,-1,70,36,6343,173
6965,0,67,33,6344,173
6969,-1,73,40,6324,171
6973,-2,68,35,6330,171
6977,-8,59,27,6322,169
6981,-11,58,26,6315,169
6985,-8,61,29,6383,169
6989,-12,54,22,6381,168
6993,-12,60,28,6391,167
6997,-12,60,28,6394,168
7001,-8,58,27,6404,167
7005,-2,64,32,6409,169
7009,-2,65,34,6399,168
7013,0,68,36,6393,167
7017,2,66,34,6343,167
7021,6,71,39,6352,167
7025,7,74,42,6342,167
7029,6,74,43,6339,167
7033,8,72,41,6329,167
7037,0,73,42,6327,167
7041,-2,67,36,6319,167
7045,-1,69,38,6323,166
7049,-12,61,30,6341,166
7053,-12,61,30,6336,165
7057,-13,59,29,6366,164
7061,-18,56,25,6363,165
7065,-20,48,18,6373,164
7069,-19,54,24,6373,164
7073,-16,50,20,6441,165
7077,-18,54,23,6442,164
7081,-14,51,21,6452,164
7085,-5,58,28,6448,164
7089,3,65,35,6448,164
7093,5,63,33,6455,164
7097,-4,64,33,6387,164
7101,1,63,32,6388,165
7105,15,75,45,6368,164
7109,1,67,36,6363,164
7113,-4,64,33,6333,165
7117,7,73,42,6340,165
7121,6,73,42,6390,166
7125,-6,60,29,6388,166
7129,-8,64,34,6328,164
7133,1,65,35,6321,163
7137,-6,60,31,6391,162
7141,-12,56,26,6398,162
7145,-12,56,27,6398,161
7149,-12,55,27,6397,160
7153,-10,52,23,6425,160
7157,-12,56,27,6427,159
7161,-14,54,25,6447,160
7165,-6,55,25,6438,161
7169,0,60,31,6428,161
7173,2,63,33,6430,162
7177,4,66,36,6402,162
7181,14,75,45,6403,164
7185,6,66,36,6363,164
7189,-4,65,35,6370,162
7193,-3,65,35,6360,163
7197,0,67,38,6354,161
7201,-6,58,29,6364,160
7205,-9,56,27,6362,159
7209,-13,53,24,6392,158
7213,-13,47,20,6394,157
7217,-15,51,24,6432,156
7221,-14,47,19,6435,158
7225,-9,51,23,6465,157
7229,-12,49,21,6458,157
7233,1,59,31,6478,158
7237,14,70,42,6479,159
7241,16,69,40,6439,160
7245,12,69,40,6443,160
7249,9,69,41,6335,159
7253,13,74,45,6343,159
7257,10,73,45,6325,158
7261,-8,60,33,6321,156
7265,-10,53,26,6301,156
7269,-13,56,29,6293,154
7273,-15,48,21,6409,153
7277,-24,46,20,6417,152
7281,-25,38,12,6447,151
7285,-8,51,24,6445,153
7289,-8,46,20,6503,153
7293,-3,56,30,6495,154
7297,5,58,31,6477,156
7301,15,68,40,6479,157
7305,9,66,39,6419,157
7309,6,61,33,6423,158
7313,10,67,38,6345,159
7317,4,64,36,6352,159
7321,2,64,35,6352,158
7325,-6,53,25,6344,158
7329,-10,52,23,6334,158
7333,-4,57,29,6333,158
7337,-16,42,15,6421,156
7341,-26,40,13,6418,156
7345,-10,46,19,6448,156
7349,-5,56,29,6455,156
7353,-4,52,24,6475,156
7357,-2,50,22,6474,157
7361,14,64,37,6434,157
7365,12,65,38,6438,156
7369,0,54,26,6380,157
7373,1,57,29,6379,156
7377,9,64,37,6399,156
7381,1,60,33,6393,156
7385,-9,48,21,6353,155
7389,-10,49,22,6356,155
7393,-4,54,26,6414,156
7397,-5,49,22,6417,155
7401,-12,50,23,6427,156
7405,-6,50,22,6427,156
7409,2,52,25,6437,156
7413,4,56,29,6431,156
7417,6,60,32,6431,156
7421,11,61,33,6430,156
7425,15,67,40,6372,156
7429,6,63,35,6376,156
7433,-4,52,25,6326,156
7437,2,58,31,6330,154
7441,4,56,29,6410,153
7445,-8,49,23,6411,153
7449,-10,48,22,6401,152
7453,-2,55,29,6392,153
7457,2,54,28,6440,152
7461,-1,54,28,6445,150
7465,-1,50,25,6415,150
7469,11,62,37,6415,150
7473,6,60,35,6425,150
7477,2,59,35,6421,148
7481,8,60,36,6343,146
7485,8,62,39,6350,144
7489,4,56,33,6340,143
7493,2,56,35,6342,141
7497,-1,55,34,6362,139
7501,-3,54,35,6355,135
7505,-9,45,27,6365,131
7509,-4,49,33,6362,126
7513,-5,48,34,6410,121
7517,-9,45,33,6409,116
7521,-9,40,29,6401,111
7525,-13,42,33,6402,106
7529,-16,33,26,6430,101
7533,-11,31,27,6427,95
7537,-8,39,36,6467,90
7541,-2,38,37,6471,84
7545,-3,33,35,6461,77
7549,3,43,48,6460,70
7553,0,36,43,6460,64
7557,4,39,49,6462,57
7561,9,39,51,6412,51
7565,11,43,56,6418,48
7569,7,37,52,6380,45
7573,1,39,56,6374,40
7577,5,38,55,6354,36
7581,2,37,56,6357,32
7585,-3,34,54,6319,29
7589,-9,24,46,6321,25
7593,-11,23,46,6311,22
7597,-15,15,39,6311,19
7601,-17,14,39,6389,18
7605,-13,18,43,6380,16
7609,-14,17,43,6428,14
7613,-10,20,47,6437,13
7617,-6,19,45,6437,13
7621,-3,18,45,6432,11
7625,-2,21,48,6412,10
7629,7,30,57,6411,9
7633,6,31,59,6403,9
7637,4,27,54,6404,9
7641,4,25,53,6316,8
7645,6,24,52,6324,8
7649,4,26,54,6352,7
7653,-5,21,50,6352,7
7657,0,22,50,6342,8
7661,-3,17,45,6337,8
7665,-11,18,47,6367,7
7669,-11,14,42,6363,8
7673,-6,19,48,6393,8
7677,-5,17,45,6399,8
7681,-5,14,42,6409,8
7685,4,23,52,6402,8
7689,3,21,48,6430,9
7693,0,16,44,6429,8
7697,3,27,55,6391,8
7701,9,29,57,6391,8
7705,3,22,50,6381,9
7709,7,23,51,6389,9
7713,3,24,52,6379,9
7717,0,20,47,6379,9
7721,-1,22,49,6389,9
7725,-1,19,47,6386,9
7729,1,18,46,6406,8
7733,1,22,49,6400,9
7737,-2,17,45,6418,8
7741,-4,18,46,6418,9
7745,1,19,47,6428,8
7749,1,23,50,6434,9
7753,-4,16,44,6434,9
7757,-6,13,40,6430,10
7761,5,19,46,6440,10
7765,3,21,49,6437,9
7769,2,19,46,6447,10
7773,7,21,49,6457,9
7777,8,21,49,6437,9
7781,3,22,49,6431,9
7785,2,19,47,6421,9
7789,6,21,49,6421,9
7793,0,20,48,6421,9
7797,2,20,48,6423,9
7801,1,18,45,6423,9
7805,0,16,43,6418,9
7809,3,22,49,6438,9
7813,6,22,50,6438,7
7817,2,18,46,6428,7
7821,2,22,50,6428,8
7825,7,19,47,6428,8
7829,6,23,51,6430,8
7833,-3,10,38,6430,8
7837,3,19,47,6427,7
7841,9,22,50,6457,8
7845,8,21,49,6466,8
7849,0,20,48,6426,8
7853,2,20,48,6419,9
7857,7,22,50,6429,8
7861,5,20,48,6433,8
7865,-1,20,48,6423,9
7869,2,21,48,6418,10
7873,5,22,49,6418,10
7877,3,19,47,6425,10
7881,3,19,46,6425,11
7885,3,18,45,6425,13
7889,5,20,46,6435,13
7893,7,21,47,6435,13
7897,6,25,51,6445,14
7901,5,24,49,6447,16
7905,4,22,47,6417,16
7909,7,29,53,6418,18
7913,-1,22,46,6418,19
7917,-8,15,39,6415,21
7921,-4,17,39,6407,24
7925,-1,19,40,6399,27
7929,-5,11,30,6447,30
7933,-16,8,26,6455,33
7937,-11,10,27,6495,37
7941,0,18,34,6485,42
7945,-3,16,30,6513,46
7949,4,22,34,6514,51
7953,16,37,47,6504,56
7957,19,40,49,6507,61
7961,13,38,44,6429,66
7965,15,35,40,6434,71
7969,16,44,46,6386,78
7973,13,38,38,6385,83
7977,9,42,39,6355,91
7981,3,33,28,6358,96
7985,3,39,32,6378,102
7989,-1,32,22,6377,109
7993,-2,37,25,6407,113
7997,-5,35,21,6408,120
8001,-6,34,18,6426,125
8005,-2,37,19,6419,131
8009,-4,31,11,6439,135
8013,-2,33,12,6437,139
8017,3,43,21,6457,142
8021,7,46,23,6463,144
8025,9,44,20,6433,147
8029,10,46,21,6438,149
8033,10,52,27,6410,151
8037,14,56,30,6402,153
8041,10,49,22,6352,155
8045,9,55,26,6361,158
8049,8,49,20,6341,160
8053,10,56,28,6334,159
8057,5,48,19,6334,160
8061,-4,46,17,6343,160
8065,-4,45,16,6325,160
8069,-8,41,12,6324,159
8073,-6,41,13,6362,159
8077,-7,35,6,6358,159
8081,0,45,17,6388,158
8085,-1,43,16,6381,157
8089,3,46,18,6381,158
8093,7,45,16,6382,158
8097,5,44,16,6372,158
8101,11,55,26,6377,159
8105,14,57,29,6387,158
8109,5,51,22,6393,159
8113,-5,38,10,6305,159
8117,4,46,17,6303,159
8121,1,44,15,6381,160
8125,-2,42,13,6380,159
8129,-5,39,11,6390,159
8133,-2,41,13,6381,158
8137,0,43,14,6409,159
8141,0,43,15,6417,158
8145,4,46,18,6417,158
8149,5,47,19,6418,156
8153,13,53,26,6400,157
8157,12,54,26,6401,158
8161,12,49,22,6371,156
8165,11,51,23,6370,158
8169,7,49,21,6350,158
8173,7,50,21,6345,160
8177,1,51,22,6365,159
8181,0,49,21,6372,160
8185,-9,42,13,6352,161
8189,-10,40,11,6343,160
8193,-1,45,17,6393,160
8197,-3,39,10,6392,160
8201,1,42,13,6410,160
8205,5,51,22,6417,160
8209,9,53,25,6427,159
8213,10,55,26,6427,160
8217,4,50,22,6359,157
8221,4,50,22,6358,158
8225,6,47,19,6358,158
8229,4,46,18,6353,157
8233,0,49,21,6373,158
8237,-1,47,19,6380,158
8241,-2,46,17,6380,159
8245,-2,46,17,6371,160
8249,-4,44,14,6381,161
8253,-15,35,5,6387,161
8257,-8,39,9,6415,164
8261,1,45,15,6407,164
8265,0,45,14,6457,165
8269,-3,43,11,6466,167
8273,15,51,20,6436,167
8277,22,59,27,6429,168
8281,14,60,29,6391,168
8285,13,60,28,6400,168
8289,21,67,35,6330,167
8293,14,57,26,6325,165
8297,3,55,25,6297,164
8301,-2,50,20,6300,163
8305,-2,49,19,6358,162
8309,-8,43,14,6354,161
8313,-11,40,10,6394,161
8317,-13,37,8,6392,161
8321,-12,32,2,6450,162
8325,-5,42,12,6447,163
8329,0,45,15,6487,163
8333,7,51,20,6496,164
8337,21,62,31,6456,166
8341,25,67,36,6453,166
8345,24,73,42,6345,166
8349,21,67,35,6352,166
8353,8,58,27,6274,167
8357,2,54,23,6267,166
8361,2,53,22,6335,165
8365,0,51,21,6339,163
8369,-13,40,10,6389,163
8373,-11,45,15,6382,163
8377,-7,46,17,6440,160
8381,-5,46,17,6445,160
8385,-11,35,6,6435,160
8389,4,46,18,6436,159
8393,14,54,26,6476,159
8397,13,60,32,6468,158
8401,13,61,32,6390,160
8405,22,68,39,6394,160
8409,27,73,45,6324,160
8413,15,65,37,6332,159
8417,8,61,32,6236,159
8421,8,60,32,6236,157
8425,3,60,33,6314,156
8429,0,56,29,6310,155
8433,-10,48,20,6300,156
8437,-12,44,17,6303,156
8441,-12,47,20,6381,155
8445,-12,44,17,6379,155
8449,-13,41,14,6417,155
8453,-13,40,12,6413,156
8457,-1,47,20,6443,157
8461,1,49,21,6441,157
8465,10,55,28,6431,157
8469,16,70,42,6434,159
8473,14,69,40,6376,160
8477,17,70,41,6384,160
8481,13,68,39,6266,161
8485,5,66,37,6263,160
8489,2,62,32,6245,162
8493,6,64,34,6239,162
8497,2,64,34,6267,162
8501,-6,56,26,6271,163
8505,-9,56,26,6271,162
8509,-6,55,26,6269,162
8513,-3,55,25,6319,162
8517,-10,53,23,6317,161
8521,-12,53,24,6325,160
8525,-1,58,29,6325,160
8529,-2,55,27,6335,158
8533,-4,56,28,6339,158
8537,5,66,37,6321,160
8541,12,69,40,6316,160
8545,6,64,34,6286,162
8549,2,69,40,6289,162
8553,8,71,41,6279,164
8557,4,66,35,6279,165
8561,-4,63,32,6241,166
8565,-6,59,27,6247,168
8569,-8,59,27,6305,168
8573,-15,55,23,6303,168
8577,-14,56,24,6341,167
8581,-17,49,18,6331,167
8585,-20,48,16,6361,167
8589,-23,41,10,6363,166
8593,-20,44,13,6411,166
8597,-16,48,16,6413,168
8601,-9,54,23,6463,166
8605,0,57,25,6460,168
8609,-2,59,26,6420,169
8613,0,57,25,6426,170
8617,13,70,37,6378,171
8621,15,70,37,6375,172
8625,7,73,40,6335,172
8629,9,71,38,6342,173
8633,13,72,38,6314,174
8637,7,76,42,6314,174
8641,-4,64,30,6304,173
8645,-9,60,28,6298,170
8649,1,68,36,6346,169
8653,-6,58,27,6342,166
8657,-20,48,18,6342,163
8661,-14,53,23,6349,162
8665,-11,54,26,6437,159
8669,-11,54,27,6435,157
8673,-19,43,16,6425,154
8677,-5,54,28,6417,152
8681,0,59,33,6457,151
8685,-10,47,22,6459,149
8689,-2,55,31,6381,148
8693,7,63,40,6380,144
8697,11,62,40,6408,140
8701,8,56,37,6420,135
8705,1,59,41,6332,130
8709,4,57,41,6323,125
8713,1,60,47,6315,118
8717,-1,53,42,6317,110
8721,-8,48,40,6277,104
8725,-13,38,32,6276,99
8729,-9,41,37,6324,92
8733,-28,26,25,6322,86
8737,-32,21,21,6382,81
8741,-15,32,35,6377,75
8745,-11,28,34,6485,68
8749,-11,28,36,6487,62
8753,-11,24,33,6457,57
8757,5,36,48,6460,52
8761,13,39,52,6470,48
8765,5,41,55,6470,46
8769,3,36,52,6372,42
8773,8,42,58,6374,39
8777,6,37,54,6334,36
8781,-4,31,50,6336,34
8785,-8,29,48,6308,31
8789,-5,31,52,6307,28
8793,-6,26,47,6355,27
8797,-13,22,43,6354,25
8801,-14,21,44,6364,23
8805,0,27,50,6361,22
8809,-2,27,51,6401,20
8813,0,25,49,6402,20
8817,2,29,54,6362,18
8821,5,34,58,6367,18
8825,4,34,60,6347,16
8829,3,35,61,6347,15
8833,0,29,55,6289,14
8837,-5,27,53,6295,14
8841,-9,19,46,6325,12
8845,-7,23,49,6313,13
8849,-8,22,49,6371,11
8853,-10,17,44,6380,11
8857,-7,20,47,6390,11
8861,-3,20,47,6384,11
8865,0,24,51,6394,11
8869,0,21,49,6395,10
8873,7,30,57,6375,10
8877,3,24,52,6373,10
8881,2,26,54,6343,10
8885,8,28,56,6348,9
8889,4,28,56,6348,9
8893,0,28,55,6343,10
8897,1,25,53,6323,9
8901,0,22,49,6325,9
8905,-5,26,53,6335,9
8909,-7,20,48,6336,9
8913,0,22,50,6346,9
8917,-1,19,46,6348,10
8921,-6,23,50,6378,10
8925,2,25,53,6380,9
8929,8,27,55,6380,10
8933,8,31,58,6372,10
8937,-3,20,48,6332,10
8941,9,27,54,6332,10
8945,8,30,57,6362,10
8949,-1,26,53,6371,10
8953,-3,21,49,6341,10
8957,2,23,50,6335,11
8961,-2,22,50,6385,10
8965,-7,16,43,6384,11
8969,-8,13,40,6384,12
8973,1,28,54,6380,12
8977,0,23,50,6428,12
8981,-4,17,45,6429,10
8985,5,28,54,6371,13
8989,8,28,54,6371,13
8993,5,24,50,6371,13
8997,0,19,45,6374,12
9001,2,24,50,6364,15
9005,0,21,47,6369,14
9009,0,19,44,6389,15
9013,-2,21,46,6388,16
9017,-3,23,48,6416,18
9021,-1,17,41,6409,18
9025,4,25,49,6391,19
9029,4,24,47,6391,21
9033,6,29,52,6381,22
9037,7,24,46,6386,24
9041,12,38,59,6356,26
9045,8,33,54,6362,28
9049,8,32,52,6314,31
9053,5,29,48,6314,33
9057,6,29,46,6314,37
9061,2,30,47,6306,38
9065,-4,25,40,6344,43
9069,-7,21,34,6351,47
9073,-3,28,40,6381,51
9077,-4,26,36,6376,55
9081,-9,21,29,6396,61
9085,-4,29,35,6391,67
9089,5,34,38,6429,72
9093,7,36,38,6428,78
9097,8,37,37,6390,85
9101,10,44,42,6392,90
9105,13,47,42,6372,96
9109,9,44,37,6380,104
9113,2,44,35,6312,107
9117,0,42,31,6307,112
9121,3,43,30,6325,118
9125,-3,38,23,6324,123
9129,-7,40,23,6344,128
9133,-9,36,18,6350,132
9137,-2,40,20,6370,137
9141,-3,44,23,6369,140
9145,-4,42,19,6389,144
9149,-1,47,24,6387,145
9153,1,47,23,6377,148
9157,3,48,23,6373,150
9161,1,50,25,6343,150
9165,2,49,23,6346,152
9169,1,47,21,6326,154
9173,-1,49,23,6332,154
9177,-2,46,20,6342,154
9181,-8,40,13,6340,155
9185,-9,43,15,6340,156
9189,-2,45,18,6334,157
9193,-1,44,17,6364,157
9197,-1,48,20,6362,157
9201,3,44,16,6362,158
9205,7,52,24,6362,158
9209,6,50,22,6352,158
9213,3,52,24,6356,158
9217,3,51,22,6326,158
9221,8,53,25,6329,158
9225,1,52,23,6321,159
9229,-3,47,18,6325,158
9233,-5,43,15,6315,159
9237,-4,47,19,6305,159
9241,-1,47,19,6353,159
9245,-3,44,15,6353,159
9249,-2,43,14,6353,160
9253,0,49,20,6360,161
9257,5,51,21,6390,162
9261,2,48,18,6387,163
9265,1,46,16,6357,163
9269,7,50,20,6360,164
9273,9,51,21,6380,165
9277,6,49,18,6381,166
9281,1,45,14,6361,166
9285,1,45,13,6351,168
9289,8,55,23,6371,168
9293,-1,47,16,6373,166
9297,-4,43,12,6343,165
9301,5,49,18,6348,165
9305,8,51,20,6398,165
9309,7,54,24,6391,163
9313,7,54,24,6361,163
9317,12,51,22,6363,162
9321,15,55,25,6323,162
9325,13,54,25,6328,162
9329,7,50,21,6328,161
9333,9,57,27,6329,161
9337,11,58,28,6339,162
9341,6,53,24,6342,162
9345,5,58,27,6324,164
9349,4,56,25,6320,165
9353,2,48,17,6320,167
9357,-1,46,14,6314,167
9361,-1,45,14,6362,167
9365,-3,49,16,6362,169
9369,-3,47,15,6392,168
9373,1,49,17,6390,169
9377,7,58,26,6380,169
9381,5,50,18,6385,168
9385,7,52,20,6345,167
9389,14,58,26,6347,167
9393,11,61,29,6367,166
9397,9,58,27,6363,166
9401,12,66,35,6315,166
9405,12,65,33,6316,166
9409,8,56,25,6306,166
9413,8,56,25,6307,165
9417,5,58,27,6335,166
9421,5,58,26,6339,167
9425,-2,56,24,6349,168
9429,-3,53,22,6350,168
9433,-1,53,21,6350,168
9437,-4,54,23,6341,167
9441,-5,51,20,6371,167
9445,-5,49,18,6380,166
9449,-8,50,19,6390,166
9453,-5,50,19,6380,165
9457,-5,48,17,6390,166
9461,1,51,20,6395,164
9465,4,57,27,6405,163
9469,5,51,21,6411,163
9473,5,56,26,6361,164
9477,8,58,28,6354,163
9481,13,61,31,6364,164
9485,11,65,34,6366,165
9489,-7,50,19,6318,164
9493,4,57,25,6320,166
9497,0,57,26,6368,166
9501,-2,54,22,6367,166
9505,-9,46,15,6367,166
9509,0,57,25,6369,167
9513,0,54,23,6417,167
9517,-9,51,19,6417,167
9521,2,57,25,6379,168
9525,6,58,26,6379,169
9529,2,54,22,6379,168
9533,1,58,25,6373,169
9537,5,59,26,6373,170
9541,7,64,32,6381,169
9545,3,65,32,6351,170
9549,-2,53,21,6344,169
9553,-6,58,26,6324,168
9557,-4,56,24,6322,169
9561,-4,58,26,6362,169
9565,-2,57,25,6362,168
9569,-9,49,17,6352,168
9573,-7,53,21,6351,167
9577,-4,52,20,6401,167
9581,-7,47,16,6402,166
9585,3,58,27,6392,165
9589,3,56,25,6399,164
9593,1,53,23,6379,163
9597,-5,56,27,6372,162
9601,6,56,27,6372,160
9605,4,63,34,6376,160
9609,-5,53,25,6356,158
9613,2,56,27,6359,159
9617,3,55,27,6359,158
9621,1,56,29,6355,157
9625,-8,47,20,6355,156
9629,-3,53,26,6351,156
9633,6,62,35,6381,154
9637,1,55,30,6387,152
9641,-11,44,19,6327,151
9645,7,60,35,6330,149
9649,7,57,33,6410,147
9653,5,58,35,6403,144
9657,1,53,31,6323,141
9661,12,64,43,6332,138
9665,10,60,40,6332,135
9669,-4,52,34,6331,131
9673,0,51,35,6283,127
9677,3,55,40,6280,123
9681,0,54,41,6338,118
9685,-4,47,36,6343,113
9689,-3,44,35,6305,108
9693,0,53,46,6299,102
9697,-1,47,42,6357,95
9701,-12,34,32,6355,90
9705,-9,43,42,6307,84
9709,-1,43,45,6303,78
9713,-2,38,42,6341,72
9717,-10,33,40,6351,66
9721,-4,34,41,6341,62
9725,8,50,59,6331,58
9729,4,42,54,6361,53
9733,-7,35,48,6371,49
9737,5,41,55,6253,44
9741,6,43,59,6247,40
9745,-4,37,55,6257,36
9749,-6,36,55,6261,33
9753,-4,38,57,6243,31
9757,-6,36,57,6240,28
9761,-10,28,50,6230,24
9765,-13,26,49,6232,22
9769,-15,24,48,6260,20
9773,-10,28,52,6256,19
9777,-8,29,55,6306,16
9781,-9,29,54,6312,15
9785,0,31,57,6272,14
9789,-1,32,58,6270,12
9793,-3,27,53,6270,12
9797,3,33,60,6275,12
9801,1,33,60,6295,12
9805,-19,24,51,6287,10
9809,-15,26,53,6277,10
9813,-10,24,51,6283,10
9817,-19,17,44,6341,10
9821,-20,15,44,6338,8
9825,-15,19,47,6398,8
9829,-7,25,53,6389,9
9833,-7,25,53,6399,8
9837,-3,23,52,6402,8
9841,-4,25,53,6342,8
9845,-4,26,54,6342,8
9849,0,25,53,6352,8
9853,-11,23,51,6361,8
9857,-12,17,45,6351,8
9861,-5,23,51,6343,8
9865,-8,21,49,6393,8
9869,-11,15,43,6395,8
9873,-8,18,46,6385,8
9877,-2,24,52,6382,8
9881,-5,17,46,6410,7
9885,-5,19,47,6414,8
9889,-1,24,52,6406,8
9893,1,22,50,6409,8
9897,2,25,53,6389,8
9901,0,20,48,6390,8
9905,-1,22,50,6380,9
9909,1,20,48,6379,9
9913,5,26,54,6399,9
9917,0,20,47,6392,9
9921,-3,15,43,6372,8
9925,2,22,49,6379,9
9929,8,28,56,6417,8
9933,3,22,50,6409,7
9937,1,19,47,6361,8
9941,3,23,51,6367,8
9945,6,23,51,6397,9
9949,-2,15,43,6391,8
9953,-2,18,46,6371,8
9957,0,22,51,6370,7
9961,3,21,50,6400,7
9965,-2,16,44,6401,8
9969,4,19,46,6371,9
9973,8,25,53,6371,8
9977,13,27,55,6401,8
9981,16,29,57,6402,9
9985,18,35,63,6342,8
9989,17,33,62,6348,7
9993,19,35,63,6300,8
9997,13,30,58,6302,9
10001,11,32,61,6292,8
10005,5,26,54,6294,8
10009,3,23,51,6304,8
10013,0,24,52,6294,8
10017,-2,20,48,6342,10
10021,-4,17,44,6343,9
10025,-3,21,48,6373,10
10029,-8,15,42,6375,11
10033,-9,12,39,6395,11
10037,5,25,52,6398,11
10041,10,28,54,6436,13
10045,13,29,55,6432,13
10049,18,38,64,6354,14
10053,22,36,61,6354,15
10057,23,48,73,6276,15
10061,18,38,63,6284,17
10065,17,43,67,6236,17
10069,16,46,70,6233,18
10073,9,39,62,6251,21
10077,4,34,56,6248,23
10081,3,37,58,6240,25
10085,-8,26,47,6247,27
10089,-8,23,43,6285,31
10093,-10,30,48,6273,35
10097,-13,24,40,6371,40
10101,-12,22,37,6378,43
10105,-9,22,36,6388,45
10109,-6,28,40,6386,52
10113,-5,32,42,6424,56
10117,6,38,47,6424,61
10121,7,38,46,6386,63
10125,8,49,54,6391,69
10129,11,50,53,6341,75
10133,8,47,48,6335,81
10137,3,48,47,6247,87
10141,1,45,41,6249,95
10145,2,45,38,6269,102
10149,-4,45,35,6273,109
10153,-4,43,31,6313,116
10157,-8,49,34,6305,122
10161,-8,45,29,6323,127
10165,-8,48,30,6323,132
10169,-4,48,28,6315,137
10173,-5,50,29,6315,139
10177,2,53,30,6305,144
10181,-1,54,30,6315,146
10185,2,59,35,6285,148
10189,0,60,35,6279,150
10193,-8,55,30,6241,151
10197,-7,52,26,6249,153
10201,-5,50,23,6257,154
10205,-8,50,23,6254,156
10209,-12,49,21,6304,157
10213,-12,49,22,6302,157
10217,-10,51,24,6322,157
10221,-13,45,17,6315,157
10225,-9,49,21,6315,158
10229,-9,45,17,6319,158
10233,-14,43,15,6337,158
10237,-12,46,18,6334,158
10241,-9,49,21,6374,158
10245,-10,49,21,6377,158
10249,-9,45,17,6367,156
10253,-7,48,20,6364,157
10257,-3,47,20,6374,156
10261,-4,49,21,6374,157
10265,-1,53,25,6374,157
10269,-1,49,22,6373,157
10273,0,53,25,6353,158
10277,-2,48,20,6353,159
10281,-5,43,15,6353,159
10285,5,54,25,6351,159
10289,4,55,27,6401,160
10293,-1,49,20,6407,159
10297,3,54,26,6357,159
10301,2,56,27,6360,159
10305,2,52,24,6370,158
10309,2,50,22,6363,158
10313,0,46,18,6353,158
10317,-1,54,26,6352,158
10321,-1,50,22,6392,159
10325,-5,44,16,6400,158
10329,-7,45,17,6380,160
10333,-12,38,10,6376,160
10337,-8,38,10,6414,160
10341,0,47,18,6408,161
10345,0,45,16,6458,161
10349,9,50,21,6460,160
10353,6,52,23,6430,160
10357,19,60,31,6437,160
10361,11,54,25,6399,158
10365,0,44,16,6392,157
10369,2,49,22,6362,157
10373,0,46,18,6363,156
10377,2,50,23,6393,156
10381,-2,45,18,6399,156
10385,-7,39,12,6399,155
10389,1,43,16,6398,155
10393,-3,44,17,6446,155
10397,-8,38,11,6437,156
10401,5,46,18,6427,157
10405,6,51,23,6427,158
10409,11,53,26,6427,157
10413,15,56,27,6437,159
10417,15,51,23,6389,158
10421,14,56,28,6381,159
10425,6,50,21,6371,158
10429,8,51,22,6372,160
10433,8,55,27,6372,159
10437,-5,44,15,6371,159
10441,-4,43,14,6351,158
10445,-4,41,13,6358,159
10449,-1,42,14,6416,158
10453,0,47,18,6408,159
10457,-2,44,15,6428,158
10461,8,45,17,6432,159
10465,12,54,25,6412,160
10469,11,53,24,6415,160
10473,15,56,27,6377,161
10477,15,57,27,6381,162
10481,21,62,32,6341,162
10485,13,57,27,6334,163
10489,7,58,27,6296,164
10493,-6,46,16,6299,164
10497,2,51,20,6309,165
10501,1,54,23,6303,165
10505,-4,43,12,6361,167
10509,-8,40,8,6366,168
10513,15,56,24,6396,168
10517,15,62,30,6396,168
10521,2,52,20,6376,168
10525,9,56,25,6372,167
10529,21,65,34,6342,166
10533,9,61,30,6352,166
10537,3,56,25,6304,166
10541,12,62,30,6297,166
10545,9,58,28,6325,165
10549,-1,55,24,6325,165
10553,-4,51,20,6307,166
10557,-3,50,19,6304,167
10561,-2,54,23,6342,167
10565,-3,51,20,6349,167
10569,5,56,24,6359,168
10573,8,57,26,6358,168
10577,10,64,32,6338,168
10581,11,63,31,6334,168
10585,5,58,26,6296,168
10589,7,64,32,6296,167
10593,8,62,31,6316,166
10597,3,57,26,6325,166
10601,2,60,29,6295,166
10605,-3,54,24,6288,165
10609,2,56,25,6308,165
10613,3,61,30,6307,165
10617,-7,51,20,6335,166
10621,-3,56,26,6341,165
10625,3,59,27,6351,167
10629,2,62,30,6351,168
10633,3,60,28,6331,169
10637,11,70,38,6327,169
10641,15,71,39,6309,169
10645,2,60,28,6313,170
10649,-12,53,20,6283,172
10653,3,62,27,6278,177
10657,4,71,35,6386,180
10661,55,100,70,6382,186
10665,47,100,65,6304,193
10669,40,100,58,6314,201
10673,48,100,72,6128,208
10677,54,100,81,6136,214
10681,60,100,92,6068,216
10685,64,100,95,6071,216
10689,53,100,93,6011,218
10693,39,100,81,6004,218
10697,14,100,58,6024,218
10701,5,100,58,6018,219
10705,-8,97,46,6146,219
10709,-12,89,37,6143,222
10713,-8,97,44,6231,224
10717,18,100,58,6230,227
10721,26,100,65,6