システムクロック時刻,ジャイロ角速度,左PWM,右PWM,電圧,9,176
10,-5,16,-22,7939,118
10,-5,0,-8,7956,118
13,4,5,-3,7634,118
17,1,5,-7,7634,120
21,-1,1,-7,7510,119
25,-3,0,-9,7510,119
29,-4,0,-10,7435,119
33,-1,0,-9,7435,119
37,0,0,-8,7436,118
41,2,2,-8,7436,119
45,2,1,-7,7483,118
49,-4,-2,-12,7483,118
53,1,0,-10,7462,119
57,-3,-2,-12,7462,119
61,0,-1,-11,7499,119
65,-8,-4,-18,7499,121
69,-7,-6,-17,7548,121
73,7,2,-8,7548,121
77,2,-5,-15,7547,120
81,-3,-8,-17,7547,119
85,-5,-8,-19,7649,120
89,-4,-9,-18,7649,119
93,-5,-13,-23,7658,119
97,-1,-10,-20,7658,119
101,-1,-11,-18,7612,117
105,-5,-16,-25,7612,117
109,-11,-23,-32,7649,117
113,-6,-20,-27,7649,116
117,9,-14,-21,7593,115
121,4,-14,-22,7593,115
125,11,-13,-20,7603,114
129,22,-3,-11,7603,114
133,10,-13,-18,7659,112
137,14,-13,-17,7659,110
141,20,-8,-17,7677,111
145,19,-12,-16,7677,109
149,19,-7,-14,7707,109
153,18,-11,-13,7707,106
157,10,-20,-24,7742,105
161,11,-16,-20,7742,104
165,13,-17,-20,7696,103
169,15,-20,-23,7696,102
173,19,-18,-19,7705,100
177,15,-15,-18,7705,100
181,16,-19,-22,7725,100
185,21,-21,-22,7725,99
189,21,-19,-22,7707,99
193,31,-12,-14,7707,99
197,50,-4,-3,7612,97
201,55,4,0,7612,98
205,61,11,7,7499,99
209,54,9,6,7499,99
213,64,14,11,7339,99
217,69,22,17,7339,101
221,64,22,18,7237,101
225,59,22,17,7237,102
229,45,20,14,7190,103
233,31,10,6,7190,103
237,32,10,6,7153,103
241,33,14,12,7153,102
245,26,8,6,7152,101
249,17,5,4,7152,99
253,14,5,4,7162,98
257,10,8,7,7162,97
261,3,3,3,7142,96
265,-3,0,-1,7142,96
269,-3,0,-2,7189,96
273,-4,-2,-2,7189,95
277,-6,-3,-6,7235,96
281,0,-1,-2,7235,96
285,8,3,2,7217,96
289,13,8,5,7217,97
293,18,12,8,7226,98
297,22,14,12,7226,98
301,18,19,12,7236,101
305,15,15,12,7236,101
309,14,14,10,7237,102
313,13,17,13,7237,102
317,13,15,13,7236,101
321,11,14,9,7236,102
325,12,13,9,7283,102
329,14,19,14,7283,103
333,16,18,14,7290,103
337,20,25,19,7290,104
341,23,26,21,7187,104
345,24,26,20,7187,105
349,24,34,29,7122,105
353,23,32,26,7122,106
357,22,34,29,7067,106
361,21,36,30,7067,106
365,20,38,31,7009,107
369,23,42,34,7009,109
373,28,50,45,6972,108
377,23,49,40,6972,110
381,13,42,35,6869,110
385,-12,28,22,6869,110
389,-15,22,17,6948,109
393,-28,12,4,6948,110
397,-49,-3,-5,7057,107
401,-56,-6,-13,7057,108
405,-57,-11,-12,7176,105
409,-50,-15,-18,7176,104
413,-52,-17,-18,7143,102
417,-43,-18,-22,7143,102
421,-25,-6,-6,7118,100
425,-11,2,0,7118,100
429,6,13,10,7177,100
433,13,14,10,7177,101
437,22,17,13,7168,101
441,33,33,26,7168,104
445,38,34,28,7149,105
449,52,46,41,7149,105
453,63,60,50,7056,108
457,58,60,51,7056,110
461,49,53,45,6867,111
465,39,54,46,6867,112
469,18,36,27,6829,113
473,8,32,27,6829,111
477,1,26,20,6954,110
481,-10,21,17,6954,108
485,-29,5,0,7018,107
489,-27,2,0,7018,105
493,-32,0,-2,7128,104
497,-35,-4,-9,7128,104
501,-23,0,-4,7161,104
505,-9,13,4,7161,107
509,-2,11,4,7168,108
513,13,27,16,7168,111
517,23,29,19,7177,113
521,40,43,30,7177,116
525,50,52,40,7130,118
529,53,55,46,7130,118
533,51,58,47,7024,119
537,45,56,46,7024,119
541,41,55,45,6983,119
545,38,56,42,6983,122
549,27,52,42,6933,121
553,17,38,32,6933,118
557,14,43,32,6945,119
561,5,33,27,6945,116
565,-3,25,20,6973,113
569,-6,25,21,6973,110
573,-5,23,19,7027,108
577,3,31,27,7027,107
581,9,34,28,7035,107
585,14,41,34,7035,108
589,17,46,39,6967,109
593,21,48,40,6967,110
597,22,51,45,6895,110
601,19,53,45,6895,111
605,16,53,46,6811,111
609,12,55,51,6811,109
613,5,47,40,6748,109
617,1,48,44,6748,107
621,-5,42,39,6785,105
625,-10,43,38,6785,105
629,-13,38,34,6816,104
633,-15,38,36,6816,102
637,-19,32,31,6852,100
641,-19,30,27,6852,100
645,-12,34,37,6906,96
649,-15,40,40,6906,95
653,-15,35,37,6884,93
657,-10,39,42,6884,91
661,-5,39,43,6876,89
665,-13,41,43,6876,88
669,-12,41,45,6854,86
673,-11,41,46,6854,84
677,-17,37,42,6848,83
681,-17,41,46,6848,82
685,-19,33,39,6867,81
689,-20,37,41,6867,81
693,-23,31,40,6905,78
697,-26,33,40,6905,77
701,-24,31,39,6915,75
705,-22,28,40,6915,71
709,-27,28,39,6943,69
713,-33,20,33,6943,66
717,-24,23,36,6980,64
721,-20,30,40,6980,64
725,-28,26,38,7004,63
729,-28,21,35,7004,61
733,-21,28,41,7008,60
737,-25,22,36,7008,59
741,-21,22,36,7007,58
745,-16,25,44,7007,54
749,-19,23,37,7018,54
753,-18,25,41,7018,53
757,-16,28,44,7028,52
761,-13,27,42,7028,52
765,-15,23,39,7022,51
769,-18,24,39,7022,51
773,-9,26,43,7043,50
777,-11,27,44,7043,49
781,-14,21,41,7040,46
785,-13,25,43,7040,45
789,-13,24,38,7052,47
793,-12,23,45,7052,44
797,-16,19,37,7055,44
801,-11,21,37,7055,45
805,-10,18,38,7073,43
809,-15,18,36,7073,43
813,-11,17,38,7083,41
817,-8,22,42,7083,40
821,-3,24,43,7089,40
825,-11,17,36,7089,40
829,-11,20,38,7074,41
833,0,24,44,7074,41
837,2,30,47,7074,42
841,8,34,48,7074,45
845,5,29,47,7034,45
849,8,31,47,7034,46
853,12,37,54,7022,46
857,9,34,51,7022,46
861,6,33,47,6981,48
865,7,37,52,6981,49
869,12,39,53,6989,50
873,10,37,50,6989,52
877,6,33,47,6979,53
881,5,38,48,6979,56
885,10,40,50,6989,58
889,10,37,50,6989,58
893,7,42,50,6960,61
897,5,38,48,6960,62
901,6,37,47,6969,63
905,4,38,49,6969,63
909,1,36,44,6971,65
913,7,43,51,6971,67
917,6,45,53,6978,68
921,4,42,48,6978,70
925,4,45,50,6934,72
929,11,48,53,6934,74
933,13,57,61,6924,76
937,9,52,55,6924,78
941,7,47,54,6837,77
945,2,47,51,6837,78
949,4,51,53,6886,80
953,2,47,48,6886,82
957,-1,52,52,6877,84
961,0,49,48,6877,87
965,0,52,48,6877,91
969,-13,44,40,6877,94
973,-10,50,46,6912,96
977,-7,53,46,6912,100
981,-6,48,42,6902,102
985,-17,42,34,6902,105
989,-9,46,40,6932,106
993,-5,55,46,6932,108
997,-11,51,40,6933,111
1001,-15,48,35,6933,115
1005,-11,52,35,6941,120
1009,1,63,48,6941,123
1013,0,63,46,6912,127
1017,0,63,45,6912,130
1021,0,62,46,6871,131
1025,9,68,52,6871,132
1029,8,67,52,6858,132
1033,-3,64,49,6858,132
1037,-5,67,49,6864,134
1041,-11,60,43,6864,135
1045,-12,58,39,6885,137
1049,-21,54,36,6885,138
1053,-19,54,32,6949,141
1057,-27,46,23,6949,144
1061,-21,56,33,7007,146
1065,-25,49,27,7007,147
1069,-25,47,23,7006,149
1073,-13,56,34,7006,150
1077,-4,60,38,7025,150
1081,0,65,44,7025,150
1085,2,68,42,6957,153
1089,10,71,47,6957,154
1093,14,78,54,6932,154
1097,8,73,48,6932,155
1101,0,70,48,6912,154
1105,-1,67,44,6912,154
1109,1,71,48,6948,154
1113,-6,63,42,6948,153
1117,-28,52,27,6932,154
1121,-25,48,26,6932,153
1125,-16,55,33,7037,153
1129,-16,53,29,7037,154
1133,-16,53,33,7043,152
1137,-10,54,33,7043,151
1141,-6,55,33,7052,151
1145,-5,56,31,7052,153
1149,9,69,44,7053,154
1153,11,69,45,7053,155
1157,13,76,51,6967,156
1161,14,75,51,6967,156
1165,20,79,55,6926,156
1169,15,74,52,6926,155
1173,6,73,49,6904,155
1177,-2,69,47,6904,154
1181,-1,66,46,6931,152
1185,-9,63,42,6931,151
1189,-12,57,38,6960,149
1193,-16,56,36,6960,148
1197,-8,58,38,7005,147
1201,-16,53,37,7005,144
1205,-9,56,37,7022,144
1209,3,61,43,7022,143
1213,3,65,47,7013,142
1217,5,65,46,7013,142
1221,19,76,63,6950,138
1225,20,77,61,6950,137
1229,9,73,59,6873,135
1233,17,76,63,6873,133
1237,13,76,65,6855,130
1241,9,70,63,6855,125
1245,4,70,62,6834,122
1249,5,70,67,6834,117
1253,5,67,65,6828,112
1257,-5,62,60,6828,108
1261,-10,54,54,6838,104
1265,-8,62,62,6838,101
1269,-10,54,57,6881,97
1273,-9,58,57,6881,96
1277,-9,57,60,6884,93
1281,-2,58,61,6884,91
1285,-9,59,63,6865,89
1289,-11,54,56,6865,88
1293,1,61,67,6865,85
1297,5,67,71,6865,84
1301,3,65,73,6846,81
1305,6,69,75,6846,80
1309,10,73,79,6837,79
1313,-2,70,77,6837,78
1317,-11,58,66,6852,76
1321,0,65,74,6852,74
1325,-4,61,72,6919,71
1329,-14,58,69,6919,69
1333,-13,57,70,6903,66
1337,-6,55,70,6903,63
1341,-5,61,75,6903,61
1345,-12,54,71,6903,57
1349,-8,56,72,6912,55
1353,-1,60,77,6912,53
1357,-1,65,81,6903,52
1361,-6,55,74,6903,49
1365,-2,62,81,6912,47
1369,-4,57,73,6912,47
1373,-12,55,73,6915,46
1377,-9,59,79,6915,44
1381,-13,48,72,6924,40
1385,-11,55,76,6924,39
1389,-13,51,74,6947,37
1393,-6,54,78,6947,35
1397,-7,52,77,6937,33
1401,-7,56,80,6937,32
1405,-3,58,82,6930,31
1409,-4,56,80,6930,30
1413,1,59,84,6912,29
1417,-3,60,85,6912,28
1421,-4,53,79,6913,27
1425,-10,53,79,6913,26
1429,-13,49,75,6946,25
1433,-11,49,75,6946,24
1437,-12,47,73,6958,24
1441,-9,53,78,6958,24
1445,-14,47,74,6967,23
1449,-1,59,86,6967,22
1453,-8,54,79,6948,23
1457,-13,48,75,6948,22
1461,2,56,84,6968,21
1465,5,59,85,6968,21
1469,8,61,88,6932,21
1473,3,62,89,6932,21
1477,1,60,88,6911,20
1481,2,65,92,6911,20
1485,2,58,86,6903,19
1489,0,61,89,6903,18
1493,-1,60,86,6921,19
1497,-8,56,87,6921,16
1501,-11,55,80,6894,18
1505,-13,50,78,6894,18
1509,-9,49,80,6948,16
1513,-5,57,85,6948,16
1517,-4,60,90,6939,15
1521,-2,59,88,6939,15
1525,2,57,85,6903,16
1529,1,59,91,6903,14
1533,7,68,97,6912,14
1537,8,67,97,6912,14
1541,-7,55,86,6907,13
1545,-12,55,85,6907,13
1549,-5,62,90,6958,14
1553,-11,50,81,6958,13
1557,-2,60,89,6961,13
1561,0,59,90,6961,12
1565,-1,63,91,6949,13
1569,-9,55,85,6949,13
1573,-6,55,85,6939,13
1577,13,72,100,6939,13
1581,0,61,92,6939,12
1585,5,69,98,6939,13
1589,12,76,100,6952,13
1593,3,67,99,6952,12
1597,-6,65,95,6929,12
1601,4,64,94,6929,12
1605,0,66,94,6950,13
1609,-9,56,88,6950,12
1613,-19,52,82,6959,12
1617,-17,54,86,6959,11
1621,-2,62,92,6994,11
1625,-10,58,90,6994,10
1629,-17,52,81,6967,11
1633,-6,56,87,6967,11
1637,-4,60,91,6996,11
1641,-4,58,89,6996,11
1645,5,68,98,6963,11
1649,8,69,99,6963,11
1653,5,67,96,6919,12
1657,-3,63,95,6919,11
1661,7,68,100,6925,10
1665,3,70,99,6925,11
1669,-12,57,88,6928,11
1673,-8,62,92,6928,11
1677,-7,55,85,6974,11
1681,-15,57,88,6974,11
1685,-9,58,89,6974,11
1689,-8,57,86,6974,12
1693,-8,59,90,6958,11
1697,-5,64,94,6958,11
1701,3,67,97,6956,11
1705,14,78,100,6956,11
1709,1,72,100,6922,11
1713,1,65,95,6922,11
1717,0,67,98,6942,11
1721,-6,61,92,6942,11
1725,-3,66,96,6959,11
1729,-1,69,100,6959,11
1733,-12,59,90,6948,11
1737,-21,55,84,6948,12
1741,-24,44,74,6995,12
1745,-10,56,86,6995,12
1749,-9,59,89,7041,12
1753,-5,59,89,7041,12
1757,-9,60,89,6983,13
1761,-14,54,83,6983,13
1765,3,64,92,6978,14
1769,19,79,100,6978,15
1773,13,75,100,6939,16
1777,11,77,100,6939,16
1781,8,79,100,6920,16
1785,8,76,100,6920,15
1789,7,75,100,6928,16
1793,-4,66,93,6928,17
1797,-4,69,96,6922,18
1801,-7,69,96,6922,18
1805,-10,63,91,6933,18
1809,-16,63,88,6933,20
1813,-8,68,95,6947,20
1817,-5,64,88,6947,22
1821,-6,66,91,6938,23
1825,-10,66,91,6938,24
1829,4,74,98,6928,25
1833,13,84,100,6928,27
1837,2,75,97,6926,29
1841,8,82,100,6926,30
1845,-2,75,94,6943,33
1849,-5,70,90,6943,34
1853,3,79,98,6948,36
1857,-1,79,97,6948,38
1861,-18,70,87,6928,40
1865,-12,67,82,6928,43
1869,-7,71,88,6968,44
1873,-9,74,87,6968,47
1877,-13,68,82,6945,49
1881,3,83,94,6945,52
1885,2,85,96,6931,55
1889,1,84,91,6931,59
1893,2,82,90,6922,62
1897,3,88,92,6922,67
1901,-2,82,87,6920,70
1905,-1,87,89,6920,74
1909,-6,86,87,6935,78
1913,-12,75,75,6935,81
1917,-5,82,82,6948,84
1921,-11,81,81,6948,86
1925,-15,76,74,6928,89
1929,-18,77,73,6928,92
1933,-8,81,76,6939,95
1937,-5,86,80,6939,98
1941,-7,88,80,6929,102
1945,-4,88,78,6929,106
1949,9,99,91,6927,108
1953,-5,93,83,6927,111
1957,2,96,83,6932,115
1961,5,95,85,6932,116
1965,-5,92,80,6940,118
1969,-10,91,78,6940,120
1973,-16,87,75,6940,121
1977,-18,83,69,6940,123
1981,-19,83,69,6959,125
1985,-17,87,70,6959,128
1989,-20,82,63,6960,132
1993,-17,85,67,6960,134
1997,-11,86,67,6974,136
2001,-3,93,75,6974,137
2005,-9,90,74,6952,136
2009,-8,88,71,6952,136
2013,-8,89,74,6934,135
2017,-13,86,65,6934,138
2021,-11,87,70,6947,138
2025,-3,97,75,6947,141
2029,-13,82,62,6945,142
2033,-16,88,65,6945,145
2037,-19,80,60,6999,145
2041,-9,89,68,6999,146
2045,-7,92,72,6986,146
2049,-17,83,61,6986,147
2053,-8,89,70,6967,146
2057,-14,84,62,6967,147
2061,-6,85,67,6938,145
2065,3,100,79,6938,146
2069,-9,88,69,6940,145
2073,-9,90,71,6940,145
2077,-9,87,67,6972,145
2081,-15,80,60,6972,145
2085,-9,86,66,6995,145
2089,-16,83,64,6995,144
2093,-18,84,63,6968,145
2097,-17,81,60,6968,146
2101,-22,75,53,6967,147
2105,-16,80,59,6967,147
2109,-16,77,56,6996,147
2113,-17,78,58,6996,147
2117,-13,83,62,6989,147
2121,-21,74,54,6989,147
2125,-16,79,59,6987,147
2129,-6,82,63,6987,146
2133,-13,82,60,6981,147
2137,-19,79,57,6981,148
2141,-13,74,55,6973,147
2145,-13,78,56,6973,148
2149,-16,75,60,6995,144
2153,-11,76,59,6995,142
2157,-14,76,60,6980,140
2161,-17,75,60,6980,138
2165,-21,69,54,6973,136
2169,-21,66,51,6973,135
2173,-24,61,46,7001,134
2177,-33,57,42,7001,133
2181,-24,63,50,7045,131
2185,-27,59,43,7045,132
2189,-30,52,40,7044,130
2193,-23,56,41,7044,130
2197,-23,59,42,7087,132
2201,-22,59,47,7087,130
2205,-19,59,46,7067,129
2209,-16,59,46,7067,128
2213,-24,52,39,7058,128
2217,-21,56,44,7058,127
2221,-13,55,43,7081,126
2225,-16,51,41,7081,124
2229,-20,52,42,7071,123
2233,-18,47,37,7071,122
2237,-25,46,36,7093,121
2241,-28,42,33,7093,120
2245,-26,37,28,7117,119
2249,-26,37,27,7117,119
2253,-27,40,30,7149,119
2257,-21,38,28,7149,119
2261,-20,38,29,7156,118
2265,-13,45,32,7156,120
2269,-8,41,34,7149,118
2273,-6,42,30,7149,119
2277,-7,42,33,7150,118
2281,-3,42,33,7150,118
2285,0,46,38,7152,117
2289,-2,43,33,7152,117
2293,-7,37,29,7127,116
2297,-11,38,27,7127,117
2301,-7,37,29,7155,116
2305,-8,35,25,7155,117
2309,-5,40,30,7155,117
2313,-7,36,27,7155,117
2317,1,36,26,7145,117
2321,-3,33,23,7145,117
2325,-14,25,16,7151,117
2329,3,36,26,7151,117
2333,7,34,25,7164,117
2337,6,36,24,7164,119
2341,3,30,20,7153,119
2345,8,35,25,7153,119
2349,15,38,26,7136,120
2353,11,37,28,7136,119
2357,6,32,21,7117,120
2361,11,36,27,7117,119
2365,15,38,27,7136,120
2369,11,34,22,7136,121
2373,6,35,21,7107,123
2377,10,31,18,7107,124
2381,22,38,25,7118,125
2385,21,43,28,7118,127
2389,13,32,19,7097,127
2393,13,33,18,7097,128
2397,21,41,29,7110,127
2401,28,47,34,7110,127
2405,17,35,22,7062,127
2409,10,31,18,7062,127
2413,19,33,20,7086,127
2417,23,43,28,7086,128
2421,14,37,23,7079,128
2425,12,31,18,7079,128
2429,21,39,24,7074,129
2433,27,41,25,7074,130
2437,15,35,19,7052,131
2441,15,36,21,7052,131
2445,26,41,25,7064,132
2449,27,45,28,7064,133
2453,21,43,26,7033,134
2457,21,41,23,7033,135
2461,25,45,29,7032,135
2465,18,43,26,7032,135
2469,15,38,21,7013,135
2473,17,40,26,7013,134
2477,18,44,27,7015,135
2481,8,37,23,7015,133
2485,-3,27,10,7004,134
2489,3,26,12,7004,133
2493,7,32,15,7052,134
2497,0,24,8,7052,134
2501,3,32,16,7066,134
2505,12,32,13,7066,136
2509,14,35,19,7061,136
2513,15,35,17,7061,137
2517,21,42,24,7051,138
2521,25,43,26,7051,138
2525,19,43,25,7003,138
2529,16,39,21,7003,138
2533,18,44,25,6987,139
2537,17,44,28,6987,138
2541,7,30,15,6985,137
2545,5,37,20,6985,137
2549,10,32,16,7013,136
2553,5,32,16,7013,136
2557,0,31,14,7036,136
2561,1,28,12,7036,136
2565,3,33,15,7050,137
2569,4,25,10,7050,136
2573,-1,25,9,7042,136
2577,-2,27,10,7042,136
2581,4,27,12,7061,135
2585,4,31,15,7061,135
2589,5,29,13,7054,135
2593,10,31,15,7054,135
2597,13,35,21,7042,134
2601,12,34,18,7042,134
2605,13,33,18,7033,133
2609,15,33,19,7033,132
2613,13,35,22,7025,131
2617,6,28,16,7025,129
2621,1,28,16,7030,128
2625,4,27,15,7030,127
2629,2,23,13,7034,125
2633,0,21,10,7034,124
2637,-6,19,9,7070,123
2641,-2,14,7,7070,120
2645,0,20,10,7079,120
2649,0,17,10,7079,118
2653,3,24,14,7087,118
2657,4,18,9,7087,117
2661,10,25,18,7073,115
2665,10,24,17,7073,114
2669,13,20,15,7070,112
2673,17,29,23,7070,111
2677,13,25,21,7059,109
2681,14,24,22,7059,106
2685,13,22,23,7032,102
2689,11,21,21,7032,100
2693,9,20,20,7035,98
2697,5,15,18,7035,95
2701,6,16,18,7046,93
2705,6,14,19,7046,90
2709,5,12,19,7053,86
2713,5,8,14,7053,83
2717,7,13,22,7061,79
2721,6,13,20,7061,77
2725,7,13,21,7051,75
2729,10,10,19,7051,73
2733,11,11,21,7053,71
2737,13,13,24,7053,69
2741,16,16,27,7057,68
2745,17,16,30,7057,65
2749,20,15,28,7038,63
2753,20,17,30,7038,61
2757,19,17,32,7015,59
2761,19,19,33,7015,58
2765,17,18,33,6994,56
2769,13,15,32,6994,54
2773,11,14,31,6987,52
2777,12,6,24,6987,50
2781,12,11,32,6996,47
2785,10,6,27,6996,44
2789,7,10,30,7002,43
2793,7,4,27,7002,40
2797,10,9,29,7012,40
2801,11,6,27,7012,39
2805,10,11,32,7022,38
2809,12,8,30,7022,37
2813,17,12,36,7003,35
2817,17,14,37,7003,34
2821,18,13,33,6985,35
2825,17,12,37,6985,33
2829,15,13,36,6986,32
2833,11,7,30,6986,32
2837,8,11,34,6977,32
2841,9,7,31,6977,31
2845,8,7,32,6995,30
2849,4,0,26,6995,28
2853,4,8,30,7003,29
2857,5,8,32,7003,29
2861,6,3,30,7004,27
2865,7,1,26,7004,27
2869,11,11,34,7019,28
2873,15,9,35,7019,27
2877,16,12,37,7006,27
2881,19,16,40,7006,27
2885,23,16,40,6986,27
2889,20,12,36,6986,27
2893,21,19,45,6981,26
2897,20,17,40,6981,27
2901,19,22,46,6947,27
2905,15,16,40,6947,27
2909,12,12,33,6948,29
2913,11,11,36,6948,28
2917,7,15,38,6987,29
2921,5,9,32,6987,29
2925,5,4,30,6989,28
2929,6,13,34,6989,30
2933,7,14,35,7003,31
2937,10,11,34,7003,31
2941,12,15,36,6994,32
2945,15,14,35,6994,33
2949,19,22,45,6993,33
2953,20,21,41,6993,34
2957,23,24,46,6949,34
2961,21,25,46,6949,35
2965,18,24,46,6920,35
2969,17,26,45,6920,37
2973,11,22,42,6918,37
2977,10,23,40,6918,39
2981,10,21,43,6918,38
2985,3,19,36,6918,40
2989,-3,14,32,6928,41
2993,-1,19,37,6928,42
2997,-1,18,35,6957,43
3001,-5,13,32,6957,42
3005,-1,17,31,6959,45
3009,4,23,39,6959,46
3013,4,18,33,6966,48
3017,4,24,36,6966,51
3021,11,27,41,6966,52
3025,4,26,40,6966,53
3029,1,27,41,6937,54
3033,1,21,33,6937,55
3037,2,26,37,6929,57
3041,0,28,38,6929,59
3045,-6,21,31,6932,60
3049,-3,26,35,6932,62
3053,-5,21,31,6950,63
3057,-5,25,31,6950,66
3061,-5,26,34,6970,67
3065,-3,25,31,6970,69
3069,-5,24,33,6975,69
3073,-8,21,26,6975,71
3077,-5,25,30,6980,73
3081,-5,21,27,6980,74
3085,-6,24,27,6992,77
3089,-6,24,30,6992,77
3093,-4,25,26,6986,80
3097,-4,26,28,6986,82
3101,-8,20,22,6993,83
3105,-6,22,26,6993,83
3109,-4,27,26,7012,86
3113,-7,22,21,7012,88
3117,-8,28,25,7004,91
3121,-6,25,23,7004,92
3125,-5,28,24,7003,95
3129,0,32,29,7003,96
3133,3,31,27,6998,98
3137,0,31,27,6998,99
3141,0,27,24,6988,99
3145,3,32,27,6988,100
3149,1,28,22,6994,102
3153,-6,31,23,6994,105
3157,-8,24,19,7002,105
3161,-8,28,17,7002,109
3165,-10,22,12,7012,111
3169,-11,17,9,7012,112
3173,-9,25,16,7050,113
3177,-5,23,15,7050,113
3181,-3,28,16,7041,116
3185,0,26,16,7041,117
3189,5,27,16,7040,118
3193,13,37,24,7040,120
3197,15,40,29,7025,120
3201,16,40,26,7025,122
3205,14,36,25,6985,122
3209,14,36,22,6985,124
3213,12,39,24,6994,126
3217,11,40,26,6994,127
3221,8,36,22,6968,128
3225,5,37,22,6968,129
3229,5,35,18,6976,131
3233,4,32,15,6976,132
3237,0,35,20,6987,132
3241,3,30,14,6987,133
3245,6,34,19,6993,133
3249,9,39,23,6993,133
3253,8,36,20,7000,134
3257,14,43,26,7000,135
3261,17,43,27,6967,135
3265,7,41,22,6967,137
3269,12,41,23,6952,138
3273,21,50,32,6952,139
3277,12,44,23,6937,141
3281,9,42,25,6937,140
3285,15,45,27,6929,140
3289,15,47,29,6929,140
3293,7,40,22,6923,140
3297,7,42,24,6923,140
3301,11,47,28,6939,141
3305,5,45,25,6939,142
3309,5,42,22,6901,143
3313,6,45,23,6901,145
3317,6,41,21,6933,145
3321,10,46,26,6933,145
3325,8,46,27,6936,145
3329,9,52,34,6936,144
3333,15,53,35,6891,143
3337,19,58,38,6891,143
3341,15,57,38,6833,143
3345,10,54,36,6833,142
3349,12,56,38,6809,141
3353,8,53,36,6809,140
3357,-1,47,31,6810,139
3361,3,49,34,6810,137
3365,0,50,36,6854,135
3369,-3,47,34,6854,133
3373,-6,43,31,6844,131
3377,1,47,35,6844,129
3381,-1,43,34,6872,126
3385,0,44,34,6872,124
3389,0,47,38,6879,122
3393,-8,39,32,6879,119
3397,3,45,39,6875,116
3401,2,44,38,6875,114
3405,-1,45,41,6867,111
3409,-6,40,35,6867,110
3413,-1,45,43,6871,107
3417,0,49,46,6871,105
3421,-3,43,43,6834,102
3425,-9,37,36,6834,100
3429,-9,39,39,6860,98
3433,-8,35,39,6860,94
3437,-7,34,36,6895,92
3441,-11,33,36,6895,90
3445,-11,34,39,6922,87
3449,-4,36,41,6922,85
3453,-1,40,46,6917,83
3457,-4,40,46,6917,81
3461,-13,35,42,6871,79
3465,4,42,51,6871,76
3469,1,41,52,6880,73
3473,-4,36,45,6880,72
3477,-3,36,50,6844,68
3481,4,42,57,6844,64
3485,3,45,57,6847,63
3489,-7,32,49,6847,59
3493,-6,35,49,6829,58
3497,-4,38,52,6829,57
3501,-11,32,49,6852,54
3505,-15,29,47,6852,51
3509,-17,25,47,6884,47
3513,-15,28,46,6884,46
3517,-16,25,47,6910,43
3521,-20,18,39,6910,41
3525,-12,23,45,6934,39
3529,-6,29,49,6934,39
3533,-10,25,48,6944,37
3537,-1,32,54,6944,36
3541,6,34,55,6919,36
3545,3,31,57,6919,33
3549,-1,32,54,6878,33
3553,7,39,60,6878,34
3557,8,39,65,6861,31
3561,-1,35,58,6861,31
3565,-2,35,58,6834,31
3569,4,39,62,6834,31
3573,-17,20,43,6843,31
3577,-17,24,47,6843,31
3581,-10,22,47,6927,30
3585,-7,25,49,6927,30
3589,-14,25,49,6945,30
3593,1,30,54,6945,29
3597,4,29,52,6927,29
3601,-1,27,51,6927,29
3605,0,34,56,6920,30
3609,5,33,56,6920,30
3613,9,43,63,6898,32
3617,0,31,55,6898,31
3621,-1,31,55,6861,30
3625,7,39,59,6861,32
3629,1,30,52,6890,32
3633,-3,32,56,6890,31
3637,7,40,61,6905,32
3641,8,37,58,6905,33
3645,5,36,58,6871,33
3649,6,42,64,6871,33
3653,5,38,58,6864,34
3657,7,38,62,6864,33
3661,6,42,58,6869,37
3665,-5,33,53,6869,38
3669,-9,30,50,6875,38
3673,-6,34,49,6875,41
3677,-6,33,48,6936,44
3681,-14,27,43,6936,45
3685,-10,30,43,6948,48
3689,0,36,51,6948,49
3693,2,39,51,6963,52
3697,6,43,53,6963,55
3701,7,45,54,6915,58
3705,14,51,59,6915,61
3709,17,54,63,6865,63
3713,8,50,56,6865,66
3717,6,50,55,6824,69
3721,8,50,58,6824,70
3725,0,50,56,6838,72
3729,-7,40,45,6838,74
3733,-11,42,44,6853,77
3737,-9,43,44,6853,80
3741,-12,45,42,6910,85
3745,-1,47,43,6910,90
3749,1,55,47,6915,96
3753,-2,53,42,6915,102
3757,2,56,44,6862,107
3761,12,64,49,6862,113
3765,17,68,54,6840,117
3769,11,68,55,6840,120
3773,4,64,49,6752,123
3777,3,64,46,6752,127
3781,1,67,47,6787,131
3785,-9,58,38,6787,134
3789,-16,56,34,6816,138
3793,-11,57,35,6816,141
3797,-15,53,28,6871,145
3801,-16,53,31,6871,147
3805,-11,56,29,6905,151
3809,-13,60,36,6905,152
3813,-9,62,33,6882,156
3817,-5,62,34,6882,159
3821,1,64,36,6865,161
3825,1,73,44,6865,163
3829,-2,68,39,6856,165
3833,-5,62,35,6856,165
3837,2,66,37,6909,166
3841,0,68,38,6909,167
3845,0,66,36,6901,168
3849,-4,65,37,6901,168
3853,-3,65,34,6881,170
3857,3,67,36,6881,171
3861,2,71,38,6890,173
3865,3,70,36,6890,175
3869,7,75,43,6891,176
3873,8,75,42,6891,177
3877,8,73,40,6882,178
3881,6,77,41,6882,180
3885,9,80,47,6892,180
3889,13,81,48,6892,180
3893,4,74,40,6879,181
3897,-2,72,39,6879,181
3901,2,77,43,6909,182
3905,0,73,39,6909,182
3909,-4,68,34,6897,182
3913,-6,65,30,6897,183
3917,0,71,37,6927,183
3921,0,68,36,6927,182
3925,-8,67,32,6913,183
3929,-3,72,38,6913,183
3933,6,75,41,6923,183
3937,13,79,44,6923,183
3941,14,78,45,6903,182
3945,14,82,49,6903,182
3949,7,82,46,6889,183
3953,12,79,43,6889,184
3957,19,86,53,6882,183
3961,11,86,50,6882,184
3965,3,78,43,6867,184
3969,8,83,50,6867,183
3973,8,81,47,6885,183
3977,0,79,44,6885,184
3981,1,77,42,6880,184
3985,1,79,45,6880,184
3989,-2,75,39,6889,185
3993,-6,75,38,6889,187
3997,-1,74,40,6902,186
4001,-1,77,42,6902,186
4005,0,76,39,6889,187
4009,7,84,46,6889,188
4013,13,90,54,6899,188
4017,8,84,48,6899,188
4021,18,94,58,6871,188
4025,29,100,69,6871,188
4029,24,100,65,6823,187
4033,9,92,58,6823,186
4037,3,90,56,6798,185
4041,2,91,56,6798,185
4045,3,86,54,6824,183
4049,-7,81,48,6824,182
4053,-4,84,50,6824,182
4057,-19,73,41,6824,181
4061,-18,70,35,6851,182
4065,0,83,48,6851,183
4069,-1,84,48,6898,184
4073,15,93,55,6898,186
4077,20,99,63,6844,187
4081,19,100,64,6844,189
4085,18,100,62,6796,190
4089,24,100,69,6796,191
4093,15,100,66,6777,191
4097,13,100,71,6777,191
4101,4,100,65,6786,191
4105,-7,89,52,6786,191
4109,0,98,62,6826,190
4113,0,99,60,6826,191
4117,-9,86,51,6815,190
4121,-11,84,50,6815,188
4125,-4,93,58,6889,187
4129,1,92,56,6889,187
4133,-1,91,57,6842,186
4137,-5,94,58,6842,187
4141,14,100,67,6824,186
4145,11,100,66,6824,186
4149,6,100,69,6805,185
4153,8,100,69,6805,186
4157,21,100,79,6809,186
4161,20,100,79,6809,187
4165,1,100,70,6812,188
4169,-3,100,67,6812,187
4173,5,100,69,6845,189
4177,6,100,70,6845,189
4181,-11,98,63,6833,188
4185,-6,96,59,6833,189
4189,-4,100,64,6860,190
4193,-10,96,58,6860,191
4197,-7,97,59,6851,192
4201,11,100,73,6851,195
4205,18,100,78,6861,197
4209,17,100,76,6861,200
4213,21,100,77,6824,206
4217,29,100,87,6824,211
4221,22,100,81,6841,217
4225,17,100,83,6841,220
4229,13,100,75,6832,221
4233,8,100,77,6832,221
4237,6,100,82,6833,217
4241,0,100,72,6833,212
4245,-14,100,68,6835,205
4249,6,100,80,6835,199
4253,1,100,73,6857,198
4257,-3,100,73,6857,198
4261,14,100,83,6850,198
4265,30,100,95,6850,197
4269,13,100,90,6842,194
4273,20,100,95,6842,191
4277,31,100,100,6851,188
4281,20,100,100,6851,182
4285,17,100,100,6838,175
4289,20,100,100,6838,169
4293,13,100,100,6834,167
4297,0,100,89,6834,167
4301,6,100,96,6852,166
4305,10,100,99,6852,163
4309,11,100,100,6844,158
4313,2,100,98,6844,154
4317,9,100,100,6843,147
4321,15,100,100,6843,141
4325,14,100,100,6841,135
4329,18,100,100,6841,129
4333,23,100,100,6852,123
4337,31,100,100,6852,116
4341,25,100,100,6851,108
4345,28,100,100,6851,102
4349,24,100,100,6870,96
4353,28,100,100,6870,90
4357,33,100,100,6861,84
4361,19,100,100,6861,78
4365,13,100,100,6870,72
4369,19,100,100,6870,65
4373,22,100,100,6870,59
4377,18,100,100,6870,54
4381,15,100,100,6861,54
4385,30,100,100,6861,53
4389,42,100,100,6865,54
4393,48,100,100,6865,55
4397,61,100,100,6863,58
4401,56,100,100,6863,59
4405,58,100,100,6861,59
4409,55,100,100,6861,56
4413,46,100,100,6851,54
4417,45,100,100,6851,51
4421,44,100,100,6859,48
4425,40,100,100,6859,45
4429,21,100,100,6852,40
4433,33,100,100,6852,35
4437,43,100,100,6851,29
4441,46,100,100,6851,26
4445,50,100,100,6851,22
4449,50,100,100,6851,22
4453,56,100,100,6855,20
4457,59,100,100,6855,19
4461,54,100,100,6861,18
4465,60,100,100,6861,16
4469,61,100,100,6855,16
4473,55,100,100,6855,15
4477,64,100,100,6860,14
4481,60,100,100,6860,13
4485,67,100,100,6851,13
4489,74,100,100,6851,13
4493,75,100,100,6867,13
4497,87,100,100,6867,13
4501,90,100,100,6861,13
4505,89,100,100,6861,13
4509,93,100,100,6869,12
4513,97,100,100,6869,13
4517,99,100,100,6851,13
4521,85,100,100,6851,13
4525,85,100,100,6851,13
4529,96,100,100,6851,12
4533,80,100,100,6843,13
4537,87,100,100,6843,13
4541,104,100,100,6842,14
4545,92,100,100,6842,14
4549,89,100,100,6843,13
4553,109,100,100,6843,13
4557,122,100,100,6842,12
4561,114,100,100,6842,13
4565,122,100,100,6843,12
4569,127,100,100,6843,12
4573,135,100,100,6834,12
4577,141,100,100,6834,11
4581,142,100,100,6840,11
4585,143,100,100,6840,11
4589,132,100,100,6837,10
4593,153,100,100,6837,11
4597,160,100,100,6837,9
4601,150,100,100,6837,10
4605,162,100,100,6833,9
4609,190,100,100,6833,10
4613,197,100,100,6814,10
4617,180,100,100,6814,9
4621,203,100,100,6820,8
4625,199,100,100,6820,10
4629,192,100,100,6815,9
4633,208,100,100,6815,9
4637,207,100,100,6814,10
4641,231,100,100,6814,9
4645,240,100,100,6822,9
4649,248,100,100,6822,9
4653,275,100,100,6814,9
4657,307,100,100,6814,9
4661,362,100,100,6836,9
4665,399,100,100,6836,10
4669,419,100,100,6841,8
4673,407,100,100,6841,9
4677,432,100,100,6861,8
4681,411,100,100,6861,8
4685,405,100,100,6871,9
4689,412,100,100,6871,8
4693,392,100,100,6879,8
4697,394,100,100,6879,7
4701,404,100,100,6891,6
4705,403,100,100,6891,7
4709,418,100,100,6892,6
4713,422,100,100,6892,6
4717,498,100,100,6890,4
4721,498,100,100,6890,4
4725,498,100,100,6891,4
4729,498,100,100,6891,3
4733,498,100,100,6889,3
4737,498,100,100,6889,2
4741,498,100,100,6900,1
4745,498,100,100,6900,0
4749,498,100,100,6916,0
4753,498,100,100,6916,0
4757,498,100,100,6917,0
4761,498,100,100,6917,0
4765,498,100,100,6916,0
4769,498,100,100,6916,0
4773,398,100,100,6929,0
4777,4,100,100,6929,0
4781,-449,100,100,6915,0
4785,-233,100,100,6915,0
4789,134,100,100,6916,0
4793,252,100,100,6916,0
4797,350,100,100,6916,0
4801,375,100,100,6916,0
4805,216,100,100,6922,0
4809,182,100,100,6922,0
4813,206,100,100,6929,0
4817,245,100,100,6929,0
4821,228,100,100,6935,0
4825,208,100,100,6935,0
4829,197,100,100,6954,0
4833,208,100,100,6954,0
4837,227,100,100,6937,0
4841,221,100,100,6937,0
4845,216,100,100,6933,0
4849,241,100,100,6933,0
4853,219,100,100,6937,0
4857,185,100,100,6937,0
4861,212,100,100,6940,0
4865,190,100,100,6940,0
4869,216,100,100,6947,0
4873,216,100,100,6947,0
4877,194,100,100,6945,0
4881,218,100,100,6945,0
4885,227,100,100,6954,0
4889,214,100,100,6954,0
4893,227,100,100,6963,0
4897,303,100,100,6963,0
4901,312,100,100,6963,0
4905,-42,100,100,6963,0
4909,-98,100,100,6959,0
4913,43,100,100,6959,0
4917,54,100,100,6960,0
4921,-9,100,100,6960,0
4925,58,100,100,6962,0
4929,29,100,100,6962,0
4933,29,100,100,6959,0
4937,-19,100,100,6959,0
4941,4,100,100,6967,0
4945,24,100,100,6967,0
4949,15,100,100,6964,0
4953,-115,100,100,6964,0
4957,-127,100,100,6976,0
4961,-79,100,100,6976,0
4965,-38,100,100,6977,0
4969,-23,100,100,6977,0
4973,-21,100,100,6975,0
4977,-3,100,100,6975,0
4981,3,100,100,6974,0
4985,6,100,100,6974,0
4989,-26,100,100,6974,0
4993,11,100,100,6974,0
4997,72,100,100,6975,0
5001,37,100,100,6975,0
5005,3,100,100,6975,0
5009,19,100,100,6975,0
5013,-7,100,100,6983,0
5017,5,100,100,6983,0
5021,11,100,100,6983,0
5025,-15,100,100,6983,0
5029,-26,100,100,6981,0
5033,-29,100,100,6981,0
5037,-36,100,100,6980,0
5041,-28,100,100,6980,0
5045,-27,100,100,6983,0
5049,12,100,100,6983,0
5053,3,100,100,6991,0
5057,-38,100,100,6991,0
5061,-46,100,100,6986,0
5065,-19,100,100,6986,0
5069,-16,100,100,6982,0
5073,-2,100,100,6982,0
5077,2,100,100,6975,0
5081,-20,100,100,6975,0
5085,1,100,100,6976,0
5089,7,100,100,6976,0
5093,7,100,100,6985,0
5097,9,100,100,6985,0
5101,32,100,100,6984,0
5105,24,100,100,6984,0
5109,-17,100,100,6993,0
5113,-53,100,100,6993,0
5117,-67,100,100,6992,0
5121,-32,100,100,6992,0
5125,-44,100,100,6993,0
5129,-55,100,100,6993,0
5133,-25,100,100,7001,0
5137,-51,100,100,7001,0
5141,-31,100,100,6993,0
5145,-31,100,100,6993,0
5149,-29,100,100,6991,0
5153,-21,100,100,6991,0
5157,-47,100,100,6995,0
5161,-50,100,100,6995,0
5165,-39,100,100,6992,0
5169,-32,100,100,6992,0
5173,-35,100,100,6985,0
5177,-46,100,100,6985,0
5181,-47,100,100,6984,0
5185,-44,100,100,6984,0
5189,-36,100,100,7000,0
5193,-33,100,100,7000,0
5197,-33,100,100,6999,0
5201,-38,100,100,6999,0
5205,-43,100,100,6997,0
5209,-62,100,100,6997,0
5213,-59,100,100,6997,0
5217,-46,100,100,6997,0
5221,-47,100,100,6997,0
5225,-53,100,100,6997,0
5229,-55,100,100,6999,0
5233,-65,100,100,6999,0
5237,-59,100,100,6994,0
5241,-66,100,100,6994,0
5245,-67,100,100,6992,0
5249,-63,100,100,6992,0
5253,-71,100,100,6997,0
5257,-70,100,100,6997,0
5261,-78,100,100,6999,0
5265,-77,100,100,6999,0
5269,-76,100,100,7000,0
5273,-78,100,100,7000,0
5277,-80,100,100,7000,0
5281,-90,100,100,7000,0
5285,-93,100,100,6991,0
5289,-94,100,100,6991,0
5293,-91,100,100,6991,0
5297,-101,100,100,6991,0
5301,-103,100,100,6996,0
5305,-104,100,100,6996,0
5309,-109,100,100,6995,0
5313,-115,100,100,6995,0
5317,-123,100,100,6998,0
5321,-118,100,100,6998,0
5325,-124,100,100,7000,0
5329,-128,100,100,7000,0
5333,-133,100,100,6984,0
5337,-146,100,100,6984,0
5341,-144,100,100,6991,0
5345,-151,100,100,6991,0
5349,-151,100,100,6992,0
5353,-160,100,100,6992,0
5357,-168,100,100,6983,0
5361,-171,100,100,6983,0
5365,-184,100,100,6991,0
5369,-176,100,100,6991,0
5373,-188,100,100,6998,0
5377,-190,100,100,6998,0
5381,-205,100,100,6991,0
5385,-210,100,100,6991,0
5389,-213,100,100,6995,0
5393,-226,100,100,6995,0
5397,-227,100,100,6997,0
5401,-242,100,100,6997,0
5405,-242,100,100,7010,0
5409,-255,100,100,7010,0
5413,-263,100,100,7002,0
5417,-267,100,100,7002,0
5421,-268,100,100,7001,0
5425,-291,100,100,7001,0
5429,-295,100,100,7019,0
5433,-340,100,100,7019,0
5437,253,100,100,6984,0
5441,275,100,100,6984,0
5445,260,100,100,6965,0
5449,39,100,100,6965,0
5453,12,100,100,6964,0
5457,18,100,100,6964,0
5461,24,100,100,6974,0
5465,101,100,100,6974,0
5469,122,100,100,6983,0
5473,83,100,100,6983,0
5477,6,100,100,6991,0
5481,-68,100,100,6991,0
5485,-114,100,100,6984,0
5489,-214,100,100,6984,0
5493,-245,100,100,6979,0
5497,-59,100,100,6979,0
5501,181,100,100,6986,1
5505,192,100,100,6986,0
5509,151,100,100,6974,0
5513,97,100,100,6974,0
5517,78,100,100,6974,0
5521,-35,100,100,6974,1
5525,7,100,100,6964,0
5529,13,100,100,6964,0
5533,-9,100,100,6967,0
5537,-20,100,100,6967,0
5541,-42,100,100,6979,0
5545,-36,100,100,6979,0
5549,-39,100,100,6974,0
5553,-39,100,100,6974,0
5557,115,100,100,6974,0
5561,167,100,100,6974,0
5565,92,100,100,6983,0
5569,62,100,100,6983,0
5573,98,100,100,6981,0
5577,47,100,100,6981,0
5581,38,100,100,6974,0
5585,23,100,100,6974,0
5589,5,10システムクロック時刻,ジャイロ角速度,左PWM,右PWM,電圧,13,184
10,2,36,-35,7721,146
10,2,9,-8,7721,146
13,1,8,-9,7733,146
17,2,9,-8,7527,146
21,0,8,-11,7534,147
25,2,3,-13,7358,146
29,2,5,-13,7361,147
33,3,6,-13,7293,148
37,3,5,-11,7292,147
41,4,4,-16,7302,149
45,3,2,-14,7300,148
49,4,4,-13,7300,148
53,4,6,-14,7300,149
57,4,0,-16,7320,148
61,15,10,-9,7318,149
65,12,5,-13,7356,149
69,14,8,-10,7354,149
73,20,10,-9,7404,150
77,26,15,-2,7401,149
81,22,11,-6,7497,148
85,21,13,-5,7491,148
89,15,7,-11,7589,148
93,12,3,-14,7590,148
97,18,9,-8,7570,147
101,17,11,-7,7570,147
105,11,4,-12,7600,146
109,12,2,-13,7599,145
113,17,7,-8,7599,144
117,12,3,-13,7600,144
121,10,3,-12,7600,143
125,19,7,-9,7599,143
129,18,8,-6,7599,142
133,11,6,-8,7598,141
137,19,9,-6,7628,141
141,23,14,-2,7627,141
145,11,4,-11,7645,141
149,14,7,-7,7643,140
153,16,6,-8,7703,140
157,9,3,-10,7702,139
161,14,5,-10,7722,139
165,15,3,-10,7722,138
169,7,1,-13,7712,138
173,12,5,-9,7713,138
177,9,0,-11,7713,136
181,6,1,-13,7711,136
185,14,3,-10,7739,136
189,9,1,-11,7740,135
193,8,-1,-13,7702,134
197,28,12,0,7709,133
201,16,6,-3,7563,131
205,3,-3,-14,7568,130
209,14,5,-6,7420,130
213,20,9,0,7428,128
217,17,5,-4,7252,127
221,14,5,-4,7254,126
225,12,0,-7,7216,124
229,12,2,-5,7216,123
233,-1,-4,-12,7196,122
237,-5,-8,-14,7197,120
241,1,-7,-15,7167,120
245,-3,-9,-16,7167,119
249,-1,-6,-16,7149,120
253,-1,-10,-20,7149,121
257,-1,-9,-18,7139,121
261,-1,-9,-16,7140,120
265,-3,-9,-19,7130,121
269,4,-4,-13,7130,121
273,5,-7,-17,7120,122
277,2,-8,-17,7120,122
281,6,-5,-14,7120,122
285,8,-6,-16,7120,123
289,12,-3,-11,7130,122
293,12,-1,-10,7129,122
297,13,1,-9,7139,123
301,13,-4,-10,7137,121
305,11,-7,-14,7175,120
309,12,-5,-11,7175,119
313,14,-5,-13,7157,119
317,12,-5,-12,7157,118
321,12,-3,-10,7165,118
325,14,-5,-12,7161,118
329,16,-2,-8,7269,117
333,17,-2,-11,7271,118
337,19,-4,-11,7193,118
341,20,0,-8,7197,118
345,21,2,-4,7139,118
349,20,0,-7,7138,118
353,22,4,-4,7148,119
357,22,0,-5,7148,118
361,23,4,-3,7148,118
365,23,5,0,7148,117
369,27,5,0,7158,116
373,27,9,1,7157,117
377,29,7,2,7165,116
381,28,10,3,7165,116
385,29,14,5,7157,117
389,29,14,9,7158,116
393,28,17,9,7138,117
397,27,13,5,7139,118
401,28,15,8,7119,118
405,27,17,9,7119,118
409,26,18,9,7119,119
413,26,19,10,7119,120
417,25,19,11,7109,120
421,23,19,10,7109,121
425,22,19,9,7099,122
429,23,25,15,7100,123
433,25,26,16,7090,123
437,27,27,18,7091,123
441,31,31,19,7053,125
445,34,38,26,7055,126
449,35,38,28,7015,126
453,36,45,31,7018,128
457,36,48,37,6940,128
461,35,51,39,6944,129
465,36,50,40,6828,128
469,33,52,39,6838,129
473,18,49,37,6768,129
477,15,44,37,6767,126
481,12,43,35,6729,124
485,5,41,36,6729,121
489,1,39,38,6739,116
493,4,38,39,6741,111
497,6,41,45,6769,105
501,4,40,48,6769,98
505,12,46,57,6741,91
509,18,53,63,6739,86
513,6,44,60,6641,78
517,0,38,58,6651,70
521,-8,37,58,6573,63
525,-24,24,46,6564,57
529,-29,20,46,6592,50
533,-40,14,38,6590,46
537,-45,5,30,6728,42
541,-52,2,23,6724,42
545,-61,-9,12,6850,41
549,-56,-2,20,6847,40
553,-54,-7,16,6985,38
557,-55,-9,15,6986,36
561,-38,-4,23,6986,33
565,-21,4,31,6979,31
569,-4,18,46,6989,29
573,9,25,54,6991,27
577,14,33,62,6931,26
581,20,41,70,6934,25
585,19,36,64,6828,25
589,10,34,63,6831,24
593,6,36,62,6771,25
597,5,31,60,6770,24
601,8,37,65,6770,24
605,-4,25,54,6773,23
609,-15,18,49,6773,21
613,-16,19,48,6766,21
617,-20,11,41,6884,20
621,-18,14,43,6883,20
625,-15,18,44,6931,22
629,-20,9,38,6937,22
633,-20,10,39,6937,22
637,-14,16,43,6936,23
641,-10,14,42,6976,23
645,-8,17,45,6968,23
649,0,20,47,6958,24
653,7,26,55,6959,23
657,13,29,57,6939,23
661,18,36,63,6950,24
665,11,30,57,6882,24
669,10,32,60,6876,24
673,9,34,61,6836,24
677,5,33,60,6845,25
681,-1,31,56,6817,26
685,0,31,58,6808,26
689,0,33,58,6818,27
693,-4,29,56,6818,27
697,-7,24,48,6808,29
701,-7,29,53,6815,30
705,-6,29,53,6873,31
709,-8,23,47,6873,32
713,-12,26,48,6853,34
717,-8,28,49,6850,36
721,-12,26,45,6890,39
725,-14,29,46,6883,42
729,-11,28,48,6893,43
733,-9,33,52,6901,44
737,-7,35,49,6901,48
741,0,39,52,6895,52
745,1,38,53,6865,54
749,1,43,55,6867,57
753,0,47,58,6837,60
757,-4,43,51,6839,64
761,-9,42,51,6781,67
765,-5,45,49,6786,72
769,-6,47,49,6816,77
773,-11,41,43,6807,81
777,-16,40,41,6797,85
781,-11,48,42,6805,92
785,-11,43,39,6863,96
789,-16,48,40,6863,102
793,-18,43,34,6863,107
797,-17,43,36,6853,109
801,-16,47,34,6863,115
805,-17,46,34,6869,119
809,-19,46,32,6879,123
813,-9,54,37,6879,128
817,-7,52,34,6889,133
821,-17,48,27,6885,138
825,-17,50,26,6835,144
829,-11,58,35,6835,148
833,-8,61,35,6885,153
837,-7,57,31,6888,157
841,-12,55,28,6800,160
845,-9,59,29,6798,164
849,-9,62,35,6846,165
853,-11,60,33,6846,166
857,-13,58,30,6828,168
861,-14,58,27,6829,171
865,-11,60,28,6857,174
869,-15,55,25,6861,175
873,-16,58,28,6871,176
877,-15,58,26,6862,178
881,-14,52,22,6862,178
885,-14,52,22,6870,178
889,-17,51,18,6900,180
893,-13,57,25,6894,181
897,-9,54,22,6922,182
901,-9,55,22,6921,183
905,-7,61,27,6921,184
909,-3,63,29,6924,185
913,-4,55,26,6916,183
917,3,68,33,6913,185
921,1,64,33,6941,184
925,0,65,31,6947,185
929,-2,58,26,6927,185
933,-2,65,29,6923,187
937,5,63,30,6943,187
941,-1,65,31,6944,188
945,-11,52,20,6916,187
949,1,66,32,6915,188
953,-1,60,25,6963,189
957,-2,64,30,6958,189
961,4,63,29,6938,189
965,10,68,34,6938,189
969,5,67,31,6910,190
973,-1,63,28,6912,190
977,11,67,32,6912,190
981,14,76,40,6919,191
985,12,75,39,6927,192
989,17,75,38,6919,193
993,21,85,48,6901,194
997,10,77,41,6911,194
1001,3,72,37,6881,193
1005,15,81,44,6873,194
1009,12,79,43,6921,194
1013,5,74,39,6920,193
1017,7,77,39,6872,194
1021,9,78,42,6876,194
1025,2,73,37,6886,194
1029,0,71,35,6887,194
1033,8,77,40,6897,195
1037,12,84,48,6895,195
1041,5,79,43,6895,195
1045,2,77,39,6900,196
1049,14,83,49,6870,194
1053,13,88,52,6863,194
1057,8,85,47,6853,195
1061,22,89,52,6856,195
1065,15,90,54,6836,195
1069,7,89,52,6834,195
1073,11,84,51,6816,193
1077,17,93,59,6817,192
1081,9,91,59,6817,190
1085,5,82,49,6818,189
1089,4,86,53,6768,188
1093,-4,83,51,6770,187
1097,7,87,56,6810,185
1101,12,94,63,6808,184
1105,6,94,61,6788,184
1109,1,90,61,6798,182
1113,8,97,68,6760,180
1117,16,99,72,6754,178
1121,14,100,74,6744,176
1125,8,99,71,6742,175
1129,10,96,71,6742,172
1133,-4,86,65,6749,168
1137,-13,80,60,6767,164
1141,1,86,65,6760,162
1145,-1,89,70,6838,159
1149,-3,88,69,6840,156
1153,-3,85,65,6792,155
1157,0,87,70,6796,152
1161,6,97,80,6796,150
1165,13,100,85,6788,148
1169,13,100,88,6798,144
1173,8,97,87,6798,139
1177,2,92,84,6798,134
1181,-3,92,86,6804,129
1185,-8,82,76,6814,125
1189,2,91,90,6813,119
1193,12,99,94,6861,117
1197,1,89,89,6856,112
1201,-7,84,82,6818,110
1205,8,97,99,6814,106
1209,22,100,100,6862,101
1213,7,93,99,6873,96
1217,5,90,100,6825,90
1221,12,99,100,6818,85
1225,3,91,100,6828,80
1229,-2,85,100,6828,74
1233,-1,84,100,6836,69
1237,5,87,100,6841,65
1241,-6,82,100,6851,61
1245,-6,81,99,6848,58
1249,-8,77,98,6838,54
1253,2,87,100,6842,51
1257,4,86,100,6852,47
1261,20,96,100,6844,43
1265,26,100,100,6844,40
1269,23,100,100,6851,39
1273,24,100,100,6841,37
1277,23,100,100,6837,34
1281,21,100,100,6847,32
1285,18,100,100,6845,30
1289,18,100,100,6835,27
1293,6,95,100,6835,25
1297,-10,86,100,6835,23
1301,9,98,100,6835,23
1305,12,98,100,6865,22
1309,9,98,100,6865,19
1313,19,100,100,6845,18
1317,19,100,100,6849,17
1321,15,100,100,6859,16
1325,31,100,100,6854,15
1329,43,100,100,6854,15
1333,36,100,100,6858,14
1337,30,100,100,6858,14
1341,35,100,100,6855,13
1345,43,100,100,6845,13
1349,26,100,100,6842,12
1353,16,100,100,6842,13
1357,25,100,100,6846,12
1361,17,100,100,6846,12
1365,11,100,100,6843,12
1369,29,100,100,6843,11
1373,28,100,100,6849,11
1377,19,100,100,6859,11
1381,23,100,100,6858,12
1385,33,100,100,6858,11
1389,42,100,100,6861,12
1393,51,100,100,6871,12
1397,54,100,100,6863,12
1401,51,100,100,6863,12
1405,44,100,100,6861,12
1409,62,100,100,6861,12
1413,70,100,100,6869,12
1417,47,100,100,6859,12
1421,43,100,100,6852,12
1425,51,100,100,6862,12
1429,48,100,100,6871,11
1433,55,100,100,6861,12
1437,45,100,100,6861,12
1441,46,100,100,6851,12
1445,50,100,100,6845,12
1449,60,100,100,6855,13
1453,68,100,100,6858,12
1457,64,100,100,6858,13
1461,59,100,100,6852,13
1465,72,100,100,6852,12
1469,81,100,100,6855,13
1473,90,100,100,6855,12
1477,89,100,100,6852,13
1481,79,100,100,6852,13
1485,81,100,100,6852,13
1489,93,100,100,6842,13
1493,92,100,100,6851,13
1497,86,100,100,6851,13
1501,86,100,100,6844,13
1505,86,100,100,6844,13
1509,100,100,100,6851,13
1513,102,100,100,6851,13
1517,104,100,100,6844,12
1521,106,100,100,6844,13
1525,110,100,100,6848,13
1529,119,100,100,6838,15
1533,125,100,100,6841,16
1537,120,100,100,6841,15
1541,118,100,100,6837,16
1545,124,100,100,6837,17
1549,132,100,100,6833,17
1553,144,100,100,6825,18
1557,142,100,100,6834,20
1561,137,100,100,6834,21
1565,144,100,100,6827,21
1569,160,100,100,6827,26
1573,164,100,100,6825,31
1577,161,100,100,6815,37
1581,173,100,100,6823,44
1585,182,100,100,6813,48
1589,194,100,100,6806,53
1593,197,100,100,6806,58
1597,197,100,100,6806,64
1601,204,100,100,6806,72
1605,206,100,100,6811,80
1609,218,100,100,6801,86
1613,235,100,100,6799,90
1617,240,100,100,6809,92
1621,248,100,100,6813,88
1625,275,100,100,6833,85
1629,310,100,100,6833,80
1633,352,100,100,6833,77
1637,396,100,100,6832,72
1641,390,100,100,6850,68
1645,402,100,100,6846,64
1649,404,100,100,6856,60
1653,400,100,100,6860,57
1657,399,100,100,6870,55
1661,407,100,100,6864,54
1665,405,100,100,6874,49
1669,403,100,100,6870,45
1673,409,100,100,6880,40
1677,422,100,100,6883,36
1681,428,100,100,6893,31
1685,445,100,100,6894,28
1689,470,100,100,6894,26
1693,470,100,100,6899,18
1697,470,100,100,6889,11
1701,498,100,100,6879,8
1705,498,100,100,6889,4
1709,498,100,100,6890,2
1713,498,100,100,6900,1
1717,498,100,100,6903,1
1721,498,100,100,6913,0
1725,498,100,100,6913,0
1729,498,100,100,6913,0
1733,498,100,100,6917,0
1737,498,100,100,6925,0
1741,498,100,100,6915,0
1745,498,100,100,6935,0
1749,-289,100,100,6935,0
1753,-495,100,100,6935,0
1757,-495,100,100,6938,0
1761,111,100,100,6948,0
1765,127,100,100,6952,0
1769,397,100,100,6942,0
1773,414,100,100,6939,0
1777,183,100,100,6939,0
1781,102,100,100,6945,0
1785,114,100,100,6945,0
1789,196,100,100,6935,0
1793,206,100,100,6945,0
1797,199,100,100,6951,0
1801,163,100,100,6951,0
1805,155,100,100,6945,0
1809,161,100,100,6945,0
1813,176,100,100,6953,0
1817,174,100,100,6963,0
1821,170,100,100,6964,0
1825,202,100,100,6964,0
1829,196,100,100,6955,0
1833,186,100,100,6955,0
1837,156,100,100,6963,0
1841,159,100,100,6963,0
1845,163,100,100,6964,0
1849,166,100,100,6974,0
1853,173,100,100,6965,0
1857,186,100,100,6965,0
1861,200,100,100,6964,0
1865,199,100,100,6964,0
1869,281,100,100,6964,0
1873,286,100,100,6964,0
1877,256,100,100,6965,0
1881,220,100,100,6965,0
1885,117,100,100,6969,0
1889,51,100,100,6969,0
1893,154,100,100,6974,0
1897,118,100,100,6964,0
1901,114,100,100,6956,0
1905,146,100,100,6956,0
1909,125,100,100,6960,0
1913,72,100,100,6970,0
1917,76,100,100,6973,0
1921,53,100,100,6983,0
1925,22,100,100,6983,0
1929,16,100,100,6983,0
1933,12,100,100,6977,0
1937,-4,100,100,6987,0
1941,-33,100,100,6986,0
1945,-66,100,100,6986,0
1949,-41,100,100,6988,0
1953,-43,100,100,6978,0
1957,-62,100,100,6974,0
1961,-89,100,100,6974,0
1965,-111,100,100,6975,0
1969,-91,100,100,6975,0
1973,-45,100,100,6974,0
1977,-84,100,100,6974,0
1981,-112,100,100,6974,0
1985,-48,100,100,6984,0
1989,-35,100,100,6992,0
1993,-18,100,100,6982,0
1997,1,100,100,6983,0
2001,33,100,100,6983,0
2005,11,100,100,6976,0
2009,9,100,100,6976,0
2013,6,100,100,6980,0
2017,-27,100,100,6980,0
2021,-13,100,100,6974,0
2025,-7,100,100,6974,0
2029,0,100,100,6979,0
2033,15,100,100,6979,0
2037,6,100,100,6975,0
2041,0,100,100,6985,0
2045,-1,100,100,6986,0
2049,2,100,100,6976,0
2053,8,100,100,6983,0
2057,-9,100,100,6993,0
2061,10,100,100,6989,0
2065,5,100,100,6989,0
2069,-13,100,100,6984,0
2073,-16,100,100,6984,0
2077,-30,100,100,6993,0
2081,-48,100,100,6993,0
2085,-48,100,100,6984,0
2089,-66,100,100,6984,0
2093,-25,100,100,6990,0
2097,-4,100,100,6990,0
2101,-17,100,100,6990,0
2105,-23,100,100,6990,0
2109,-36,100,100,6985,0
2113,-51,100,100,6985,0
2117,-51,100,100,6993,0
2121,-50,100,100,6993,0
2125,-53,100,100,6987,0
2129,-50,100,100,6987,0
2133,-38,100,100,6985,0
2137,-33,100,100,6985,0
2141,-36,100,100,6984,0
2145,-44,100,100,6984,0
2149,-36,100,100,6986,0
2153,-37,100,100,6986,0
2157,-57,100,100,6990,0
2161,-64,100,100,6990,0
2165,-57,100,100,6986,0
2169,-53,100,100,6986,0
2173,-63,100,100,6991,0
2177,-61,100,100,6991,0
2181,-60,100,100,6987,0
2185,-64,100,100,6987,0
2189,-66,100,100,6987,0
2193,-66,100,100,6987,0
2197,-66,100,100,6987,0
2201,-74,100,100,6987,0
2205,-73,100,100,6990,0
2209,-67,100,100,6990,0
2213,-66,100,100,6990,0
2217,-68,100,100,6990,0
2221,-69,100,100,6989,0
2225,-59,100,100,6997,0
2229,-78,100,100,7001,0
2233,-79,100,100,7001,0
2237,-88,100,100,6994,0
2241,-97,100,100,6994,0
2245,-98,100,100,6992,0
2249,-107,100,100,6992,0
2253,-102,100,100,6992,0
2257,-106,100,100,6992,0
2261,-108,100,100,6994,0
2265,-112,100,100,6994,0
2269,-118,100,100,7000,0
2273,-119,100,100,7000,0
2277,-123,100,100,6995,0
2281,-125,100,100,6995,0
2285,-136,100,100,6991,0
2289,-136,100,100,6991,0
2293,-140,100,100,7000,0
2297,-146,100,100,7000,0
2301,-146,100,100,6991,0
2305,-155,100,100,6991,0
2309,-156,100,100,6992,0
2313,-169,100,100,6992,0
2317,-173,100,100,7000,0
2321,-172,100,100,7000,0
2325,-184,100,100,6995,0
2329,-185,100,100,6995,0
2333,-203,100,100,6993,0
2337,-199,100,100,6993,0
2341,-206,100,100,6999,0
2345,-214,100,100,6999,0
2349,-216,100,100,6993,0
2353,-239,100,100,6993,0
2357,-233,100,100,6991,0
2361,-245,100,100,6991,0
2365,-252,100,100,6991,1
2369,-259,100,100,6991,0
2373,-277,100,100,6999,0
2377,-279,100,100,6999,0
2381,-294,100,100,6991,1
2385,-296,100,100,7001,1
2389,-325,100,100,7001,2
2393,236,100,100,6973,1
2397,293,100,100,6979,0
2401,187,100,100,6979,1
2405,-10,100,100,6976,0
2409,66,100,100,6966,0
2413,-21,100,100,6967,1
2417,28,100,100,6967,1
2421,81,100,100,6970,1
2425,106,100,100,6970,0
2429,127,100,100,6964,0
2433,73,100,100,6974,0
2437,-106,100,100,6983,1
2441,-168,100,100,6983,0
2445,-237,100,100,6974,2
2449,-184,100,100,6974,2
2453,39,100,100,6974,1
2457,136,100,100,6974,1
2461,56,100,100,6981,1
2465,35,100,100,6981,0
2469,31,100,100,6974,0
2473,32,100,100,6964,0
2477,-50,100,100,6974,2
2481,-22,100,100,6974,1
2485,18,100,100,6973,1
2489,80,100,100,6973,0
2493,66,100,100,6969,0
2497,3,100,100,6969,1
2501,-24,100,100,6973,1
2505,-31,100,100,6973,1
2509,-48,100,100,6965,0
2513,-48,100,100,6975,1
2517,0,100,100,6975,0
2521,22,100,100,6975,1
2525,27,100,100,6983,0
2529,64,100,100,6983,1
2533,23,100,100,6983,1
2537,5,100,100,6983,0
2541,-9,100,100,6974,0
2545,-43,100,100,6974,0
2549,-39,100,100,6983,0
2553,-9,100,100,6983,1
2557,12,100,100,6975,0
2561,19,100,100,6975,0
2565,7,100,100,6974,0
2569,3,100,100,6974,1
2573,7,100,100,6974,1
2577,-5,100,100,6984,0
2581,-6,100,100,6992,1
2585,1,100,100,6982,1
2589,-4,100,100,6974,1
2593,4,100,100,6974,0
2597,2,100,100,6980,0
2601,2,100,100,6980,0
2605,7,100,100,6975,0
2609,7,100,100,6975,1
2613,4,100,100,6982,1
2617,-4,100,100,6982,0
2621,-15,100,100,6981,0
2625,-4,100,100,6991,1
2629,-3,100,100,6984,0
2633,6,100,100,6984,1
2637,-5,100,100,6988,1
2641,12,100,100,6978,1
2645,0,100,100,6979,0
2649,7,100,100,6989,0
2653,1,100,100,6993,1
2657,-5,100,100,6993,1
2661,2,100,100,6992,0
2665,-4,100,100,6992,1
2669,2,100,100,6993,0
2673,3,100,100,6993,1
2677,-1,100,100,6993,0
2681,1,100,100,6993,1
2685,-5,100,100,6984,1
2689,-1,100,100,6984,0
2693,-2,100,100,6987,1
2697,3,100,100,6987,1
2701,5,100,100,6985,2
2705,-6,100,100,6985,1
2709,2,100,100,6988,1
2713,-3,100,100,6988,0
2717,5,100,100,6987,0
2721,-2,100,100,6987,0
2725,1,100,100,6989,1
2729,4,100,100,6989,1
2733,-8,100,100,6985,0
2737,6,100,100,6985,1
2741,0,100,100,6991,0
2745,10,100,100,6991,1
2749,5,100,100,6985,0
2753,7,100,100,6985,1
2757,8,100,100,6987,1
2761,12,100,100,6987,1
2765,20,100,100,6987,0
2769,19,100,100,6987,1
2773,11,100,100,6992,1
2777,7,100,100,6992,0
2781,-5,100,100,6984,1
2785,14,100,100,6984,1
2789,8,100,100,6986,1
2793,12,100,100,6986,1
2797,10,100,100,6987,1
2801,11,100,100,6987,0
2805,5,100,100,6992,0
2809,1,100,100,6992,0
2813,6,100,100,6984,1
2817,0,100,100,6984,0
2821,6,100,100,6991,1
2825,-1,100,100,6991,1
2829,4,100,100,6993,0
2833,4,100,100,6993,1
2837,-2,100,100,6993,0
2841,7,100,100,6993,1
2845,1,100,100,6992,0
2849,5,100,100,6992,0
2853,0,100,100,6987,1
2857,-10,100,100,6987,1
2861,-4,100,100,6988,1
2865,-14,100,100,6988,0
2869,-10,100,100,6984,1
2873,-10,100,100,6984,1
2877,1,100,100,6993,1
2881,8,100,100,6993,1
2885,-2,100,100,6992,0
2889,-9,100,100,6992,1
2893,0,100,100,6992,0
2897,0,100,100,6982,0
2901,-1,100,100,6977,1
2905,7,100,100,6987,0
2909,6,100,100,6983,1
2913,1,100,100,6973,0
2917,4,100,100,6977,0
2921,-6,100,100,6977,1
2925,-6,100,100,6983,0
2929,-7,100,100,6983,0
2933,-12,100,100,6979,1
2937,-9,100,100,6989,1
2941,-15,100,100,6984,0
2945,-17,100,100,6974,1
2949,-15,100,100,6981,0
2953,-13,100,100,6991,1
2957,-6,100,100,6983,0
2961,-9,100,100,6983,1
2965,-5,100,100,6986,0
2969,-5,100,100,6986,1
2973,-3,100,100,6990,0
2977,-5,100,100,6990,1
2981,-6,100,100,6987,0
2985,-4,100,100,6987,1
2989,-6,100,100,6992,0
2993,1,100,100,6992,1
2997,5,100,100,6983,1
3001,23,100,100,6983,1
3005,20,100,100,6989,1
3009,24,100,100,6989,1
3013,13,100,100,6984,1
3017,-5,100,100,6974,1
3021,-12,100,100,6975,1
3025,-10,100,100,6985,1
3029,-12,100,100,6992,0
3033,-11,100,100,6982,1
3037,6,100,100,6973,1
3041,8,100,100,6973,1
3045,10,100,100,6983,1
3049,8,100,100,6993,1
3053,-3,100,100,6984,2
3057,-9,100,100,6974,0
3061,-6,100,100,6982,0
3065,-9,100,100,6982,1
3069,-2,100,100,6980,0
3073,2,100,100,6990,0
3077,7,100,100,6985,1
3081,5,100,100,6975,1
3085,0,100,100,6981,1
3089,6,100,100,6991,1
3093,0,100,100,6983,1
3097,-5,100,100,6983,1
3101,1,100,100,6989,1
3105,6,100,100,6989,0
3109,4,100,100,6984,1
3113,0,100,100,6984,1
3117,0,100,100,6987,0
3121,-3,100,100,6987,0
3125,0,100,100,6987,1
3129,-5,100,100,6987,0
3133,5,100,100,6987,1
3137,1,100,100,6987,0
3141,-2,100,100,6992,1
3145,2,100,100,6992,1
3149,-1,100,100,6985,0
3153,4,100,100,6985,1
3157,3,100,100,6992,1
3161,-2,100,100,6982,1
3165,6,100,100,6974,0
3169,-3,100,100,6974,1
3173,3,100,100,6978,1
3177,-4,100,100,6978,0
3181,6,100,100,6982,0
3185,1,100,100,6982,1
3189,-5,100,100,6977,1
3193,4,100,100,6987,1
3197,-6,100,100,6983,0
3201,6,100,100,6983,1
3205,-1,100,100,6987,0
3209,2,100,100,6987,1
3213,0,100,100,6991,1
3217,-1,100,100,6991,0
3221,3,100,100,6991,1
3225,-4,100,100,6981,1
3229,2,100,100,6973,1
3233,-1,100,100,6983,1
3237,2,100,100,6990,1
3241,4,100,100,6990,1
3245,-5,100,100,6984,1
3249,6,100,100,6984,0
3253,-2,100,100,6984,1
3257,3,100,100,6984,2
3261,2,100,100,6991,1
3265,-36,100,100,6991,1
3269,11,100,100,6992,1
3273,-5,100,100,6992,1
3277,2,100,100,6986,1
3281,-4,100,100,6986,0
3285,1,100,100,6984,0
3289,0,100,100,6984,0
3293,2,100,100,6983,1
3297,6,100,100,6983,1
3301,9,100,100,6992,1
3305,13,100,100,6992,0
3309,5,100,100,6983,1
3313,8,100,100,6983,1
3317,4,100,100,6984,0
3321,-4,100,100,6974,1
3325,5,100,100,6973,1
3329,-1,100,100,6973,0
3333,12,100,100,6975,1
3337,5,100,100,6985,1
3341,-2,100,100,6988,1
3345,6,100,100,6988,1
3349,-1,100,100,6985,1
3353,2,100,100,6985,1
3357,-3,100,100,6987,1
3361,2,100,100,6987,1
3365,4,100,100,6983,0
3369,1,100,100,6983,1
3373,6,100,100,6986,1
3377,0,100,100,6976,0
3381,8,100,100,6980,1
3385,2,100,100,6990,1
3389,1,100,100,6983,1
3393,0,100,100,6983,0
3397,-2,100,100,6989,0
3401,-1,100,100,6989,1
3405,-2,100,100,6987,1
3409,7,100,100,6977,1
3413,0,100,100,6973,1
3417,6,100,100,6973,1
3421,6,100,100,6973,1
3425,0,100,100,6973,1
3429,5,100,100,6982,1
3433,-2,100,100,6982,1
3437,4,100,100,6979,0
3441,1,100,100,6969,0
3445,4,100,100,6965,1
3449,5,100,100,6965,0
3453,-1,100,100,6963,1
3457,4,100,100,6973,0
3461,-2,100,100,6975,1
3465,-6,100,100,6975,1
3469,-1,100,100,6974,2
3473,-4,100,100,6974,1
3477,4,100,100,6980,0
3481,-2,100,100,6980,0
3485,3,100,100,6975,0
3489,2,100,100,6975,0
3493,2,100,100,6978,1
3497,2,100,100,6978,1
3501,-4,100,100,6978,1
3505,1,100,100,6988,1
3509,-5,100,100,6987,1
3513,0,100,100,6987,1
3517,2,100,100,6985,1
3521,1,100,100,6975,1
3525,0,100,100,6975,1
3529,-8,100,100,6975,1
3533,0,100,100,6979,1
3537,-4,100,100,6979,1
3541,3,100,100,6976,0
3545,0,100,100,6976,1
3549,2,100,100,6973,0
3553,4,100,100,6973,1
3557,-2,100,100,6978,1
3561,5,100,100,6978,1
3565,-1,100,100,6978,0
3569,1,100,100,6978,1
3573,2,100,100,6974,0
3577,1,100,100,6974,0
3581,7,100,100,6974,1
3585,-10,100,100,6974,0
3589,-7,100,100,6977,1
3593,3,100,100,6977,0
3597,2,100,100,6982,1
3601,5,100,100,6982,0
3605,-1,100,100,6982,0
3609,9,100,100,6982,1
3613,2,100,100,6975,0
3617,5,100,100,6975,1
3621,2,100,100,6975,1
3625,-7,100,100,6985,0
3629,0,100,100,6984,1
3633,-5,100,100,6974,1
3637,-1,100,100,6973,0
3641,2,100,100,6973,2
3645,2,100,100,6974,0
3649,7,100,100,6974,1
3653,5,100,100,6975,1
3657,4,100,100,6985,1
3661,4,100,100,6984,1
3665,-5,100,100,6974,1
3669,-5,100,100,6973,1
3673,-6,100,100,6973,1
3677,1,100,100,6973,0
3681,-8,100,100,6973,0
3685,3,100,100,6973,1
3689,5,100,100,6973,1
3693,22,100,100,6973,0
3697,-29,100,100,6973,1
3701,85,100,100,6976,1
3705,-26,100,100,6976,1
3709,-55,100,100,6978,1
3713,-14,100,100,6978,0
3717,0,100,100,6979,1
3721,-5,100,100,6979,1
3725,2,100,100,6977,0
3729,2,100,100,6977,1
3733,6,100,100,6973,2
3737,-2,100,100,6973,0
3741,-6,100,100,6974,1
3745,9,100,100,6974,0
3749,8,100,100,6982,1
3753,6,100,100,6982,0
3757,-1,100,100,6973,1
3761,7,100,100,6973,1
3765,9,100,100,6974,1
3769,13,100,100,6974,0
3773,5,100,100,6973,1
3777,5,100,100,6973,1
3781,7,100,100,6973,1
3785,3,100,100,6973,1
3789,2,100,100,6980,1
3793,5,100,100,6980,1
3797,3,100,100,6973,1
3801,2,100,100,6973,1
3805,15,100,100,6982,1
3809,24,100,100,6982,1
3813,13,100,100,6982,0
3817,11,100,100,6982,1
3821,11,100,100,6977,0
3825,18,100,100,6977,1
3829,18,100,100,6975,0
3833,25,100,100,6965,1
3837,39,100,100,6973,0
3841,52,100,100,6973,1
3845,38,100,100,6973,0
3849,-5,100,100,6973,1
3853,10,100,100,6966,0
3857,9,100,100,6966,0
3861,9,100,100,6963,1
3865,12,100,100,6963,1
3869,3,100,100,6972,0
3873,7,100,100,6972,1
3877,5,100,100,6973,0
3881,-3,100,100,6973,1
3885,-3,100,100,6968,1
3889,-11,100,100,6968,0
3893,3,100,100,6963,0
3897,-12,100,100,6963,1
3901,3,100,100,6964,1
3905,3,100,100,6964,0
3909,-17,100,100,6972,0
3913,-7,100,100,6972,1
3917,-18,100,100,6967,1
3921,-21,100,100,6967,1
3925,-20,100,100,6966,1
3929,-25,100,100,6966,1
3933,-10,100,100,6964,1
3937,-8,100,100,6964,1
3941,-7,100,100,6963,0
3945,-14,100,100