システムクロック時刻,ジャイロ角速度,左PWM,右PWM,電圧,10,172,91
10,-53,-8,-59,7588,117,,
10,-53,-34,-40,7588,115,,
13,-15,-10,-23,7588,117,,
17,35,19,9,7410,117,,
21,-10,-7,-16,7410,117,,
25,5,0,-6,7326,116,,
29,-24,-17,-26,7326,116,,
33,-4,-12,-17,7291,114,,
37,-2,-7,-18,7291,115,,
41,-3,-9,-16,7309,114,,
45,2,-5,-13,7309,114,,
49,1,-6,-13,7307,113,,
53,-7,-9,-20,7307,114,,
57,-6,-9,-19,7324,115,,
61,-1,-7,-16,7324,115,,
65,3,-9,-16,7334,114,,
69,-7,-13,-24,7334,115,,
73,-11,-21,-30,7372,115,,
77,12,-7,-12,7372,113,,
81,2,-10,-19,7381,113,,
85,-9,-22,-28,7381,112,,
89,-10,-20,-30,7417,113,,
93,-5,-21,-30,7417,113,,
97,-5,-24,-33,7371,113,,
101,-5,-28,-34,7371,112,,
105,-2,-27,-35,7400,112,,
109,-4,-29,-39,7400,113,,
113,-17,-45,-51,7408,112,,
117,-10,-38,-44,7408,111,,
121,6,-29,-36,7305,111,,
125,15,-28,-34,7305,110,,
129,19,-24,-31,7343,110,,
133,42,-12,-19,7343,110,,
137,42,-8,-15,7391,110,,
141,51,-4,-11,7391,110,,
145,61,-1,-2,7502,107,,
149,54,0,-3,7502,106,,
153,46,-6,-8,7586,104,,
157,64,4,1,7586,103,,
161,60,7,3,7614,103,,
165,53,0,0,7614,101,,
169,59,9,6,7651,101,,
173,59,9,5,7651,101,,
177,61,18,14,7681,101,,
181,56,18,13,7681,102,,
185,57,16,13,7652,101,,
189,55,23,17,7652,102,,
193,50,20,16,7652,102,,
197,37,13,9,7652,102,,
201,49,24,24,7531,100,,
205,43,19,21,7531,97,,
209,31,17,17,7353,96,,
213,26,18,16,7353,96,,
217,31,24,22,7194,96,,
221,34,28,26,7194,96,,
225,10,18,18,6988,95,,
229,25,29,26,6988,96,,
233,14,21,21,6913,95,,
237,-1,9,10,6913,94,,
241,-8,9,8,6835,94,,
245,-9,10,9,6835,94,,
249,-10,6,5,6892,94,,
253,-15,6,2,6892,95,,
257,-20,2,1,6882,95,,
261,-19,6,0,6882,98,,
265,-15,8,3,6939,99,,
269,-18,7,0,6939,101,,
273,-15,6,-3,7002,104,,
277,-11,13,5,7002,106,,
281,-12,7,0,7022,107,,
285,-10,17,3,7022,111,,
289,-2,14,7,7021,111,,
293,-1,19,6,7021,114,,
297,-2,12,4,7021,114,,
301,-5,18,5,7021,116,,
305,-5,13,1,7031,117,,
309,-9,10,0,7031,117,,
313,-9,9,1,7050,116,,
317,-14,5,0,7050,114,,
321,-9,1,0,7059,110,,
325,-6,2,-4,7059,110,,
329,-8,0,0,7097,106,,
333,-8,-4,-3,7097,103,,
337,-12,-4,-5,7209,101,,
341,0,0,-1,7209,100,,
345,7,4,8,7134,96,,
349,10,10,10,7134,95,,
353,16,12,12,7069,94,,
357,17,11,11,7069,93,,
361,19,13,18,7051,90,,
365,22,16,16,7051,90,,
369,21,14,15,7031,90,,
373,23,15,15,7031,90,,
377,20,12,13,7011,90,,
381,19,18,13,7011,93,,
385,17,19,16,7011,94,,
389,13,18,16,7011,94,,
393,11,15,11,6992,95,,
397,12,11,12,6992,94,,
401,11,10,7,6992,95,,
405,10,11,11,6992,94,,
409,8,8,7,7002,94,,
413,11,12,13,7002,93,,
417,15,17,18,7002,92,,
421,12,13,13,7002,92,,
425,12,16,14,6975,93,,
429,14,14,15,6975,92,,
433,13,16,16,6965,92,,
437,13,18,18,6965,92,,
441,13,20,20,6955,92,,
445,14,22,22,6955,92,,
449,14,19,18,6936,92,,
453,14,20,21,6936,91,,
457,13,21,21,6927,91,,
461,11,23,19,6927,93,,
465,12,23,22,6909,93,,
469,11,19,17,6909,94,,
473,7,22,21,6899,94,,
477,4,20,19,6899,94,,
481,3,19,18,6899,94,,
485,-2,15,14,6899,94,,
489,-7,11,10,6909,94,,
493,-9,13,12,6909,94,,
497,-8,5,8,6945,92,,
501,-8,10,11,6945,91,,
505,-6,15,15,6964,91,,
509,0,11,14,6964,89,,
513,6,18,23,6945,87,,
517,6,18,22,6945,86,,
521,5,16,21,6925,84,,
525,7,17,22,6925,83,,
529,9,21,28,6916,81,,
533,9,25,31,6916,80,,
537,8,18,24,6899,79,,
541,5,19,27,6899,77,,
545,3,21,28,6890,76,,
549,2,23,29,6890,76,,
553,0,15,19,6879,77,,
557,-1,16,23,6879,76,,
561,-5,16,22,6909,76,,
565,-7,17,21,6909,77,,
569,-8,11,18,6908,76,,
573,-9,15,16,6908,78,,
577,-11,13,17,6915,78,,
581,-9,11,14,6915,79,,
585,-7,9,12,6935,80,,
589,-7,10,16,6935,79,,
593,-6,13,17,6954,79,,
597,0,17,24,6954,78,,
601,5,17,24,6944,77,,
605,5,20,25,6944,77,,
609,5,17,24,6915,76,,
613,4,19,25,6915,76,,
617,5,20,28,6916,75,,
621,6,19,25,6916,75,,
625,5,18,28,6898,73,,
629,3,21,26,6898,74,,
633,3,21,28,6899,74,,
637,4,22,30,6899,73,,
641,4,20,25,6898,74,,
645,-2,17,23,6898,74,,
649,-4,16,22,6899,74,,
653,0,20,25,6899,75,,
657,0,19,27,6915,74,,
661,-3,15,18,6915,76,,
665,-3,15,20,6908,76,,
669,2,19,25,6908,76,,
673,5,21,28,6935,75,,
677,5,24,26,6935,77,,
681,4,18,24,6907,77,,
685,10,24,29,6907,77,,
689,10,26,30,6915,78,,
693,9,25,32,6915,77,,
697,7,26,30,6889,78,,
701,10,33,38,6889,78,,
705,9,31,38,6879,77,,
709,4,26,27,6879,79,,
713,6,26,31,6831,79,,
717,5,26,30,6831,79,,
721,8,34,36,6869,80,,
725,6,29,37,6869,78,,
729,6,31,34,6840,79,,
733,7,31,35,6840,79,,
737,4,27,34,6831,78,,
741,5,35,36,6831,80,,
745,5,33,35,6840,81,,
749,3,29,35,6840,80,,
753,0,33,34,6823,82,,
757,1,33,32,6823,84,,
761,0,33,36,6830,84,,
765,1,34,33,6830,86,,
769,3,38,38,6822,87,,
773,4,36,36,6822,88,,
777,4,40,39,6803,89,,
781,6,40,37,6803,91,,
785,4,36,34,6794,92,,
789,6,47,42,6794,94,,
793,9,43,44,6803,93,,
797,8,46,45,6803,93,,
801,-4,36,33,6748,94,,
805,-9,39,36,6748,95,,
809,-3,42,41,6775,95,,
813,-3,39,35,6775,96,,
817,-7,37,34,6754,97,,
821,-2,41,39,6754,97,,
825,4,49,49,6803,96,,
829,-2,43,37,6803,98,,
833,1,49,48,6718,97,,
837,7,51,45,6718,99,,
841,8,57,52,6708,100,,
845,5,54,50,6708,100,,
849,1,56,53,6644,100,,
853,-3,46,45,6644,99,,
857,-4,50,49,6610,98,,
861,-5,51,52,6610,96,,
865,-7,47,49,6661,94,,
869,-16,38,41,6661,92,,
873,-16,42,42,6653,92,,
877,-13,46,46,6653,92,,
881,-15,48,43,6719,94,,
885,-12,40,39,6719,94,,
889,-8,47,44,6688,95,,
893,-9,48,46,6688,95,,
897,-17,44,42,6711,95,,
901,-8,46,45,6711,95,,
905,-9,49,45,6717,96,,
909,-15,47,41,6717,98,,
913,-16,45,43,6706,98,,
917,-12,50,45,6706,99,,
921,-19,46,39,6732,101,,
925,-19,44,41,6732,101,,
929,-13,49,44,6738,102,,
933,-16,45,44,6738,100,,
937,-22,41,39,6739,99,,
941,-17,44,41,6739,99,,
945,-11,47,46,6784,98,,
949,-12,45,46,6784,96,,
953,-16,43,43,6761,95,,
957,-11,46,46,6761,94,,
961,-6,48,51,6775,92,,
965,-6,53,55,6775,91,,
969,-30,35,37,6741,90,,
973,-23,38,40,6741,89,,
977,-9,45,49,6798,87,,
981,-18,39,41,6798,87,,
985,-30,29,32,6792,86,,
989,-17,40,46,6792,84,,
993,-12,42,46,6871,83,,
997,-17,37,42,6871,82,,
1001,-16,38,41,6821,82,,
1005,-15,38,40,6821,83,,
1009,-9,41,44,6851,83,,
1013,-8,40,45,6851,82,,
1017,-13,36,41,6839,81,,
1021,-7,43,51,6839,79,,
1025,0,47,54,6859,78,,
1029,-5,49,54,6859,78,,
1033,-11,42,49,6793,77,,
1037,-13,40,45,6793,77,,
1041,-14,39,42,6811,78,,
1045,-9,38,47,6811,76,,
1049,-15,35,39,6857,77,,
1053,-14,33,40,6857,76,,
1057,-16,35,42,6869,75,,
1061,-12,38,42,6869,76,,
1065,-9,36,45,6885,74,,
1069,-11,40,45,6885,75,,
1073,-16,29,37,6877,74,,
1077,-11,31,39,6877,73,,
1081,-8,33,40,6907,73,,
1085,-4,35,43,6907,72,,
1089,-4,36,43,6897,72,,
1093,-4,36,43,6897,72,,
1097,4,46,53,6889,72,,
1101,6,45,56,6889,70,,
1105,2,45,51,6836,71,,
1109,-4,39,47,6836,71,,
1113,2,44,50,6803,72,,
1117,5,45,52,6803,72,,
1121,1,42,49,6839,72,,
1125,-5,39,44,6839,73,,
1129,3,49,54,6823,74,,
1133,7,51,56,6823,75,,
1137,4,48,54,6795,75,,
1141,2,42,48,6795,75,,
1145,-2,39,45,6757,75,,
1149,6,47,49,6757,77,,
1153,4,44,50,6831,77,,
1157,0,42,47,6831,77,,
1161,1,48,52,6810,78,,
1165,2,48,52,6810,78,,
1169,3,48,53,6795,78,,
1173,-2,45,48,6795,79,,
1177,-6,46,49,6782,80,,
1181,-4,47,47,6782,82,,
1185,-5,44,47,6803,82,,
1189,-4,46,44,6803,85,,
1193,-1,47,45,6831,87,,
1197,0,52,50,6831,89,,
1201,5,54,53,6825,90,,
1205,9,56,55,6825,91,,
1209,10,59,54,6775,94,,
1213,7,61,56,6775,96,,
1217,1,58,50,6738,99,,
1221,-1,55,48,6738,101,,
1225,0,56,46,6745,104,,
1229,4,55,51,6745,104,,
1233,-4,60,52,6755,106,,
1237,-5,57,48,6755,108,,
1241,0,58,50,6728,109,,
1245,2,63,55,6728,110,,
1249,1,61,52,6743,111,,
1253,-8,55,50,6743,110,,
1257,-9,54,45,6703,111,,
1261,-4,61,50,6703,113,,
1265,-8,55,44,6766,114,,
1269,-13,50,37,6766,116,,
1273,-11,57,47,6757,116,,
1277,-7,56,47,6757,116,,
1281,-6,60,49,6766,117,,
1285,-12,53,41,6766,118,,
1289,3,66,54,6748,119,,
1293,5,64,54,6748,119,,
1297,1,66,52,6749,121,,
1301,3,65,52,6749,122,,
1305,4,73,60,6739,123,,
1309,1,67,55,6739,123,,
1313,-2,68,54,6717,124,,
1317,-12,57,44,6717,124,,
1321,-12,63,49,6739,125,,
1325,-10,61,46,6739,126,,
1329,-13,58,45,6789,126,,
1333,-17,51,38,6789,126,,
1337,-23,55,38,6804,128,,
1341,-17,52,38,6804,128,,
1345,-20,46,32,6851,128,,
1349,-11,56,37,6851,131,,
1353,-9,61,46,6887,131,,
1357,-1,64,47,6887,132,,
1361,8,68,51,6830,133,,
1365,14,75,58,6830,134,,
1369,15,74,58,6775,134,,
1373,7,75,61,6775,133,,
1377,5,71,57,6740,132,,
1381,4,71,59,6740,130,,
1385,0,69,58,6733,128,,
1389,-8,60,48,6733,127,,
1393,-9,61,49,6722,126,,
1397,-14,59,46,6722,126,,
1401,-23,52,39,6785,126,,
1405,-26,49,36,6785,126,,
1409,-22,47,34,6831,126,,
1413,-12,54,41,6831,126,,
1417,-8,56,46,6892,124,,
1421,-5,58,41,6892,126,,
1425,5,70,57,6847,126,,
1429,4,67,52,6847,127,,
1433,0,67,51,6782,128,,
1437,6,69,51,6782,130,,
1441,8,75,62,6769,129,,
1445,8,72,59,6769,128,,
1449,3,70,58,6739,127,,
1453,-2,61,53,6739,124,,
1457,6,70,59,6743,123,,
1461,3,71,67,6743,119,,
1465,-10,60,51,6737,118,,
1469,-8,55,50,6737,115,,
1473,-5,64,57,6758,114,,
1477,-11,60,53,6758,113,,
1481,-21,47,42,6760,111,,
1485,-9,54,52,6760,108,,
1489,0,61,59,6829,106,,
1493,-5,59,56,6829,105,,
1497,-9,54,49,6761,105,,
1501,-2,65,60,6761,105,,
1505,2,68,62,6802,105,,
1509,0,62,57,6802,105,,
1513,7,69,65,6708,104,,
1517,-2,63,62,6708,102,,
1521,-11,62,60,6697,101,,
1525,-11,54,57,6697,98,,
1529,-11,49,52,6718,95,,
1533,-17,53,51,6718,95,,
1537,-20,46,51,6793,92,,
1541,-8,55,58,6793,90,,
1545,-24,38,42,6814,88,,
1549,-26,42,45,6814,87,,
1553,-8,47,53,6851,85,,
1557,-7,53,59,6851,83,,
1561,-10,46,53,6841,81,,
1565,-5,55,62,6841,79,,
1569,3,56,63,6828,78,,
1573,-6,55,63,6828,76,,
1577,-12,48,53,6767,76,,
1581,13,66,71,6767,76,,
1585,5,60,68,6807,75,,
1589,-9,53,57,6807,76,,
1593,3,60,69,6736,74,,
1597,-1,59,65,6736,74,,
1601,-6,50,58,6746,73,,
1605,-11,51,61,6746,71,,
1609,-15,43,52,6785,70,,
1613,-13,50,58,6785,70,,
1617,-21,42,52,6839,69,,
1621,-15,41,50,6839,69,,
1625,-13,47,57,6856,68,,
1629,-9,47,61,6856,65,,
1633,-13,46,56,6844,65,,
1637,-15,43,55,6844,64,,
1641,-7,43,57,6829,62,,
1645,-4,46,59,6829,61,,
1649,-11,41,56,6849,59,,
1653,-9,44,56,6849,59,,
1657,-1,55,67,6852,59,,
1661,-3,46,62,6852,57,,
1665,-17,38,53,6791,56,,
1669,-18,32,47,6791,55,,
1673,-16,37,55,6849,53,,
1677,-20,33,43,6849,55,,
1681,-20,31,45,6880,55,,
1685,-17,33,47,6880,55,,
1689,-16,34,47,6918,55,,
1693,-10,37,53,6918,54,,
1697,-21,27,39,6914,55,,
1701,-13,31,47,6914,54,,
1705,5,42,54,6933,55,,
1709,2,42,55,6933,55,,
1713,7,44,55,6915,56,,
1717,4,43,58,6915,55,,
1721,12,49,59,6884,57,,
1725,15,52,67,6884,56,,
1729,5,44,57,6842,56,,
1733,0,49,60,6842,57,,
1737,0,44,58,6830,56,,
1741,-8,41,54,6830,56,,
1745,-8,37,50,6829,56,,
1749,-9,39,50,6829,57,,
1753,-9,34,47,6873,57,,
1757,-2,44,51,6873,60,,
1761,-3,38,50,6889,60,,
1765,-6,40,48,6889,62,,
1769,3,39,48,6878,63,,
1773,5,38,49,6878,63,,
1777,10,48,54,6893,65,,
1781,3,47,53,6893,67,,
1785,-2,40,49,6855,67,,
1789,3,43,50,6855,68,,
1793,5,47,55,6864,68,,
1797,3,44,52,6864,68,,
1801,-5,41,50,6831,68,,
1805,-2,41,49,6831,68,,
1809,4,43,52,6857,68,,
1813,-1,46,49,6857,71,,
1817,-4,41,45,6855,73,,
1821,4,50,53,6855,75,,
1825,2,48,48,6876,78,,
1829,-2,42,45,6876,79,,
1833,2,50,50,6833,81,,
1837,0,48,46,6833,84,,
1841,-3,47,48,6836,85,,
1845,1,50,46,6836,88,,
1849,0,48,43,6839,91,,
1853,-3,48,46,6839,92,,
1857,1,50,45,6839,94,,
1861,3,49,46,6839,95,,
1865,0,52,46,6832,97,,
1869,-3,49,41,6832,100,,
1873,-2,46,42,6827,100,,
1877,-11,46,35,6827,104,,
1881,-1,49,42,6842,105,,
1885,1,47,44,6842,104,,
1889,-2,52,41,6857,107,,
1893,-7,43,39,6857,106,,
1897,2,48,44,6829,105,,
1901,4,48,45,6829,104,,
1905,0,44,42,6852,103,,
1909,-4,46,42,6852,103,,
1913,-8,41,38,6849,102,,
1917,-4,43,39,6849,102,,
1921,-7,40,34,6875,103,,
1925,-8,43,37,6875,104,,
1929,-10,40,33,6887,105,,
1933,-5,42,35,6887,106,,
1937,-2,42,37,6894,106,,
1941,-10,38,29,6894,108,,
1945,-10,37,28,6888,109,,
1949,-5,39,31,6888,110,,
1953,2,46,33,6914,113,,
1957,-1,42,32,6914,114,,
1961,-1,45,30,6899,117,,
1965,1,44,34,6899,117,,
1969,8,50,38,6905,118,,
1973,4,51,41,6905,118,,
1977,1,49,37,6871,119,,
1981,0,47,37,6871,119,,
1985,-4,44,33,6855,119,,
1989,-1,39,32,6855,117,,
1993,-4,40,28,6879,118,,
1997,-6,38,28,6879,118,,
2001,1,42,32,6915,118,,
2005,2,44,33,6915,118,,
2009,-3,36,26,6903,118,,
2013,-4,37,25,6903,119,,
2017,-5,37,25,6914,120,,
2021,0,42,28,6914,122,,
2025,4,39,29,6919,121,,
2029,5,42,31,6919,121,,
2033,1,37,24,6911,122,,
2037,8,42,33,6911,121,,
2041,13,50,35,6914,123,,
2045,18,50,38,6914,123,,
2049,3,42,30,6876,123,,
2053,-2,35,25,6876,122,,
2057,6,45,29,6886,124,,
2061,5,43,34,6886,122,,
2065,7,44,30,6887,123,,
2069,-4,37,25,6887,123,,
2073,-3,34,24,6871,122,,
2077,12,47,35,6871,122,,
2081,9,43,30,6916,123,,
2085,5,43,31,6916,123,,
2089,5,40,28,6879,123,,
2093,15,51,37,6879,124,,
2097,20,52,40,6887,124,,
2101,7,41,30,6887,123,,
2105,10,47,35,6827,123,,
2109,14,48,36,6827,123,,
2113,14,51,39,6845,123,,
2117,4,41,31,6845,122,,
2121,0,42,30,6819,122,,
2125,6,43,33,6819,121,,
2129,6,47,34,6858,122,,
2133,-1,37,29,6858,120,,
2137,5,46,33,6839,121,,
2141,11,45,38,6839,119,,
2145,12,46,36,6857,119,,
2149,4,43,34,6857,118,,
2153,13,47,39,6825,117,,
2157,9,48,40,6825,116,,
2161,-2,38,30,6813,115,,
2165,3,43,36,6813,114,,
2169,4,42,34,6849,114,,
2173,3,42,37,6849,112,,
2177,-5,36,28,6838,112,,
2181,0,39,35,6838,110,,
2185,10,44,39,6858,109,,
2189,8,41,38,6858,107,,
2193,5,44,38,6832,107,,
2197,2,44,38,6832,107,,
2201,6,43,39,6830,106,,
2205,7,42,38,6830,105,,
2209,3,43,38,6821,105,,
2213,2,43,41,6821,103,,
2217,8,44,43,6821,101,,
2221,9,43,42,6821,100,,
2225,2,40,42,6805,97,,
2229,5,41,40,6805,96,,
2233,2,36,38,6812,94,,
2237,0,37,40,6812,92,,
2241,2,36,39,6829,90,,
2245,-3,35,39,6829,88,,
2249,-5,35,40,6831,86,,
2253,-5,31,37,6831,84,,
2257,0,35,45,6825,80,,
2261,-2,33,39,6825,79,,
2265,0,34,45,6820,76,,
2269,3,38,49,6820,73,,
2273,5,38,47,6830,72,,
2277,10,44,53,6830,71,,
2281,7,36,43,6801,71,,
2285,9,42,47,6801,72,,
2289,8,43,52,6801,71,,
2293,3,40,52,6801,69,,
2297,-5,33,42,6754,69,,
2301,-6,32,46,6754,66,,
2305,-8,26,41,6792,63,,
2309,-19,20,35,6792,61,,
2313,-17,21,38,6822,58,,
2317,-11,20,39,6822,55,,
2321,-16,18,37,6858,52,,
2325,-10,19,37,6858,50,,
2329,-3,27,42,6873,50,,
2333,-3,27,46,6873,48,,
2337,2,26,48,6865,45,,
2341,9,35,54,6865,44,,
2345,2,26,50,6830,41,,
2349,-10,17,38,6830,40,,
2353,-1,24,47,6816,38,,
2357,-3,22,42,6816,38,,
2361,-12,16,40,6842,36,,
2365,-9,21,42,6842,36,,
2369,-7,20,39,6867,37,,
2373,-7,20,43,6867,36,,
2377,-9,17,37,6875,36,,
2381,-2,24,44,6875,36,,
2385,0,22,43,6889,36,,
2389,1,26,46,6889,36,,
2393,2,19,41,6877,35,,
2397,-5,18,39,6877,35,,
2401,1,19,42,6867,34,,
2405,0,19,39,6867,35,,
2409,-5,17,40,6885,34,,
2413,-9,12,35,6885,33,,
2417,-6,14,34,6880,34,,
2421,-7,10,33,6880,33,,
2425,-7,8,32,6904,32,,
2429,-4,14,38,6904,31,,
2433,2,19,38,6909,33,,
2437,3,17,39,6909,33,,
2441,6,18,41,6905,32,,
2445,7,20,40,6905,33,,
2449,8,22,39,6899,35,,
2453,7,19,40,6899,35,,
2457,7,25,44,6894,36,,
2461,5,17,38,6894,36,,
2465,3,20,41,6867,36,,
2469,3,19,40,6867,36,,
2473,7,19,36,6887,38,,
2477,7,14,32,6887,39,,
2481,0,16,32,6896,41,,
2485,4,14,31,6896,42,,
2489,8,17,35,6905,42,,
2493,11,21,37,6905,43,,
2497,11,22,38,6906,44,,
2501,10,19,33,6906,46,,
2505,12,21,38,6887,46,,
2509,13,24,39,6887,47,,
2513,13,22,34,6886,49,,
2517,9,26,38,6886,51,,
2521,9,21,34,6884,52,,
2525,16,30,39,6884,55,,
2529,15,25,36,6877,56,,
2533,12,27,34,6877,59,,
2537,14,30,38,6865,61,,
2541,17,29,37,6865,63,,
2545,16,32,37,6856,66,,
2549,13,33,36,6856,69,,
2553,12,33,37,6842,71,,
2557,15,33,35,6842,74,,
2561,9,32,32,6829,77,,
2565,5,25,27,6829,79,,
2569,7,30,28,6828,82,,
2573,6,30,30,6828,84,,
2577,7,29,26,6861,87,,
2581,7,31,27,6861,90,,
2585,9,40,33,6864,94,,
2589,10,37,30,6864,97,,
2593,9,39,29,6822,101,,
2597,10,42,30,6822,105,,
2601,7,41,28,6829,109,,
2605,7,38,24,6829,113,,
2609,11,42,30,6805,115,,
2613,13,46,31,6805,118,,
2617,14,43,29,6810,120,,
2621,14,50,35,6810,122,,
2625,14,46,32,6783,123,,
2629,13,48,32,6783,125,,
2633,13,53,40,6755,125,,
2637,11,49,32,6755,127,,
2641,5,49,36,6707,127,,
2645,-2,40,24,6707,128,,
2649,-3,44,28,6726,129,,
2653,-1,45,28,6726,130,,
2657,-8,40,21,6772,132,,
2661,-14,32,9,6772,136,,
2665,-8,39,20,6763,137,,
2669,-10,42,21,6763,139,,
2673,-10,37,13,6809,142,,
2677,3,45,22,6809,144,,
2681,6,47,25,6813,145,,
2685,7,49,25,6813,147,,
2689,9,56,32,6762,149,,
2693,10,56,32,6762,150,,
2697,6,53,31,6716,150,,
2701,1,54,30,6716,151,,
2705,-3,45,21,6721,152,,
2709,-5,48,23,6721,153,,
2713,-11,43,16,6757,155,,
2717,-15,37,13,6757,155,,
2721,-15,35,11,6787,155,,
2725,-15,39,13,6787,156,,
2729,-9,40,16,6838,156,,
2733,-11,37,13,6838,156,,
2737,-7,40,14,6828,157,,
2741,-5,44,19,6828,157,,
2745,2,49,22,6838,158,,
2749,5,50,23,6838,159,,
2753,2,46,22,6807,158,,
2757,6,49,24,6807,158,,
2761,7,51,24,6804,159,,
2765,4,48,22,6804,159,,
2769,1,51,23,6801,160,,
2773,1,52,28,6801,159,,
2777,-4,48,22,6800,159,,
2781,-9,43,16,6800,160,,
2785,-7,41,17,6792,159,,
2789,-10,38,13,6792,159,,
2793,-7,40,12,6828,160,,
2797,-5,39,14,6828,160,,
2801,-3,40,14,6865,160,,
2805,-5,38,12,6865,160,,
2809,2,46,22,6865,159,,
2813,-1,43,19,6865,158,,
2817,6,50,21,6846,160,,
2821,6,47,23,6846,159,,
2825,2,44,20,6828,158,,
2829,4,46,19,6828,159,,
2833,7,47,23,6828,158,,
2837,5,51,25,6828,158,,
2841,0,46,21,6829,158,,
2845,-9,37,15,6829,156,,
2849,-10,36,12,6821,156,,
2853,-4,38,15,6821,155,,
2857,-7,35,13,6868,154,,
2861,-2,34,10,6868,154,,
2865,-1,33,13,6885,152,,
2869,9,42,19,6885,152,,
2873,13,45,24,6901,151,,
2877,6,40,21,6901,149,,
2881,8,46,28,6856,147,,
2885,14,51,31,6856,146,,
2889,14,49,34,6820,143,,
2893,3,43,25,6820,142,,
2897,1,35,20,6789,140,,
2901,10,42,27,6789,138,,
2905,7,40,26,6838,136,,
2909,-1,34,21,6838,134,,
2913,-11,27,14,6831,132,,
2917,1,34,22,6831,130,,
2921,1,32,25,6876,126,,
2925,-4,28,21,6876,123,,
2929,1,32,24,6874,121,,
2933,7,33,31,6874,116,,
2937,10,38,32,6870,114,,
2941,11,34,29,6870,112,,
2945,10,38,36,6838,109,,
2949,11,33,34,6838,105,,
2953,17,44,43,6828,103,,
2957,11,30,32,6828,100,,
2961,10,36,38,6779,97,,
2965,9,34,40,6779,93,,
2969,6,33,38,6807,90,,
2973,5,33,36,6807,89,,
2977,4,29,39,6797,84,,
2981,3,29,38,6797,81,,
2985,-6,18,27,6810,78,,
2989,-5,16,31,6810,73,,
2993,2,23,34,6838,71,,
2997,-2,19,34,6838,67,,
3001,-3,18,33,6840,64,,
3005,3,23,37,6840,62,,
3009,8,29,48,6839,58,,
3013,9,26,43,6839,56,,
3017,7,25,44,6785,53,,
3021,8,26,45,6785,51,,
3025,6,24,45,6791,48,,
3029,8,26,46,6791,46,,
3033,13,31,50,6781,45,,
3037,7,22,43,6781,43,,
3041,5,27,47,6741,42,,
3045,6,25,50,6741,39,,
3049,13,32,53,6753,38,,
3053,8,24,46,6753,37,,
3057,4,27,49,6716,36,,
3061,3,24,49,6716,34,,
3065,5,21,45,6729,33,,
3069,6,27,51,6729,32,,
3073,-2,22,44,6749,32,,
3077,-10,14,40,6749,30,,
3081,-3,17,44,6752,28,,
3085,-3,18,42,6752,28,,
3089,-6,14,41,6778,26,,
3093,-3,17,41,6778,26,,
3097,6,26,53,6796,25,,
3101,6,27,51,6796,25,,
3105,5,26,51,6745,25,,
3109,13,26,52,6745,24,,
3113,13,28,53,6739,24,,
3117,7,23,50,6739,23,,
3121,7,28,56,6716,22,,
3125,7,34,58,6716,23,,
3129,0,27,52,6724,23,,
3133,-10,17,45,6724,22,,
3137,-6,19,45,6711,22,,
3141,-4,19,45,6711,22,,
3145,-13,11,37,6773,22,,
3149,-13,11,35,6773,23,,
3153,-3,15,42,6811,22,,
3157,0,26,53,6811,21,,
3161,1,22,45,6820,23,,
3165,7,29,55,6820,23,,
3169,12,33,56,6791,24,,
3173,15,34,59,6791,24,,
3177,11,32,55,6726,25,,
3181,10,36,59,6726,26,,
3185,9,34,58,6699,26,,
3189,3,28,53,6699,26,,
3193,-3,24,46,6682,27,,
3197,-7,25,47,6682,28,,
3201,-14,17,39,6754,29,,
3205,-13,17,36,6754,31,,
3209,-7,17,40,6801,31,,
3213,-8,21,41,6801,32,,
3217,-9,25,40,6835,36,,
3221,4,32,47,6835,39,,
3225,5,34,53,6820,39,,
3229,7,36,50,6820,42,,
3233,9,34,53,6753,42,,
3237,17,45,61,6753,43,,
3241,19,45,62,6751,44,,
3245,9,37,55,6751,44,,
3249,5,38,56,6670,44,,
3253,1,41,53,6670,47,,
3257,-3,34,48,6687,48,,
3261,-8,34,45,6687,51,,
3265,-16,24,36,6724,53,,
3269,-20,19,29,6724,55,,
3273,-16,28,37,6790,57,,
3277,-17,25,30,6790,61,,
3281,-21,20,23,6824,65,,
3285,-11,29,31,6824,69,,
3289,-5,33,38,6874,71,,
3293,4,40,38,6874,76,,
3297,7,45,43,6828,80,,
3301,7,49,45,6828,84,,
3305,10,49,44,6776,88,,
3309,6,51,43,6776,93,,
3313,0,43,37,6738,96,,
3317,-1,43,31,6738,101,,
3321,-3,44,32,6762,105,,
3325,-5,40,27,6762,109,,
3329,-16,38,27,6782,111,,
3333,-15,37,20,6782,116,,
3337,-10,44,23,6810,122,,
3341,-12,43,23,6810,126,,
3345,-8,41,22,6800,129,,
3349,0,52,26,6800,135,,
3353,5,45,25,6815,137,,
3357,7,51,30,6815,139,,
3361,9,57,33,6782,142,,
3365,6,51,30,6782,143,,
3369,1,54,27,6734,147,,
3373,-4,50,27,6734,148,,
3377,-2,51,32,6726,147,,
3381,-6,44,17,6726,150,,
3385,-4,47,21,6736,152,,
3389,-7,47,21,6736,154,,
3393,-5,45,19,6762,155,,
3397,-3,48,23,6762,156,,
3401,-5,49,23,6775,157,,
3405,5,54,25,6775,159,,
3409,2,52,28,6763,158,,
3413,1,50,23,6763,159,,
3417,10,59,32,6735,160,,
3421,9,55,31,6735,159,,
3425,7,57,32,6719,159,,
3429,4,54,26,6719,160,,
3433,4,51,25,6706,160,,
3437,6,55,29,6706,160,,
3441,2,50,24,6739,160,,
3445,-2,52,22,6739,162,,
3449,-2,49,20,6746,163,,
3453,0,52,25,6746,163,,
3457,-1,48,21,6755,163,,
3461,-4,44,17,6755,163,,
3465,-2,52,27,6770,162,,
3469,0,52,22,6770,164,,
3473,-4,44,20,6769,162,,
3477,0,46,19,6769,162,,
3481,1,49,23,6789,162,,
3485,7,57,29,6789,163,,
3489,5,52,27,6783,162,,
3493,6,56,29,6783,162,,
3497,8,54,30,6759,161,,
3501,12,56,30,6759,161,,
3505,14,65,41,6745,160,,
3509,0,53,27,6745,160,,
3513,-1,49,25,6716,159,,
3517,5,55,32,6716,158,,
3521,1,48,27,6795,156,,
3525,-1,45,23,6795,155,,
3529,-3,46,24,6791,154,,
3533,3,52,31,6791,153,,
3537,1,53,31,6828,152,,
3541,-9,41,22,6828,150,,
3545,1,46,26,6791,149,,
3549,6,51,33,6791,147,,
3553,7,51,30,6828,147,,
3557,7,50,37,6828,143,,
3561,14,60,42,6809,142,,
3565,15,57,42,6809,140,,
3569,8,55,41,6753,138,,
3573,11,54,42,6753,135,,
3577,14,58,48,6738,132,,
3581,11,58,48,6738,129,,
3585,3,49,41,6702,126,,
3589,2,49,44,6702,122,,
3593,4,53,45,6727,120,,
3597,2,46,43,6727,116,,
3601,-10,38,37,6721,112,,
3605,-15,35,34,6721,108,,
3609,3,41,44,6781,103,,
3613,-2,39,44,6781,98,,
3617,-11,33,40,6779,93,,
3621,-5,42,49,6779,89,,
3625,6,43,54,6793,84,,
3629,3,39,48,6793,81,,
3633,0,38,49,6730,77,,
3637,12,48,59,6730,74,,
3641,14,51,63,6735,71,,
3645,4,45,58,6735,68,,
3649,2,39,55,6643,64,,
3653,6,48,64,6643,61,,
3657,1,43,62,6675,57,,
3661,-4,37,61,6675,51,,
3665,-8,37,56,6623,49,,
3669,-14,30,53,6623,45,,
3673,-14,28,53,6663,41,,
3677,-17,26,48,6663,39,,
3681,-15,25,50,6713,36,,
3685,-10,32,58,6713,33,,
3689,-13,28,55,6740,30,,
3693,-16,24,51,6740,28,,
3697,-8,29,56,6715,26,,
3701,-9,27,55,6715,24,,
3705,-11,21,48,6714,23,,
3709,1,30,57,6714,22,,
3713,2,36,63,6752,21,,
3717,-4,32,58,6752,21,,
3721,-4,30,60,6716,19,,
3725,-5,34,63,6716,18,,
3729,-3,35,62,6735,18,,
3733,-12,25,56,6735,16,,
3737,-19,15,45,6732,15,,
3741,-18,19,50,6732,14,,
3745,-17,18,48,6813,13,,
3749,-12,21,50,6813,13,,
3753,-14,19,47,6828,14,,
3757,-13,17,48,6828,13,,
3761,0,27,56,6827,13,,
3765,0,27,56,6827,13,,
3769,2,27,60,6804,11,,
3773,-1,27,56,6804,12,,
3777,9,29,59,6779,12,,
3781,13,39,68,6779,12,,
3785,5,34,63,6777,12,,
3789,6,33,65,6777,11,,
3793,2,27,57,6752,11,,
3797,2,29,57,6752,12,,
3801,1,27,58,6781,11,,
3805,-8,23,51,6781,12,,
3809,-3,21,50,6784,12,,
3813,-5,20,50,6784,12,,
3817,-5,21,50,6828,12,,
3821,-4,22,51,6828,12,,
3825,-8,18,50,6835,11,,
3829,9,28,56,6835,12,,
3833,13,33,60,6837,13,,
3837,16,35,66,6837,12,,
3841,13,37,65,6775,13,,
3845,15,35,64,6775,13,,
3849,20,41,70,6726,13,,
3853,8,30,59,6726,13,,
3857,8,36,66,6717,13,,
3861,7,33,60,6717,14,,
3865,1,30,57,6753,15,,
3869,0,30,57,6753,16,,
3873,-4,26,56,6779,15,,
3877,-4,23,50,6779,16,,
3881,-5,23,51,6786,16,,
3885,0,28,54,6786,17,,
3889,-1,29,53,6828,19,,
3893,-6,26,51,6828,20,,
3897,9,32,57,6805,21,,
3901,7,34,56,6805,23,,
3905,11,37,62,6790,23,,
3909,19,45,69,6790,24,,
3913,20,44,67,6760,25,,
3917,23,48,72,6760,25,,
3921,19,50,71,6691,27,,
3925,19,50,74,6691,27,,
3929,9,46,68,6647,28,,
3933,0,41,61,6647,30,,
3937,-5,33,52,6667,32,,
3941,-16,27,43,6667,35,,
3945,-17,28,47,6755,36,,
3949,-12,28,43,6755,39,,
3953,-15,23,34,6801,43,,
3957,-15,29,39,6801,47,,
3961,0,34,45,6847,50,,
3965,8,47,55,6847,54,,
3969,14,52,52,6818,61,,
3973,18,60,62,6818,66,,
3977,29,67,66,6726,71,,
3981,29,76,72,6726,77,,
3985,24,70,67,6582,81,,
3989,15,67,61,6582,86,,
3993,2,63,58,6537,90,,
3997,1,58,50,6537,94,,
4001,-2,61,52,6585,98,,
4005,-14,52,41,6585,102,,
4009,-22,45,32,6610,107,,
4013,-13,51,35,6610,112,,
4017,-23,43,25,6714,117,,
4021,-29,42,23,6714,122,,
4025,-19,47,27,6745,126,,
4029,-8,56,31,6745,132,,
4033,1,60,37,6761,136,,
4037,13,74,50,6761,140,,
4041,18,79,53,6687,144,,
4045,13,76,50,6687,147,,
4049,12,75,50,6644,149,,
4053,10,79,53,6644,151,,
4057,6,75,49,6673,153,,
4061,-4,66,41,6673,154,,
4065,-9,64,43,6662,153,,
4069,-13,61,36,6662,154,,
4073,-31,44,20,6720,154,,
4077,-19,52,24,6720,156,,
4081,-23,47,18,6811,158,,
4085,-25,47,20,6811,159,,
4089,-20,47,22,6833,159,,
4093,-5,58,29,6833,161,,
4097,4,63,35,6844,162,,
4101,12,70,39,6844,164,,
4105,14,77,47,6762,165,,
4109,20,82,50,6762,167,,
4113,24,84,56,6716,167,,
4117,10,80,50,6716,168,,
4121,2,73,44,6686,168,,
4125,4,72,45,6686,167,,
4129,4,70,44,6717,166,,
4133,-12,63,36,6717,165,,
4137,-27,45,17,6715,165,,
4141,-21,52,24,6715,165,,
4145,-13,55,26,6820,166,,
4149,-16,52,22,6820,167,,
4153,-10,58,30,6823,167,,
4157,-5,56,27,6823,167,,
4161,8,67,34,6809,169,,
4165,15,75,46,6809,169,,
4169,11,73,44,6761,169,,
4173,14,71,41,6761,169,,
4177,20,82,51,6723,170,,
4181,19,76,47,6723,170,,
4185,9,75,46,6696,170,,
4189,4,71,42,6696,170,,
4193,3,74,46,6706,169,,
4197,-10,59,30,6706,169,,
4201,-12,60,33,6705,168,,
4205,-14,53,24,6705,168,,
4209,-19,48,19,6780,168,,
4213,-15,55,24,6780,169,,
4217,-16,52,21,6843,170,,
4221,-1,62,30,6843,171,,
4225,-1,63,29,6844,173,,
4229,5,65,34,6844,173,,
4233,21,77,46,6794,173,,
4237,21,85,50,6794,175,,
4241,21,81,47,6734,176,,
4245,20,84,54,6734,175,,
4249,28,90,52,6709,178,,
4253,22,88,58,6709,177,,
4257,5,78,44,6684,178,,
4261,6,81,50,6684,177,,
4265,3,73,41,6711,177,,
4269,-5,71,40,6711,176,,
4273,-8,66,37,6725,175,,
4277,-11,63,32,6725,175,,
4281,-10,61,32,6751,174,,
4285,-16,61,30,6751,174,,
4289,-24,54,21,6796,175,,
4293,-14,56,27,6796,174,,
4297,-8,60,29,6819,174,,
4301,4,68,35,6819,175,,
4305,12,73,43,6813,174,,
4309,11,80,45,6813,176,,
4313,6,75,43,6743,176,,
4317,20,85,52,6743,177,,
4321,30,91,62,6733,175,,
4325,12,81,48,6733,176,,
4329,10,80,48,6654,176,,
4333,13,86,56,6654,175,,
4337,10,83,52,6715,175,,
4341,-6,75,44,6715,175,,
4345,-6,72,43,6669,174,,
4349,-4,73,40,6669,175,,
4353,-16,66,36,6705,174,,
4357,-16,64,31,6705,175,,
4361,-15,66,35,6747,175,,
4365,-5,65,35,6747,174,,
4369,4,77,44,6751,175,,
4373,9,83,52,6751,175,,
4377,12,84,54,6724,174,,
4381,12,88,57,6724,174,,
4385,9,86,53,6670,175,,
4389,13,93,59,6670,176,,
4393,12,89,59,6666,175,,
4397,3,85,56,6666,174,,
4401,-6,81,52,6637,173,,
4405,-10,73,46,6637,171,,
4409,-14,72,44,6661,170,,
4413,-16,66,40,6661,168,,
4417,-19,65,38,6716,167,,
4421,-10,67,42,6716,165,,
4425,-15,66,40,6751,164,,
4429,-21,60,39,6751,161,,
4433,-9,65,43,6752,159,,
4437,1,72,55,6752,155,,
4441,-1,70,50,6749,153,,
4445,3,73,57,6749,149,,
4449,4,73,55,6693,147,,
4453,2,72,59,6693,143,,
4457,-3,72,58,6667,140,,
4461,-5,67,53,6667,138,,
4465,-7,67,55,6653,135,,
4469,-12,64,53,6653,132,,
4473,-18,61,49,6660,130,,
4477,-22,56,48,6660,127,,
4481,-19,52,46,6700,123,,
4485,-24,48,44,6700,119,,
4489,-20,50,47,6745,115,,
4493,-13,54,54,6745,110,,
4497,-8,59,57,6769,107,,
4501,-7,53,57,6769,102,,
4505,-3,55,56,6695,99,,
4509,-11,54,59,6695,95,,
4513,1,62,70,6700,90,,
4517,2,58,68,6700,85,,
4521,-8,53,63,6668,81,,
4525,-14,47,62,6668,75,,
4529,-21,43,56,6680,71,,
4533,-10,49,66,6680,66,,
4537,-19,41,60,6742,61,,
4541,-34,27,42,6742,59,,
4545,-26,35,54,6725,55,,
4549,-22,32,51,6725,52,,
4553,-21,29,46,6790,51,,
4557,-23,32,52,6790,48,,
4561,-16,36,56,6835,46,,
4565,-1,42,63,6835,44,,
4569,-4,42,63,6805,42,,
4573,-6,41,64,6805,40,,
4577,-3,40,63,6748,38,,
4581,2,43,71,6748,34,,
4585,-2,40,63,6753,33,,
4589,-8,41,66,6753,31,,
4593,-6,37,64,6770,29,,
4597,-9,37,62,6770,28,,
4601,-22,23,50,6777,26,,
4605,-22,24,50,6777,25,,
4609,-16,23,51,6829,23,,
4613,-15,27,51,6829,24,,
4617,-18,20,47,6857,23,,
4621,-10,26,55,6857,21,,
4625,4,35,61,6872,21,,
4629,1,36,62,6872,21,,
4633,-3,29,59,6818,19,,
4637,8,41,68,6818,19,,
4641,14,44,71,6818,19,,
4645,3,35,62,6818,19,,
4649,-5,27,56,6751,18,,
4653,12,43,70,6751,18,,
4657,8,43,70,6825,18,,
4661,-14,22,47,6825,19,,
4665,-7,28,57,6754,18,,
4669,-2,30,57,6754,18,,
4673,-12,21,48,6830,18,,
4677,-7,23,50,6830,18,,
4681,0,32,57,6855,19,,
4685,-3,33,58,6855,20,,
4689,7,32,60,6844,19,,
4693,10,40,65,6844,20,,
4697,14,38,62,6822,21,,
4701,10,38,66,6822,20,,
4705,15,42,69,6790,20,,
4709,17,46,68,6790,22,,
4713,5,36,62,6750,22,,
4717,2,33,59,6750,22,,
4721,0,36,62,6752,22,,
4725,-1,31,53,6752,24,,
4729,-3,33,56,6761,25,,
4733,-10,22,45,6761,26,,
4737,-5,29,52,6806,27,,
4741,-10,25,47,6806,28,,
4745,-16,19,41,6834,29,,
4749,-6,26,45,6834,31,,
4753,0,30,49,6866,33,,
4757,0,31,47,6866,36,,
4761,-4,27,46,6852,37,,
4765,7,37,50,6852,41,,
4769,12,40,55,6847,43,,
4773,11,41,55,6847,45,,
4777,12,38,52,6806,47,,
4781,17,48,61,6806,49,,
4785,9,38,52,6791,50,,
4789,2,43,49,6791,55,,
4793,6,40,47,6781,58,,
4797,8,47,54,6781,61,,
4801,5,42,45,6790,65,,
4805,1,43,49,6790,67,,
4809,-5,35,38,6773,70,,
4813,0,40,40,6773,74,,
4817,1,40,42,6808,76,,
4821,1,42,40,6808,80,,
4825,1,39,35,6799,84,,
4829,0,43,42,6799,86,,
4833,8,53,43,6818,92,,
4837,5,47,36,6818,97,,
4841,10,53,41,6755,102,,
4845,12,55,44,6755,106,,
4849,5,52,39,6746,110,,
4853,8,55,42,6746,113,,
4857,-1,49,37,6738,115,,
4861,-7,41,26,6738,118,,
4865,-6,49,31,6740,122,,
4869,-13,43,25,6740,125,,
4873,-12,43,24,6772,128,,
4877,-13,37,18,6772,131,,
4881,-6,44,21,6799,135,,
4885,-3,44,27,6799,135,,
4889,0,48,28,6818,137,,
4893,6,53,32,6818,139,,
4897,10,58,36,6789,141,,
4901,14,62,40,6789,143,,
4905,13,62,42,6734,143,,
4909,8,61,38,6734,145,,
4913,12,63,43,6683,145,,
4917,7,58,34,6683,147,,
4921,0,52,31,6668,147,,
4925,0,53,32,6668,147,,
4929,-4,52,27,6718,149,,
4933,-13,38,19,6718,148,,
4937,-19,36,13,6745,149,,
4941,-16,38,14,6745,150,,
4945,-14,38,16,6827,150,,
4949,-12,36,12,6827,151,,
4953,-11,37,14,6829,151,,
4957,-1,46,21,6829,152,,
4961,8,53,28,6848,153,,
4965,14,58,35,6848,153,,
4969,7,52,27,6794,154,,
4973,13,57,34,6794,154,,
4977,22,67,41,6761,155,,
4981,15,63,39,6761,155,,
4985,9,56,32,6705,155,,
4989,8,53,29,6705,155,,
4993,5,52,30,6734,154,,
4997,-3,49,24,6734,155,,
5001,-7,42,18,6770,155,,
5005,-12,39,15,6770,155,,
5009,-11,42,15,6825,157,,
5013,-10,39,12,6825,158,,
5017,-12,39,11,6835,159,,
5021,-4,40,14,6835,159,,
5025,5,49,22,6861,160,,
5029,4,51,23,6861,161,,
5033,7,49,23,6826,161,,
5037,14,52,26,6826,161,,
5041,21,60,36,6818,160,,
5045,17,57,31,6818,160,,
5049,16,55,29,6756,160,,
5053,12,53,23,6756,162,,
5057,9,58,31,6770,162,,
5061,12,58,30,6770,163,,
5065,0,52,24,6760,164,,
5069,-5,46,17,6760,165,,
5073,11,54,26,6763,165,,
5077,4,48,19,6763,166,,
5081,-9,43,11,6778,168,,
5085,-3,47,20,6778,167,,
5089,13,50,24,6826,166,,
5093,7,55,27,6826,166,,
5097,-2,48,18,6789,167,,
5101,14,56,27,6789,167,,
5105,14,59,31,6800,167,,
5109,13,58,28,6800,168,,
5113,16,58,30,6752,168,,
5117,18,65,34,6752,169,,
5121,14,60,31,6733,169,,
5125,14,61,28,6733,171,,
5129,5,57,25,6723,172,,
5133,-1,51,19,6723,173,,
5137,-2,53,20,6734,174,,
5141,5,57,20,6734,177,,
5145,6,60,24,6767,179,,
5149,-10,45,12,6767,179,,
5153,0,53,22,6748,178,,
5157,1,56,25,6748,177,,
5161,-3,50,19,6781,176,,
5165,1,52,26,6781,173,,
5169,5,52,27,6778,170,,
5173,6,54,32,6778,166,,
5177,-1,45,26,6769,161,,
5181,4,43,30,6769,154,,
5185,6,47,35,6782,148,,
5189,5,42,34,6782,141,,
5193,8,46,41,6768,134,,
5197,7,43,39,6768,128,,
5201,1,38,32,6751,124,,
5205,1,40,36,6751,120,,
5209,2,36,36,6791,114,,
5213,10,48,51,6791,108,,
5217,-2,35,41,6780,102,,
5221,-1,32,40,6780,96,,
5225,3,31,42,6761,89,,
5229,0,29,45,6761,81,,
5233,1,33,48,6779,75,,
5237,-2,28,42,6779,71,,
5241,2,26,46,6743,65,,
5245,4,29,52,6743,58,,
5249,-2,25,51,6769,51,,
5253,-11,16,41,6769,46,,
5257,-5,22,48,6731,41,,
5261,-3,23,53,6731,35,,
5265,-2,20,50,6760,30,,
5269,-6,19,50,6760,26,,
5273,-7,15,45,6739,23,,
5277,2,18,50,6739,20,,
5281,1,20,52,6761,17,,
5285,-8,12,43,6761,15,,
5289,-3,19,48,6724,15,,
5293,5,20,53,6724,13,,
5297,6,20,51,6752,12,,
5301,-2,18,48,6752,12,,
5305,11,24,57,6724,10,,
5309,13,29,62,6724,9,,
5313,4,24,51,6699,11,,
5317,4,23,57,6699,9,,
5321,2,22,51,6687,10,,
5325,0,22,54,6687,9,,
5329,2,21,52,6705,9,,
5333,-3,20,51,6705,9,,
5337,-5,16,47,6686,9,,
5341,-3,15,46,6686,9,,
5345,0,15,46,6725,9,,
5349,1,19,50,6725,9,,
5353,4,19,50,6744,9,,
5357,10,22,53,6744,9,,
5361,6,18,49,6742,9,,
5365,13,32,63,6742,9,,
5369,18,28,61,6740,8,,
5373,13,31,60,6740,9,,
5377,6,24,55,6687,9,,
5381,12,31,62,6687,9,,
5385,11,29,60,6704,9,,
5389,3,22,52,6704,9,,
5393,5,26,57,6691,9,,
5397,13,30,61,6691,9,,
5401,10,26,58,6722,8,,
5405,-4,20,51,6722,8,,
5409,7,27,55,6706,10,,
5413,10,27,57,6706,10,,
5417,3,23,57,6723,8,,
5421,6,25,56,6723,8,,
5425,9,31,60,6728,9,,
5429,10,29,60,6728,9,,
5433,5,28,61,6713,8,,
5437,9,30,60,6713,9,,
5441,7,30,63,6705,8,,
5445,4,27,58,6705,8,,
5449,3,29,60,6714,8,,
5453,-2,28,57,6714,9,,
5457,-5,22,52,6733,9,,
5461,3,29,60,6733,9,,
5465,3,30,63,6751,8,,
5469,4,29,59,6751,9,,
5473,5,26,59,6704,8,,
5477,5,31,60,6704,9,,
5481,5,32,63,6733,9,,
5485,2,26,59,6733,8,,
5489,-1,28,57,6697,9,,
5493,-5,21,52,6697,9,,
5497,-7,25,58,6730,8,,
5501,-6,18,49,6730,8,,
5505,-16,16,49,6747,7,,
5509,-16,19,47,6747,9,,
5513,-13,15,46,6790,9,,
5517,-16,14,44,6790,9,,
5521,-10,14,45,6815,9,,
5525,2,25,54,6815,10,,
5529,3,22,53,6827,10,,
5533,3,24,56,6827,9,,
5537,14,32,59,6790,11,,
5541,20,38,68,6790,11,,
5545,12,32,61,6743,12,,
5549,6,31,59,6743,13,,
5553,7,34,63,6724,13,,
5557,5,34,63,6724,13,,
5561,-8,22,49,6715,14,,
5565,-10,22,49,6715,15,,
5569,-9,24,49,6764,17,,
5573,-12,17,43,6764,18,,
5577,-16,11,37,6789,19,,
5581,-25,8,29,6789,22,,
5585,-16,19,41,6835,24,,
5589,-8,17,36,6835,27,,
5593,-7,19,39,6846,29,,
5597,4,30,47,6846,32,,
5601,14,34,52,6851,34,,
5605,15,39,55,6851,37,,
5609,20,42,57,6788,40,,
5613,22,43,57,6788,43,,
5617,21,48,60,6721,46,,
5621,9,38,49,6721,49,,
5625,6,37,43,6685,54,,
5629,6,46,50,6685,59,,
5633,-2,39,38,6744,66,,
5637,-5,33,33,6744,71,,
5641,-3,42,41,6734,75,,
5645,-5,38,34,6734,80,,
5649,-15,28,23,6751,85,,
5653,-11,34,25,6751,91,,
5657,-7,40,27,6809,98,,
5661,-6,39,23,6809,105,,
5665,-4,41,27,6790,110,,
5669,3,47,25,6790,118,,
5673,8,48,28,6779,123,,
5677,13,55,34,6779,128,,
5681,14,60,37,6753,133,,
5685,10,56,32,6753,137,,
5689,10,61,34,6685,142,,
5693,10,57,32,6685,145,,
5697,6,59,31,6662,149,,
5701,0,57,28,6662,153,,
5705,-3,51,23,6649,155,,
5709,-2,52,26,6649,156,,
5713,-4,53,25,6691,158,,
5717,-10,51,20,6691,161,,
5721,-8,47,19,6690,162,,
5725,-2,49,19,6690,164,,
5729,-2,51,20,6723,166,,
5733,-2,47,19,6723,166,,
5737,8,58,28,6723,167,,
5741,8,58,32,6723,166,,
5745,8,63,31,6686,168,,
5749,12,61,34,6686,167,,
5753,12,60,31,6666,167,,
5757,8,66,35,6666,168,,
5761,4,63,34,6677,168,,
5765,8,63,32,6677,169,,
5769,3,56,27,6679,169,,
5773,-2,61,28,6679,171,,
5777,-8,53,19,6717,173,,
5781,-11,49,20,6717,172,,
5785,-6,53,15,6738,176,,
5789,-3,51,15,6738,178,,
5793,-7,53,20,6750,178,,
5797,6,58,26,6750,178,,
5801,16,70,33,6759,180,,
5805,16,71,37,6759,180,,
5809,7,60,31,6704,178,,
5813,11,61,30,6704,177,,
5817,16,67,37,6729,176,,
5821,8,65,33,6729,176,,
5825,1,61,31,6703,175,,
5829,5,61,29,6703,175,,
5833,4,57,26,6715,175,,
5837,-3,56,22,6715,176,,
5841,-12,50,17,6742,177,,
5845,-1,59,25,6742,178,,
5849,-1,56,21,6776,179,,
5853,-3,56,21,6776,180,,
5857,-4,57,22,6751,181,,
5861,4,58,25,6751,181,,
5865,6,63,27,6752,182,,
5869,5,58,25,6752,181,,
5873,11,65,32,6731,181,,
5877,21,70,37,6731,181,,
5881,14,74,40,6714,181,,
5885,10,69,33,6714,182,,
5889,15,74,40,6686,182,,
5893,18,74,38,6686,183,,
5897,9,70,35,6687,183,,
5901,0,65,30,6687,183,,
5905,4,69,33,6704,184,,
5909,-2,66,29,6704,185,,
5913,-5,59,24,6708,185,,
5917,-8,52,19,6708,184,,
5921,-4,62,27,6748,184,,
5925,-4,62,27,6748,184,,
5929,-9,54,19,6752,184,,
5933,-9,55,20,6752,184,,
5937,1,57,24,6775,183,,
5941,5,66,34,6775,182,,
5945,7,64,32,6760,181,,
5949,18,74,41,6760,181,,
5953,9,65,33,6714,180,,
5957,-1,62,26,6714,181,,
5961,10,69,37,6721,180,,
5965,14,74,41,6721,180,,
5969,7,65,34,6722,179,,
5973,-1,67,34,6722,179,,
5977,3,64,33,6724,178,,
5981,3,66,34,6724,178,,
5985,-11,61,30,6715,177,,
5989,1,63,34,6715,175,,
5993,6,67,39,6724,173,,
5997,1,65,36,6724,172,,
6001,5,67,41,6694,170,,
6005,1,59,35,6694,167,,
6009,8,69,47,6685,164,,
6013,7,64,42,6685,161,,
6017,3,63,40,6674,159,,
6021,3,63,42,6674,157,,
6025,0,61,40,6676,155,,
6029,-4,55,41,6676,150,,
6033,-3,57,41,6678,147,,
6037,-2,61,48,6678,143,,
6041,-11,48,36,6695,139,,
6045,3,56,48,6695,134,,
6049,-1,53,46,6699,129,,
6053,-5,53,50,6699,123,,
6057,0,51,48,6675,118,,
6061,8,60,61,6675,112,,
6065,5,53,55,6666,107,,
6069,-2,50,58,6666,100,,
6073,-7,46,54,6614,94,,
6077,-2,52,63,6614,88,,
6081,-2,45,57,6636,82,,
6085,-4,45,62,6636,75,,
6089,-13,37,55,6601,69,,
6093,-8,44,62,6601,64,,
6097,-4,44,64,6628,59,,
6101,-21,30,50,6628,55,,
6105,-16,34,58,6600,50,,
6109,-8,37,62,6600,45,,
6113,-8,35,60,6668,41,,
6117,-11,36,61,6668,38,,
6121,-9,33,62,6654,33,,
6125,-5,40,67,6654,30,,
6129,-8,37,62,6663,29,,
6133,-14,34,61,6663,27,,
6137,-8,34,64,6677,24,,
6141,-16,26,55,6677,22,,
6145,-14,30,60,6683,20,,
6149,-11,30,59,6683,19,,
6153,-12,27,56,6713,18,,
6157,-17,25,56,6713,16,,
6161,-19,21,51,6718,15,,
6165,-13,23,53,6718,14,,
6169,-5,31,62,6753,13,,
6173,-9,27,57,6753,13,,
6177,1,37,68,6734,12,,
6181,5,39,68,6734,12,,
6185,4,36,68,6723,11,,
6189,4,36,66,6723,11,,
6193,2,39,69,6716,11,,
6197,-5,32,62,6716,11,,
6201,-6,29,59,6716,11,,
6205,-7,32,62,6716,11,,
6209,-11,29,63,6769,9,,
6213,-8,26,55,6769,10,,
6217,-9,22,55,6750,9,,
6221,-6,28,60,6750,8,,
6225,0,33,60,6785,10,,
6229,2,32,62,6785,10,,
6233,1,34,66,6761,9,,
6237,11,36,67,6761,9,,
6241,12,42,73,6742,9,,
6245,6,32,63,6742,9,,
6249,7,38,69,6715,9,,
6253,10,44,75,6715,9,,
6257,3,33,64,6726,9,,
6261,0,35,67,6726,8,,
6265,-1,29,59,6742,9,,
6269,-4,31,61,6742,9,,
6273,-7,21,54,6773,8,,
6277,-6,27,58,6773,8,,
6281,-8,25,54,6798,9,,
6285,-5,24,57,6798,8,,
6289,-2,33,60,6806,10,,
6293,5,29,62,6806,9,,
6297,3,30,59,6783,10,,
6301,7,32,63,6783,10,,
6305,13,36,69,6779,9,,
6309,8,40,69,6779,10,,
6313,12,37,67,6732,10,,
6317,16,41,71,6732,10,,
6321,12,40,69,6705,11,,
6325,11,44,74,6705,11,,
6329,-1,31,59,6697,12,,
6333,3,38,67,6697,12,,
6337,2,36,65,6758,12,,
6341,-6,29,59,6758,12,,
6345,-10,25,55,6734,12,,
6349,-16,20,49,6734,12,,
6353,-6,27,53,6798,14,,
6357,-1,29,57,6798,14,,
6361,1,30,59,6813,14,,
6365,14,40,67,6813,15,,
6369,19,45,72,6769,16,,
6373,21,47,75,6769,16,,
6377,23,50,79,6686,16,,
6381,24,58,84,6686,17,,
6385,13,46,72,6659,18,,
6389,13,52,77,6659,19,,
6393,8,43,68,6670,20,,
6397,4,46,69,6670,22,,
6401,1,44,64,6685,25,,
6405,-3,40,61,6685,27,,
6409,0,42,62,6686,29,,
6413,-5,39,56,6686,32,,
6417,-3,39,57,6704,34,,
6421,1,47,63,6704,37,,
6425,4,49,63,6723,40,,
6429,7,52,63,6723,44,,
6433,6,52,62,6666,48,,
6437,14,58,67,6666,52,,
6441,13,58,67,6645,55,,
6445,6,58,66,6645,58,,
6449,10,61,68,6582,61,,
6453,6,63,69,6582,64,,
6457,0,65,65,6563,69,,
6461,1,62,64,6563,72,,
6465,-5,56,57,6542,75,,
6469,-10,58,54,6542,80,,
6473,-12,58,53,6595,85,,
6477,-8,58,52,6595,89,,
6481,-12,60,49,6600,95,,
6485,-16,52,43,6600,99,,
6489,-12,56,49,6620,101,,
6493,-8,59,45,6620,106,,
6497,-8,61,47,6657,110,,
6501,-7,58,45,6657,113,,
6505,-8,66,50,6643,117,,
6509,-8,64,45,6643,122,,
6513,-2,66,46,6663,126,,
6517,-8,70,47,6663,131,,
6521,-9,63,45,6667,133,,
6525,-4,72,46,6667,138,,
6529,-7,64,43,6692,140,,
6533,-15,62,36,6692,144,,
6537,-21,59,33,6713,147,,
6541,-15,66,35,6713,152,,
6545,-16,57,33,6751,153,,
6549,-18,60,29,6751,157,,
6553,-18,58,33,6750,157,,
6557,-13,59,30,6750,159,,
6561,-15,59,30,6761,161,,
6565,-9,64,36,6761,162,,
6569,0,67,39,6767,163,,
6573,0,71,40,6767,165,,
6577,-3,68,42,6741,164,,
6581,-1,69,38,6741,166,,
6585,-1,72,40,6738,168,,
6589,2,74,45,6738,168,,
6593,-2,74,43,6741,169,,
6597,-16,61,28,6741,171,,
6601,4,68,42,6732,169,,
6605,5,75,42,6732,171,,
6609,-16,60,32,6754,170,,
6613,-11,58,32,6754,168,,
6617,6,73,44,6788,168,,
6621,1,65,40,6788,166,,
6625,-12,58,34,6750,164,,
6629,-10,57,31,6750,163,,
6633,2,65,44,6797,160,,
6637,-1,59,31,6797,161,,
6641,0,63,37,6767,161,,
6645,2,62,36,6767,161,,
6649,2,69,37,6777,164,,
6653,3,71,41,6777,165,,
6657,-2,65,35,6752,166,,
6661,-3,62,32,6752,167,,
6665,-7,57,28,6751,167,,
6669,-2,63,35,6751,167,,
6673,-4,58,32,6799,166,,
6677,0,66,36,6799,167,,
6681,-1,61,35,6785,166,,
6685,-7,56,28,6785,166,,
6689,-1,58,32,6752,165,,
6693,6,66,41,6752,164,,
6697,8,67,40,6782,164,,
6701,-2,58,33,6782,163,,
6705,6,67,42,6742,162,,
6709,0,59,30,6742,163,,
6713,7,67,40,6741,163,,
6717,9,68,39,6741,164,,
6721,-1,61,32,6734,165,,
6725,2,68,36,6734,167,,
6729,3,65,37,6755,167,,
6733,5,66,36,6755,168,,
6737,3,64,35,6734,168,,
6741,7,69,42,6734,167,,
6745,8,65,37,6733,167,,
6749,5,68,39,6733,167,,
6753,10,75,46,6731,167,,
6757,2,62,36,6731,166,,
6761,3,68,40,6711,166,,
6765,2,65,39,6711,165,,
6769,-2,62,33,6732,166,,
6773,1,67,39,6732,166,,
6777,0,61,31,6750,167,,
6781,4,67,39,6750,167,,
6785,6,67,40,6759,166,,
6789,7,68,38,6759,167,,
6793,-2,66,37,6714,167,,
6797,-1,66,35,6714,168,,
6801,11,72,43,6722,168,,
6805,10,71,42,6722,168,,
6809,3,64,39,6706,166,,
6813,12,70,44,6706,165,,
6817,12,75,49,6721,164,,
6821,1,66,41,6721,163,,
6825,5,68,43,6676,162,,
6829,12,77,52,6676,161,,
6833,-4,63,40,6707,159,,
6837,-9,58,34,6707,158,,
6841,0,68,43,6715,158,,
6845,2,67,43,6715,157,,
6849,-9,56,35,6721,155,,
6853,2,63,41,6721,154,,
6857,14,73,55,6752,151,,
6861,6,62,44,6752,149,,
6865,8,69,51,6673,147,,
6869,12,71,53,6673,145,,
6873,16,78,61,6671,143,,
6877,9,71,56,6671,141,,
6881,1,64,51,6616,138,,
6885,5,69,57,6616,135,,
6889,-3,59,52,6651,130,,
6893,-11,56,49,6651,126,,
6897,-9,53,49,6650,121,,
6901,0,61,59,6650,116,,
6905,-18,41,38,6693,113,,
6909,-24,41,43,6693,108,,
6913,-4,45,50,6734,102,,
6917,-8,47,50,6734,98,,
6921,-8,48,53,6736,94,,
6925,6,58,68,6736,88,,
6929,9,59,68,6722,84,,
6933,-2,49,59,6722,80,,
6937,-4,50,62,6600,76,,
6941,4,52,67,6600,71,,
6945,3,48,65,6651,66,,
6949,1,55,72,6651,62,,
6953,-13,41,60,6632,58,,
6957,-12,38,58,6632,54,,
6961,-10,41,61,6686,51,,
6965,-21,28,51,6686,47,,
6969,-23,28,51,6718,44,,
6973,-15,33,59,6718,40,,
6977,-15,29,56,6769,36,,
6981,-14,31,58,6769,33,,
6985,-11,30,57,6754,30,,
6989,2,37,64,6754,28,,
6993,1,41,66,6750,27,,
6997,-7,36,64,6750,25,,
7001,2,44,73,6709,23,,
7005,6,45,73,6709,22,,
7009,7,44,72,6713,21,,
7013,3,43,73,6713,19,,
7017,-3,38,65,6699,19,,
7021,-3,39,69,6699,17,,
7025,-5,36,64,6713,17,,
7029,-15,29,61,6713,15,,
7033,-19,24,53,6732,15,,
7037,-21,23,53,6732,14,,
7041,-21,20,49,6781,14,,
7045,-20,21,52,6781,13,,
7049,-21,13,42,6807,13,,
7053,-4,27,58,6807,12,,
7057,1,28,60,6852,11,,
7061,-1,30,62,6852,10,,
7065,9,37,67,6787,10,,
7069,19,48,78,6787,10,,
7073,13,40,68,6743,11,,
7077,7,39,69,6743,11,,
7081,7,33,65,6736,10,,
7085,12,42,72,6736,10,,
7089,3,35,64,6760,11,,
7093,-1,34,66,6760,10,,
7097,-1,29,59,6744,10,,
7101,-5,30,60,6744,10,,
7105,-8,21,52,6761,10,,
7109,-10,23,55,6761,9,,
7113,-6,24,55,6798,9,,
7117,-5,23,56,6798,8,,
7121,-3,25,55,6799,9,,
7125,3,28,59,6799,9,,
7129,5,29,61,6788,8,,
7133,8,33,62,6788,9,,
7137,11,35,65,6759,9,,
7141,16,39,70,6759,9,,
7145,17,45,76,6732,9,,
7149,9,35,66,6732,9,,
7153,7,39,69,6693,9,,
7157,14,38,69,6693,9,,
7161,9,41,70,6724,10,,
7165,1,28,61,6724,9,,
7169,1,34,65,6694,9,,
7173,2,30,59,6694,10,,
7177,-5,29,60,6734,10,,
7181,0,28,56,6734,11,,
7185,2,28,60,6750,10,,
7189,-2,31,61,6750,10,,
7193,8,38,66,6768,11,,
7197,12,40,70,6768,11,,
7201,9,34,64,6722,11,,
7205,15,45,73,6722,12,,
7209,24,46,77,6718,11,,
7213,16,48,76,6718,12,,
7217,7,41,71,6675,12,,
7221,7,41,71,6675,12,,
7225,6,41,69,6686,13,,
7229,1,41,70,6686,13,,
7233,4,37,66,6684,13,,
7237,-1,39,67,6684,14,,
7241,-4,30,59,6695,14,,
7245,-4,37,62,6695,16,,
7249,-7,27,55,6731,16,,
7253,-6,31,61,6731,15,,
7257,5,45,70,6745,17,,
7261,2,36,63,6745,17,,
7265,1,41,67,6684,18,,
7269,2,41,66,6684,19,,
7273,5,42,67,6692,20,,
7277,4,40,67,6692,20,,
7281,6,49,70,6676,23,,
7285,0,37,62,6676,23,,
7289,-4,40,62,6662,25,,
7293,-2,41,61,6662,27,,
7297,-2,40,60,6705,29,,
7301,-10,38,57,6705,31,,
7305,-9,40,53,6712,36,,
7309,-8,37,54,6712,38,,
7313,-10,37,47,6733,43,,
7317,-10,38,53,6733,45,,
7321,-3,44,53,6757,49,,
7325,-1,44,54,6757,52,,
7329,-2,48,55,6732,56,,
7333,-5,40,47,6732,59,,
7337,-4,46,51,6704,63,,
7341,-11,42,41,6704,69,,
7345,-4,49,51,6724,72,,
7349,0,50,43,6724,79,,
7353,-6,48,45,6714,83,,
7357,-12,42,39,6714,86,,
7361,-12,45,41,6730,89,,
7365,-7,49,40,6730,94,,
7369,-8,47,37,6750,99,,
7373,-10,46,33,6750,104,,
7377,-3,52,34,6742,111,,
7381,-16,45,30,6742,115,,
7385,-18,44,23,6748,121,,
7389,-9,46,31,6748,123,,
7393,-5,54,34,6779,127,,
7397,-12,49,26,6779,132,,
7401,-11,45,28,6751,133,,
7405,4,58,34,6751,137,,
7409,3,57,32,6779,141,,
7413,-7,50,25,6779,144,,
7417,-5,51,25,6730,147,,
7421,0,58,34,6730,149,,
7425,3,60,34,6757,151,,
7429,-5,47,25,6757,151,,
7433,-1,51,27,6703,152,,
7437,4,55,30,6703,153,,
7441,0,52,27,6756,154,,
7445,-4,50,24,6756,155,,
7449,0,53,27,6751,156,,
7453,-2,56,30,6751,157,,
7457,-2,55,29,6745,158,,
7461,-1,51,24,6745,159,,
7465,2,53,27,6738,159,,
7469,6,61,35,6738,159,,
7473,4,55,28,6751,160,,
7477,4,55,29,6751,160,,
7481,11,61,35,6715,160,,
7485,4,52,26,6715,160,,
7489,-3,54,26,6708,161,,
7493,1,51,25,6708,161,,
7497,4,54,28,6723,161,,
7501,2,53,27,6723,161,,
7505,-5,50,22,6741,162,,
7509,7,53,26,6741,162,,
7513,10,58,29,6750,163,,
7517,3,55,26,6750,164,,
7521,0,48,21,6713,164,,
7525,15,65,38,6713,164,,
7529,15,61,34,6750,164,,
7533,4,50,24,6750,163,,
7537,7,61,32,6698,164,,
7541,16,64,34,6698,165,,
7545,11,61,33,6713,165,,
7549,2,57,27,6713,166,,
7553,2,53,24,6698,166,,
7557,10,60,32,6698,166,,
7561,3,51,23,6747,166,,
7565,0,57,27,6747,167,,
7569,3,55,24,6751,168,,
7573,11,63,31,6751,170,,
7577,1,52,22,6732,170,,
7581,-2,51,22,6732,170,,
7585,17,66,36,6738,170,,
7589,14,61,32,6738,170,,
7593,4,57,27,6704,170,,
7597,12,62,28,6704,172,,
7601,19,72,42,6724,172,,
7605,13,66,34,6724,173,,
7609,4,56,26,6679,173,,
7613,9,64,29,6679,175,,
7617,11,66,33,6743,176,,
7621,4,62,30,6743,176,,
7625,-2,55,22,6710,177,,
7629,4,60,28,6710,177,,
7633,13,63,31,6751,177,,
7637,4,59,28,6751,176,,
7641,-4,54,24,6717,175,,
7645,10,65,36,6717,174,,
7649,6,61,28,6743,175,,
7653,-1,56,26,6743,174,,
7657,9,61,28,6720,175,,
7661,11,69,38,6720,175,,
7665,6,61,32,6731,174,,
7669,-1,60,26,6731,175,,
7673,6,60,29,6714,175,,
7677,8,64,32,6714,175,,
7681,2,61,30,6732,175,,
7685,3,63,31,6732,175,,
7689,5,61,29,6713,175,,
7693,5,66,37,6713,174,,
7697,0,59,28,6707,174,,
7701,-2,59,28,6707,174,,
7705,5,59,30,6704,173,,
7709,4,61,31,6704,173,,
7713,-6,55,25,6722,173,,
7717,-10,52,23,6722,172,,
7721,-1,55,24,6733,172,,
7725,-3,54,25,6733,171,,
7729,-9,56,26,6746,171,,
7733,5,61,31,6746,171,,
7737,7,60,28,6749,172,,
7741,2,58,28,6749,172,,
7745,9,71,38,6704,173,,
7749,15,69,40,6704,172,,
7753,11,65,34,6689,172,,
7757,11,67,37,6689,172,,
7761,10,72,43,6694,171,,
7765,3,63,33,6694,171,,
7769,3,66,34,6661,172,,
7773,1,59,30,6661,171,,
7777,4,68,38,6685,171,,
7781,-8,55,25,6685,171,,
7785,-13,51,21,6674,171,,
7789,-9,55,23,6674,172,,
7793,-11,53,22,6759,172,,
7797,-9,49,19,6759,172,,
7801,-7,55,27,6759,171,,
7805,7,63,30,6759,173,,
7809,6,63,32,6767,173,,
7813,-4,57,26,6767,173,,
7817,8,67,35,6710,174,,
7821,14,69,36,6710,175,,
7825,9,71,40,6702,175,,
7829,9,68,35,6702,176,,
7833,10,69,39,6667,175,,
7837,2,71,37,6667,176,,
7841,-8,57,27,6671,175,,
7845,4,63,29,6671,176,,
7849,1,66,33,6732,177,,
7853,-7,59,29,6732,176,,
7857,-3,60,24,6705,178,,
7861,-4,63,30,6705,178,,
7865,-8,56,21,6741,179,,
7869,-3,58,27,6741,178,,
7873,5,64,33,6751,177,,
7877,6,66,35,6751,176,,
7881,3,65,35,6707,175,,
7885,-1,61,33,6707,173,,
7889,10,70,41,6675,172,,
7893,9,70,42,6675,171,,
7897,0,63,37,6675,169,,
7901,-7,58,31,6675,168,,
7905,5,64,42,6686,164,,
7909,-6,50,31,6686,160,,
7913,-13,50,32,6685,156,,
7917,-11,49,33,6685,152,,
7921,-4,51,38,6757,147,,
7925,-4,52,37,6757,144,,
7929,-15,43,30,6739,140,,
7933,-8,43,29,6739,138,,
7937,-8,47,35,6778,135,,
7941,-2,44,36,6778,131,,
7945,2,52,45,6773,127,,
7949,2,45,43,6773,121,,
7953,-2,48,46,6723,116,,
7957,-3,39,43,6723,109,,
7961,5,49,55,6726,102,,
7965,3,48,53,6726,97,,
7969,-1,41,45,6697,94,,
7973,-2,40,46,6697,90,,
7977,0,41,49,6714,86,,
7981,-4,36,48,6714,81,,
7985,-8,32,46,6713,76,,
7989,-8,34,53,6713,69,,
7993,-4,31,50,6741,63,,
7997,-8,28,48,6741,58,,
8001,-11,24,47,6721,53,,
8005,-8,26,48,6721,49,,
8009,-4,28,52,6747,45,,
8013,-8,25,49,6747,42,,
8017,-12,23,45,6724,40,,
8021,7,35,60,6724,37,,
8025,8,35,63,6754,33,,
8029,2,31,59,6754,30,,
8033,1,34,57,6657,30,,
8037,7,36,63,6657,28,,
8041,14,37,64,6675,26,,
8045,3,30,59,6675,24,,
8049,-12,21,48,6641,23,,
8053,0,29,57,6641,22,,
8057,0,28,58,6715,20,,
8061,-2,28,55,6715,20,,
8065,-15,18,47,6688,19,,
8069,3,30,59,6688,18,,
8073,9,35,64,6733,17,,
8077,4,33,60,6733,17,,
8081,4,32,62,6683,16,,
8085,15,41,71,6683,15,,
8089,6,30,61,6667,14,,
8093,-4,31,58,6667,15,,
8097,-1,26,56,6699,14,,
8101,0,27,58,6699,13,,
8105,-8,22,51,6723,13,,
8109,-8,21,52,6723,12,,
8113,-1,22,52,6742,12,,
8117,-1,29,56,6742,13,,
8121,-10,16,47,6768,12,,
8125,6,28,58,6768,12,,
8129,10,34,61,6769,13,,
8133,6,26,57,6769,12,,
8137,9,32,59,6709,13,,
8141,13,36,65,6709,13,,
8145,12,32,61,6713,13,,
8149,16,42,71,6713,13,,
8153,14,37,66,6676,13,,
8157,12,33,62,6676,13,,
8161,5,36,63,6667,14,,
8165,2,33,62,6667,14,,
8169,-1,31,60,6678,14,,
8173,-1,28,55,6678,15,,
8177,3,32,58,6695,16,,
8181,-6,22,48,6695,17,,
8185,-10,23,51,6712,17,,
8189,-10,18,46,6712,17,,
8193,3,29,55,6749,18,,
8197,7,33,60,6749,18,,
8201,5,34,58,6741,20,,
8205,17,39,64,6741,21,,
8209,23,42,66,6695,22,,
8213,14,43,67,6695,23,,
8217,13,46,67,6639,25,,
8221,20,47,70,6639,26,,
8225,14,50,72,6627,27,,
8229,3,39,59,6627,29,,
8233,0,38,58,6590,31,,
8237,0,39,58,6590,33,,
8241,-11,31,49,6683,35,,
8245,-14,26,39,6683,39,,
8249,-5,38,50,6722,43,,
8253,-5,34,44,6722,47,,
8257,-4,37,44,6727,52,,
8261,2,44,47,6727,58,,
8265,10,56,57,6739,64,,
8269,12,54,53,6739,70,,
8273,11,57,53,6645,76,,
8277,16,62,58,6645,81,,
8281,16,66,57,6624,88,,
8285,9,66,58,6624,93,,
8289,5,61,49,6543,99,,
8293,2,60,46,6543,105,,
8297,-5,58,38,6544,113,,
8301,-11,52,34,6544,118,,
8305,-12,56,36,6578,123,,
8309,-15,55,29,6578,130,,
8313,-19,48,26,6603,134,,
8317,-21,47,21,6603,139,,
8321,-9,58,33,6661,143,,
8325,-8,59,30,6661,148,,
8329,0,64,35,6637,152,,
8333,-2,63,32,6637,156,,
8337,-6,60,28,6645,160,,
8341,-3,66,34,6645,163,,
8345,-3,64,33,6658,165,,
8349,-6,61,30,6658,167,,
8353,-3,61,32,6665,167,,
8357,-3,67,34,6665,169,,
8361,-5,62,33,6674,169,,
8365,-13,56,25,6674,170,,
8369,-10,60,31,6685,170,,
8373,-10,53,24,6685,170,,
8377,-15,49,19,6712,170,,
8381,-17,47,15,6712,171,,
8385,-11,55,23,6755,172,,
8389,-10,53,23,6755,172,,
8393,-2,54,22,6756,173,,
8397,1,61,30,6756,173,,
8401,-2,58,27,6748,173,,
8405,-10,52,21,6748,173,,
8409,3,60,30,6721,173,,
8413,5,63,30,6721,174,,
8417,8,65,32,6713,175,,
8421,6,64,32,6713,175,,
8425,4,63,30,6705,176,,
8429,7,65,33,6705,176,,
8433,9,62,30,6712,176,,
8437,9,67,37,6712,175,,
8441,0,61,30,6706,175,,
8445,-6,52,20,6706,175,,
8449,-5,53,21,6717,175,,
8453,-7,55,26,6717,174,,
8457,-8,49,18,6770,174,,
8461,-5,47,16,6770,174,,
8465,-5,52,21,6778,174,,
8469,6,56,25,6778,174,,
8473,0,53,22,6780,174,,
8477,8,60,27,6780,175,,
8481,15,61,30,6771,175,,
8485,20,67,37,6771,174,,
8489,19,75,42,6725,175,,
8493,9,65,30,6725,177,,
8497,17,68,33,6675,178,,
8501,19,71,38,6675,178,,
8505,13,64,31,6714,178,,
8509,11,69,37,6714,178,,
8513,8,63,31,6709,178,,
8517,7,65,31,6709,179,,
8521,-4,58,25,6702,179,,
8525,1,62,27,6702,180,,
8529,2,59,24,6732,181,,
8533,0,58,24,6732,181,,
8537,8,61,26,6725,182,,
8541,16,73,39,6725,182,,
8545,14,70,33,6721,183,,
8549,17,74,38,6721,184,,
8553,20,72,39,6693,183,,
8557,29,82,48,6693,183,,
8561,23,80,48,6665,182,,
8565,9,74,38,6665,183,,
8569,8,74,39,6620,183,,
8573,13,78,44,6620,183,,
8577,2,67,30,6657,184,,
8581,-8,59,26,6657,183,,
8585,-6,68,28,6697,186,,
8589,-5,61,26,6697,186,,
8593,-7,61,23,6715,187,,
8597,3,68,32,6715,187,,
8601,18,80,42,6750,188,,
8605,19,77,40,6750,188,,
8609,20,84,50,6665,187,,
8613,25,90,54,6665,187,,
8617,21,84,48,6633,187,,
8621,17,82,48,6633,186,,
8625,15,82,49,6617,185,,
8629,7,83,48,6617,185,,
8633,2,72,41,6607,183,,
8637,-8,71,37,6607,183,,
8641,-8,66,30,6628,184,,
8645,-7,70,36,6628,184,,
8649,-5,65,31,6693,184,,
8653,-7,71,32,6693,186,,
8657,-4,71,34,6700,187,,
8661,-1,73,35,6700,188,,
8665,-4,70,34,6665,188,,
8669,5,77,39,6665,189,,
8673,11,85,49,6672,189,,
8677,13,87,50,6672,189,,
8681,18,95,59,6630,189,,
8685,18,95,58,6630,189,,
8689,11,88,55,6585,187,,
8693,6,80,46,6585,186,,
8697,4,82,50,6574,184,,
8701,1,83,52,6574,182,,
8705,-14,70,38,6617,181,,
8709,-17,72,36,6617,182,,
8713,-16,67,36,6648,180,,
8717,-17,70,35,6648,181,,
8721,-20,58,26,6692,180,,
8725,-12,67,34,6692,180,,
8729,-4,71,38,6726,180,,
8733,2,81,43,6726,182,,
8737,9,83,49,6669,182,,
8741,13,91,55,6669,183,,
8745,19,94,60,6632,183,,
8749,13,88,56,6632,182,,
8753,9,91,57,6575,182,,
8757,2,84,50,6575,182,,
8761,-6,81,47,6581,182,,
8765,-8,76,44,6581,181,,
8769,-14,73,41,6619,180,,
8773,-15,70,36,6619,180,,
8777,-29,61,28,6648,180,,
8781,-29,55,25,6648,178,,
8785,-25,61,26,6712,179,,
8789,-12,66,33,6712,179,,
8793,-7,72,37,6749,180,,
8797,8,80,47,6749,180,,
8801,19,93,58,6693,181,,
8805,13,89,52,6693,183,,
8809,16,94,61,6614,182,,
8813,17,94,60,6614,182,,
8817,12,94,60,6576,182,,
8821,3,89,57,6576,181,,
8825,0,90,56,6565,181,,
8829,-2,84,52,6565,180,,
8833,-20,72,40,6581,179,,
8837,-25,63,32,6581,178,,
8841,-12,73,41,6666,178,,
8845,-12,69,38,6666,177,,
8849,-14,75,41,6692,178,,
8853,-7,75,43,6692,178,,
8857,-7,77,45,6671,178,,
8861,3,80,49,6671,177,,
8865,3,84,52,6648,177,,
8869,6,84,50,6648,178,,
8873,13,93,58,6635,179,,
8877,3,84,49,6635,180,,
8881,-2,82,49,6589,180,,
8885,5,90,55,6589,181,,
8889,2,87,56,6656,180,,
8893,-12,73,43,6656,178,,
8897,-12,76,43,6601,178,,
8901,-7,74,45,6601,176,,
8905,-14,75,45,6675,175,,
8909,-17,70,36,6675,176,,
8913,1,81,53,6657,174,,
8917,1,80,48,6657,174,,
8921,-8,75,44,6657,174,,
8925,4,86,53,6657,175,,
8929,3,85,56,6665,174,,
8933,6,90,59,6665,174,,
8937,8,89,56,6629,175,,
8941,5,92,63,6629,174,,
8945,4,88,58,6619,173,,
8949,-1,86,55,6619,173,,
8953,-11,73,46,6604,171,,
8957,-7,83,53,6604,171,,
8961,-8,81,53,6672,170,,
8965,-10,75,46,6672,170,,
8969,-16,78,46,6635,171,,
8973,-14,73,43,6635,171,,
8977,-14,72,44,6664,170,,
8981,-16,68,36,6664,171,,
8985,-10,76,48,6682,170,,
8989,-10,77,46,6682,171,,
8993,-11,69,43,6682,169,,
8997,-5,83,50,6682,171,,
9001,-5,75,47,6703,170,,
9005,3,83,53,6703,170,,
9009,1,78,49,6694,170,,
9013,-1,82,55,6694,169,,
9017,-4,82,53,6666,169,,
9021,-6,75,47,6666,168,,
9025,0,86,57,6656,168,,
9029,-5,81,54,6656,167,,
9033,-11,73,44,6655,167,,
9037,-11,73,45,6655,167,,
9041,-4,76,52,6691,165,,
9045,-13,73,43,6691,166,,
9049,-9,75,47,6673,166,,
9053,-1,80,54,6673,165,,
9057,-1,81,53,6689,165,,
9061,-6,73,46,6689,165,,
9065,-9,79,47,6673,167,,
9069,-1,84,53,6673,168,,
9073,-3,77,48,6684,168,,
9077,-6,81,50,6684,169,,
9081,-6,80,51,6693,169,,
9085,-5,77,46,6693,170,,
9089,-16,73,45,6665,169,,
9093,-20,66,34,6665,170,,
9097,-13,69,40,6696,170,,
9101,-8,73,43,6696,170,,
9105,-9,72,43,6731,170,,
9109,-3,78,46,6731,171,,
9113,-9,68,40,6713,170,,
9117,-13,71,42,6713,170,,
9121,3,83,51,6735,171,,
9125,7,79,53,6735,169,,
9129,-4,79,50,6711,169,,
9133,-5,78,50,6711,168,,
9137,-1,78,47,6687,169,,
9141,-13,67,42,6687,167,,
9145,-16,66,38,6693,167,,
9149,-12,69,40,6693,167,,
9153,-19,62,36,6746,166,,
9157,-16,65,37,6746,166,,
9161,-11,64,34,6754,167,,
9165,-6,72,45,6754,166,,
9169,-6,71,45,6759,165,,
9173,4,72,50,6759,162,,
9177,4,77,49,6703,163,,
9181,-1,69,44,6703,162,,
9185,1,72,47,6700,161,,
9189,6,80,58,6700,159,,
9193,1,73,50,6708,158,,
9197,-3,71,48,6708,157,,
9201,-16,58,35,6694,156,,
9205,-14,65,41,6694,156,,
9209,-20,61,34,6767,157,,
9213,-23,52,28,6767,157,,
9217,-19,57,28,6769,159,,
9221,-15,55,27,6769,160,,
9225,-18,54,26,6805,161,,
9229,-17,51,22,6805,162,,
9233,-2,63,34,6809,163,,
9237,4,68,41,6809,163,,
9241,10,71,42,6794,164,,
9245,12,74,49,6794,163,,
9249,10,72,45,6735,163,,
9253,9,74,47,6735,163,,
9257,-1,66,37,6703,164,,
9261,4,71,44,6703,164,,
9265,8,76,48,6733,164,,
9269,-2,64,40,6733,162,,
9273,-7,64,37,6702,162,,
9277,-6,65,40,6702,161,,
9281,-14,56,30,6747,161,,
9285,-5,64,37,6747,161,,
9289,-2,60,38,6772,159,,
9293,-3,65,37,6772,160,,
9297,1,63,39,6758,159,,
9301,8,71,46,6758,159,,
9305,9,67,39,6737,160,,
9309,8,69,43,6737,160,,
9313,15,74,46,6713,161,,
9317,15,78,50,6713,162,,
9321,8,75,50,6674,161,,
9325,1,69,41,6674,162,,
9329,0,65,40,6660,161,,
9333,1,65,37,6660,162,,
9337,-3,64,38,6720,162,,
9341,-17,51,26,6720,161,,
9345,-10,58,32,6731,161,,
9349,-8,63,34,6731,162,,
9353,-10,56,31,6762,161,,
9357,-6,52,26,6762,161,,
9361,5,64,38,6763,161,,
9365,4,68,40,6763,162,,
9369,4,67,38,6735,163,,
9373,10,69,42,6735,163,,
9377,15,74,43,6701,165,,
9381,16,79,49,6701,166,,
9385,13,75,47,6696,166,,
9389,4,72,44,6696,166,,
9393,-2,61,33,6665,166,,
9397,-9,61,31,6665,167,,
9401,-5,59,33,6733,166,,
9405,-7,61,34,6733,165,,
9409,-19,44,19,6756,164,,
9413,0,63,33,6756,165,,
9417,-3,57,31,6796,164,,
9421,-12,56,27,6796,165,,
9425,8,67,40,6760,165,,
9429,26,81,51,6760,166,,
9433,18,75,47,6722,166,,
9437,16,74,46,6722,166,,
9441,20,78,50,6665,166,,
9445,19,81,55,6665,165,,
9449,7,73,45,6655,165,,
9453,-3,63,39,6655,163,,
9457,-7,59,34,6648,162,,
9461,-11,60,33,6648,162,,
9465,-13,54,29,6736,161,,
9469,-18,49,23,6736,161,,
9473,-19,46,20,6759,161,,
9477,-2,61,35,6759,161,,
9481,-5,57,31,6801,161,,
9485,5,59,32,6801,161,,
9489,10,69,40,6757,162,,
9493,14,71,44,6757,162,,
9497,13,72,43,6699,163,,
9501,18,75,48,6699,163,,
9505,11,71,44,6662,163,,
9509,3,69,43,6662,162,,
9513,-2,64,38,6649,162,,
9517,-2,63,36,6649,162,,
9521,-5,55,28,6675,162,,
9525,-8,56,31,6675,161,,
9529,-12,52,26,6722,161,,
9533,-10,57,31,6722,161,,
9537,-12,49,23,6742,161,,
9541,-16,49,24,6742,160,,
9545,1,61,33,6768,161,,
9549,6,63,37,6768,161,,
9553,8,65,38,6732,161,,
9557,3,60,36,6732,160,,
9561,9,67,39,6682,161,,
9565,12,72,48,6682,160,,
9569,5,64,36,6682,161,,
9573,5,62,38,6682,160,,
9577,4,66,42,6687,159,,
9581,3,65,40,6687,159,,
9585,-2,61,35,6678,159,,
9589,-5,59,31,6678,160,,
9593,-3,57,34,6689,159,,
9597,-14,53,30,6689,158,,
9601,-16,50,25,6717,158,,
9605,-7,50,25,6717,158,,
9609,-9,53,28,6749,158,,
9613,-10,46,21,6749,158,,
9617,-1,58,31,6750,159,,
9621,2,58,34,6750,158,,
9625,5,62,35,6748,159,,
9629,6,61,37,6748,158,,
9633,6,61,38,6703,157,,
9637,9,66,38,6703,159,,
9641,7,67,44,6688,158,,
9645,8,64,38,6688,158,,
9649,6,68,41,6660,159,,
9653,0,58,32,6660,159,,
9657,-4,59,35,6657,158,,
9661,-5,58,33,6657,158,,
9665,-7,55,30,6708,158,,
9669,-8,53,28,6708,158,,
9673,-11,49,26,6727,157,,
9677,-9,50,25,6727,157,,
9681,-10,54,27,6749,158,,
9685,-13,45,20,6749,158,,
9689,-11,50,25,6753,158,,
9693,-5,48,24,6753,157,,
9697,-2,57,28,6780,159,,
9701,0,52,26,6780,159,,
9705,11,66,38,6756,160,,
9709,4,56,30,6756,160,,
9713,-2,57,31,6702,160,,
9717,11,66,40,6702,160,,
9721,23,75,49,6728,160,,
9725,2,55,31,6728,159,,
9729,-1,58,35,6648,158,,
9733,-3,51,28,6648,157,,
9737,-4,50,27,6731,156,,
9741,-10,46,23,6731,155,,
9745,-13,43,21,6773,154,,
9749,-9,50,27,6773,154,,
9753,-16,38,17,6803,153,,
9757,-16,40,14,6803,154,,
9761,-2,48,25,6824,154,,
9765,6,51,25,6824,155,,
9769,3,54,30,6806,155,,
9773,7,53,29,6806,155,,
9777,19,63,39,6768,155,,
9781,13,56,32,6768,155,,
9785,13,58,36,6721,154,,
9789,10,58,35,6721,154,,
9793,14,61,41,6724,152,,
9797,8,60,36,6724,153,,
9801,3,51,30,6686,152,,
9805,-9,45,22,6686,152,,
9809,-6,45,26,6723,150,,
9813,-11,37,18,6723,148,,
9817,-6,45,28,6768,146,,
9821,-11,37,19,6768,145,,
9825,1,45,29,6786,143,,
9829,4,44,28,6786,141,,
9833,-5,41,22,6782,141,,
9837,1,45,28,6782,140,,
9841,13,49,35,6787,138,,
9845,18,56,40,6787,137,,
9849,13,50,36,6749,135,,
9853,8,47,37,6749,132,,
9857,15,55,43,6730,130,,
9861,11,46,41,6730,125,,
9865,-1,35,31,6696,120,,
9869,5,41,38,6696,116,,
9873,-1,32,32,6766,111,,
9877,5,44,42,6766,108,,
9881,1,36,38,6759,104,,
9885,-8,32,33,6759,101,,
9889,2,35,37,6742,98,,
9893,8,35,40,6742,94,,
9897,4,34,41,6765,90,,
9901,8,36,48,6765,84,,
9905,9,37,53,6747,77,,
9909,15,39,54,6747,72,,
9913,12,38,57,6693,66,,
9917,12,36,55,6693,61,,
9921,11,33,52,6660,57,,
9925,11,37,55,6660,54,,
9929,2,27,47,6669,51,,
9933,-3,25,46,6669,48,,
9937,0,28,52,6674,44,,
9941,0,29,53,6674,41,,
9945,-2,26,55,6685,36,,
9949,-8,20,45,6685,34,,
9953,-6,16,45,6672,30,,
9957,6,27,55,6672,27,,
9961,5,27,57,6731,24,,
9965,9,34,59,6731,24,,
9969,13,33,62,6669,22,,
9973,16,37,67,6669,20,,
9977,12,38,66,6609,19,,
9981,11,35,62,6609,19,,
9985,3,30,61,6581,17,,
9989,3,32,61,6581,16,,
9993,2,27,57,6627,15,,
9997,-3,25,55,6627,14,,
10001,-8,16,49,6637,12,,
10005,-8,25,52,6637,13,,
10009,-2,24,53,6675,13,,
10013,-8,20,51,6675,12,,
10017,-16,12,39,6670,13,,
10021,1,24,53,6670,13,,
10025,-1,23,54,6726,12,,
10029,-9,15,44,6726,12,,
10033,5,26,56,6690,12,,
10037,9,31,61,6690,12,,
10041,3,23,55,6683,11,,
10045,0,25,53,6683,12,,
10049,2,26,58,6683,11,,
10053,8,27,59,6683,10,,
10057,2,31,60,6673,11,,
10061,-7,19,51,6673,10,,
10065,-5,17,48,6664,10,,
10069,6,32,62,6664,10,,
10073,-8,19,47,6726,11,,
10077,-13,16,44,6726,12,,
10081,-6,15,47,6713,11,,
10085,-2,16,46,6713,11,,
10089,-7,19,49,6753,11,,
10093,-6,15,45,6753,11,,
10097,5,26,54,6741,12,,
10101,5,23,51,6741,13,,
10105,10,24,53,6721,13,,
10109,14,30,59,6721,13,,
10113,15,30,58,6718,14,,
10117,13,31,60,6718,14,,
10121,3,23,50,6689,15,,
10125,1,25,51,6689,16,,
10129,2,22,50,6705,16,,
10133,-2,28,52,6705,18,,
10137,-5,21,46,6726,19,,
10141,1,21,48,6726,19,,
10145,3,26,51,6739,20,,
10149,1,27,50,6739,22,,
10153,8,29,53,6740,23,,
10157,16,33,56,6740,24,,
10161,10,31,56,6721,24,,
10165,5,29,48,6721,27,,
10169,10,39,59,6678,29,,
10173,13,34,54,6678,31,,
10177,5,32,51,6673,33,,
10181,0,29,51,6673,33,,
10185,2,31,45,6684,37,,
10189,2,33,48,6684,40,,
10193,-10,23,34,6717,44,,
10197,-6,29,37,6717,49,,
10201,-4,33,39,6750,54,,
10205,-7,28,32,6750,59,,
10209,-3,34,35,6749,65,,
10213,0,35,33,6749,71,,
10217,4,41,37,6751,77,,
10221,10,50,41,6751,84,,
10225,15,52,41,6727,91,,
10229,16,56,45,6727,97,,
10233,13,55,39,6664,104,,
10237,10,56,39,6664,110,,
10241,8,59,38,6644,117,,
10245,2,49,33,6644,120,,
10249,1,49,26,6617,126,,
10253,-2,44,31,6617,126,,
10257,-10,44,23,6657,130,,
10261,-9,40,20,6657,133,,
10265,-11,45,24,6688,136,,
10269,-6,44,23,6688,138,,
10273,-5,46,25,6699,140,,
10277,-2,47,21,6699,144,,
10281,0,45,21,6684,146,,
10285,-1,47,23,6684,148,,
10289,7,51,24,6693,151,,
10293,6,52,28,6693,152,,
10297,1,52,27,6664,153,,
10301,1,53,28,6664,154,,
10305,-2,54,26,6647,156,,
10309,-1,50,24,6647,157,,
10313,-4,49,24,6637,157,,
10317,-4,46,19,6637,158,,
10321,-5,47,20,6660,159,,
10325,-5,48,22,6660,159,,
10329,-7,43,16,6684,160,,
10333,-8,44,16,6684,161,,
10337,-16,34,8,6702,161,,
10341,-10,40,12,6702,162,,
10345,-4,40,14,6741,162,,
10349,-2,40,12,6741,163,,
10353,0,45,16,6753,164,,
10357,9,50,19,6753,166,,
10361,15,54,22,6741,168,,
10365,17,59,28,6741,169,,
10369,10,53,22,6693,170,,
10373,19,61,25,6693,173,,
10377,22,66,33,6693,174,,
10381,20,64,30,6693,175,,
10385,14,59,26,6637,176,,
10389,13,60,30,6637,175,,
10393,12,59,27,6658,175,,
10397,5,53,20,6658,176,,
10401,6,52,28,6665,172,,
10405,2,51,19,6665,173,,
10409,-1,50,21,6688,172,,
10413,-1,47,19,6688,171,,
10417,-1,45,17,6702,170,,
10421,1,51,19,6702,171,,
10425,4,50,20,6731,171,,
10429,4,50,16,6731,173,,
10433,5,49,17,6721,174,,
10437,2,51,18,6721,175,,
10441,9,55,20,6725,177,,
10445,9,59,23,6725,179,,
10449,11,60,23,6694,181,,
10453,16,60,28,6694,180,,
10457,20,64,29,6663,181,,
10461,21,64,30,6663,181,,
10465,14,59,25,6655,181,,
10469,16,66,30,6655,182,,
10473,20,67,33,6658,182,,
10477,7,55,25,6658,180,,
10481,3,57,24,6637,180,,
10485,6,58,24,6637,180,,
10489,3,59,24,6692,181,,
10493,-1,53,20,6692,181,,
10497,-1,51,17,6677,181,,
10501,-4,53,17,6677,182,,
10505,3,54,21,6710,181,,
10509,2,59,21,6710,183,,
10513,4,56,22,6697,183,,
10517,10,63,30,6697,182,,
10521,18,63,29,6675,182,,
10525,16,71,37,6675,182,,
10529,13,63,29,6628,182,,
10533,21,74,37,6628,183,,
10537,16,67,35,6642,182,,
10541,7,64,32,6642,181,,
10545,7,65,27,6618,183,,
10549,5,65,30,6618,183,,
10553,2,65,30,6651,183,,
10557,-13,49,17,6651,182,,
10561,-17,49,13,6646,183,,
10565,-11,49,14,6646,183,,
10569,-9,46,13,6749,182,,
10573,-4,52,19,6749,181,,
10577,-3,49,18,6767,180,,
10581,11,64,29,6767,181,,
10585,8,60,26,6742,181,,
10589,5,56,22,6742,181,,
10593,14,67,32,6679,182,,
10597,19,69,35,6679,182,,
10601,16,71,37,6663,182,,
10605,7,64,28,6663,183,,
10609,6,66,30,6614,184,,
10613,5,66,33,6614,183,,
10617,-2,60,23,6641,184,,
10621,-2,61,26,6641,184,,
10625,0,59,24,6665,184,,
10629,-6,57,22,6665,184,,
10633,-3,55,20,6679,184,,
10637,-5,61,26,6679,184,,
10641,7,66,29,6701,185,,
10645,8,64,28,6701,185,,
10649,5,65,29,6656,185,,
10653,14,74,37,6656,186,,
10657,13,71,35,6647,186,,
10661,5,62,28,6647,185,,
10665,1,68,31,6627,186,,
10669,12,76,41,6627,186,,
10673,-3,61,27,6646,185,,
10677,-10,53,18,6646,185,,
10681,-5,58,23,6670,185,,
10685,-2,61,27,6670,184,,
10689,-8,59,22,6721,185,,
10693,-2,55,26,6721,182,,
10697,8,62,28,6702,182,,
10701,7,65,29,6702,183,,
10705,-1,61,27,6701,183,,
10709,8,70,34,6701,184,,
10713,8,66,33,6680,183,,
10717,4,71,35,6680,184,,
10721,4,68,31,6637,185,,
10725,17,78,43,6637,185,,
10729,9,70,34,6645,185,,
10733,3,67,32,6645,185,,
10737,4,68,36,6641,183,,
10741,13,76,43,6641,182,,
10745,7,72,42,6641,180,,
10749,-1,62,33,6641,178,,
10753,0,64,35,6593,176,,
10757,9,71,43,6593,174,,
10761,-3,63,36,6653,172,,
10765,-9,60,30,6653,172,,
10769,4,61,39,6633,168,,
10773,5,65,40,6633,166,,
10777,0,61,39,6636,163,,
10781,2,63,42,6636,160,,
10785,13,69,53,6619,155,,
10789,11,71,51,6619,153,,
10793,5,67,50,6567,150,,
10797,9,69,55,6567,146,,
10801,11,71,58,6557,142,,
10805,0,59,45,6557,139,,
10809,-1,60,54,6514,133,,
10813,0,65,59,6514,128,,
10817,-1,60,60,6569,121,,
10821,-10,45,50,6569,113,,
10825,-15,45,52,6515,105,,
10829,-8,46,58,6515,96,,
10833,-7,48,63,6589,87,,
10837,-13,45,54,6589,83,,
10841,-6,41,55,6561,77,,
10845,9,56,71,6561,72,,
10849,14,60,75,6579,68,,
10853,2,55,72,6579,64,,
10857,0,54,70,6504,61,,
10861,1,51,71,6504,56,,
10865,-2,53,72,6535,53,,
10869,-14,44,68,6535,48,,
10873,-19,37,61,6541,44,,
10877,-14,41,68,6541,39,,
10881,-23,29,58,6617,34,,
10885,-34,17,48,6617,29,,
10889,-21,29,57,6634,27,,
10893,-26,22,50,6634,25,,
10897,-25,24,53,6681,23,,
10901,-18,25,55,6681,21,,
10905,-9,35,63,6714,20,,
10909,8,43,74,6714,18,,
10913,-8,37,66,6663,17,,
10917,11,48,78,6663,16,,
10921,19,53,83,6682,15,,
10925,8,44,75,6682,14,,
10929,2,49,80,6627,13,,
10933,-5,43,70,6627,14,,
10937,-6,42,73,6627,13,,
10941,-6,39,70,6627,12,,
10945,-21,26,56,6649,12,,
10949,-23,21,51,6649,12,,
10953,-22,19,48,6721,12,,
10957,-23,19,51,6721,11,,
10961,-25,15,45,6775,11,,
10965,-17,18,50,6775,10,,
10969,-2,34,60,6795,12,,
10973,3,33,65,6795,11,,
10977,12,39,71,6741,10,,
10981,15,42,73,6741,10,,
10985,20,51,83,6673,9,,
10989,18,51,80,6673,10,,
10993,8,42,74,6629,9,,
10997,7,42,71,6629,10,,
11001,2,37,67,6652,10,,
11005,0,33,67,6652,8,,
11009,-7,28,59,6678,8,,
11013,-10,30,61,6678,8,,
11017,-15,24,54,6721,9,,
11021,-10,26,55,6721,10,,
11025,-14,20,52,6750,9,,
11029,-1,34,63,6750,10,,
11033,11,36,67,6758,10,,
11037,12,38,68,6758,10,,
11041,17,47,78,6675,10,,
11045,17,43,73,6675,10,,
11049,22,51,84,6653,9,,
11053,20,47,76,6653,10,,
11057,15,49,80,6624,10,,
11061,19,52,82,6624,10,,
11065,12,48,77,6626,11,,
11069,4,41,71,6626,11,,
11073,3,40,70,6609,11,,
11077,1,40,66,6609,13,,
11081,-5,37,68,6656,12,,
11085,-8,33,64,6656,11,,
11089,-5,35,63,6671,12,,
11093,-5,34,61,6671,13,,
11097,5,39,68,6683,13,,
11101,8,41,70,6683,13,,
11105,11,49,77,6662,14,,
11109,15,57,84,6662,15,,
11113,13,49,78,6608,15,,
11117,11,49,75,6608,16,,
11121,11,54,80,6599,17,,
11125,13,59,85,6599,18,,
11129,10,50,78,6586,18,,
11133,-3,47,71,6586,20,,
11137,4,50,74,6581,21,,
11141,2,54,74,6581,24,,
11145,-3,46,71,6597,24,,
11149,1,54,74,6597,27,,
11153,2,53,72,6598,30,,
11157,0,51,68,6598,33,,
11161,4,53,69,6570,36,,
11165,4,58,72,6570,39,,
11169,5,61,77,6575,41,,
11173,8,63,74,6575,45,,
11177,4,65,74,6533,49,,
11181,0,59,69,6533,52,,
11185,5,67,74,6530,56,,
11189,-3,66,68,6530,62,,
11193,-13,61,61,6536,68,,
11197,-1,72,69,6536,74,,
11201,-3,67,62,6588,80,,
11205,-15,61,54,6588,86,,
11209,-18,55,47,6586,91,,
11213,0,77,63,6586,98,,
11217,-1,72,58,6655,104,,
11221,-6,72,54,6655,111,,
11225,-4,76,57,6600,117,,
11229,-5,78,55,6600,124,,
11233,-8,71,49,6589,129,,
11237,-5,76,52,6589,134,,
11241,0,87,59,6632,140,,
11245,-2,78,56,6632,142,,
11249,-2,79,48,6597,148,,
11253,-3,85,54,6597,153,,
11257,-12,78,47,6631,157,,
11261,-18,70,37,6631,161,,
11265,-10,74,44,6655,163,,
11269,-9,76,45,6655,165,,
11273,-14,74,40,6673,168,,
11277,-18,71,38,6673,170,,
11281,-5,78,49,6667,170,,
11285,-3,77,44,6667,172,,
11289,-20,72,37,6657,174,,
11293,-2,78,46,6657,174,,
11297,4,84,51,6686,175,,
11301,-3,80,48,6686,175,,
11305,-11,75,43,6659,175,,
11309,2,80,47,6659,176,,
11313,4,83,51,6685,176,,
11317,-2,81,47,6685,177,,
11321,-8,76,46,6661,176,,
11325,2,84,52,6661,176,,
11329,-1,84,50,6663,177,,
11333,-2,78,46,6663,177,,
11337,-8,77,41,6656,179,,
11341,5,80,49,6656,178,,
11345,1,86,51,6673,179,,
11349,-7,80,47,6673,179,,
11353,-1,81,46,6652,180,,
11357,0,77,44,6652,180,,
11361,-1,83,50,6664,180,,
11365,-8,79,45,6664,180,,
11369,3,80,51,6646,178,,
11373,-1,80,49,6646,177,,
11377,-10,70,38,6645,177,,
11381,-7,74,41,6645,177,,
11385,4,82,50,6701,177,,
11389,4,84,52,6701,177,,
11393,-5,78,48,6659,176,,
11397,7,83,52,6659,176,,
11401,-2,80,46,6663,177,,
11405,-8,76,44,6663,177,,
11409,0,83,49,6652,178,,
11413,6,85,49,6652,180,,
11417,-6,77,43,6656,180,,
11421,3,85,50,6656,181,,
11425,13,87,56,6664,180,,
11429,7,87,52,6664,181,,
11433,-8,78,44,6627,181,,
11437,12,94,58,6627,182,,
11441,7,84,54,6658,180,,
11445,0,83,50,6658,180,,
11449,1,86,51,6644,181,,
11453,4,87,57,6644,179,,
11457,4,88,57,6637,178,,
11461,2,84,51,6637,178,,
11465,1,85,52,6615,178,,
11469,4,83,52,6615,177,,
11473,10,94,63,6618,176,,
11477,3,92,58,6618,177,,
11481,3,87,55,6588,177,,
11485,0,85,55,6588,176,,
11489,-4,83,53,6598,175,,
11493,1,87,57,6598,174,,
11497,-1,82,51,6616,174,,
11501,-8,78,47,6616,174,,
11505,-4,87,55,6626,174,,
11509,2,85,56,6626,173,,
11513,-1,84,55,6616,172,,
11517,-2,91,58,6616,173,,
11521,3,87,59,6615,172,,
11525,1,89,56,6615,173,,
11529,-5,84,54,6606,173,,
11533,-4,85,54,6606,173,,
11537,-5,85,54,6616,173,,
11541,-5,83,56,6616,171,,
11545,-12,79,49,6608,171,,
11549,-12,79,49,6608,171,,
11553,-8,81,51,6633,171,,
11557,-3,88,60,6633,170,,
11561,-13,76,46,6642,170,,
11565,-8,78,51,6642,169,,
11569,-3,84,52,6664,170,,
11573,-11,76,49,6664,169,,
11577,-9,79,48,6637,170,,
11581,-3,82,54,6637,169,,
11585,3,86,59,6655,168,,
11589,-5,83,52,6655,169,,
11593,-6,81,53,6608,168,,
11597,-10,82,55,6608,167,,
11601,-14,73,46,6628,166,,
11605,-6,79,51,6628,166,,
11609,-10,76,48,6657,166,,
11613,-11,80,51,6657,166,,
11617,-10,74,46,6654,166,,
11621,-3,80,51,6654,166,,
11625,-2,86,56,6663,167,,
11629,-9,75,47,6663,167,,
11633,2,88,60,6627,167,,
11637,-1,86,57,6627,167,,
11641,-6,77,49,6629,167,,
11645,-5,84,54,6629,168,,
11649,-7,76,47,6660,168,,
11653,-12,75,50,6660,166,,
11657,-25,66,38,6666,166,,
11661,-13,72,46,6666,165,,
11665,-18,68,40,6720,165,,
11669,-20,61,33,6720,165,,
11673,-11,71,45,6706,164,,
11677,-6,75,48,6706,164,,
11681,-16,63,36,6697,164,,
11685,-16,69,40,6697,165,,
11689,0,79,51,6721,165,,
11693,4,83,53,6721,166,,
11697,2,81,53,6689,166,,
11701,9,82,54,6689,166,,
11705,7,88,58,6658,167,,
11709,-10,71,42,6658,167,,
11713,2,80,51,6637,167,,
11717,3,85,59,6637,166,,
11721,-4,75,48,6689,165,,
11725,-15,68,40,6689,165,,
11729,-15,71,45,6680,164,,
11733,-15,67,37,6680,165,,
11737,-20,61,35,6719,164,,
11741,-14,65,38,6719,164,,
11745,-1,74,47,6753,164,,
11749,4,79,50,6753,165,,
11753,5,75,49,6701,164,,
11757,4,82,54,6701,164,,
11761,11,83,55,6682,164,,
11765,20,92,63,6682,165,,
11769,13,92,67,6655,164,,
11773,-7,73,48,6655,163,,
11777,-8,73,48,6589,162,,
11781,-6,75,49,6589,162,,
11785,-6,73,49,6692,161,,
11789,-11,65,41,6692,160,,
11793,-26,55,29,6682,160,,
11797,-17,65,41,6682,159,,
11801,-16,60,35,6758,159,,
11805,-19,58,33,6758,159,,
11809,-18,54,29,6752,159,,
11813,-10,60,36,6752,158,,
11817,7,74,47,6784,159,,
11821,4,72,49,6784,158,,
11825,4,73,44,6710,160,,
11829,7,74,50,6710,159,,
11833,20,88,60,6681,160,,
11837,13,84,59,6681,160,,
11841,7,77,53,6633,159,,
11845,11,82,57,6633,159,,
11849,-6,67,41,6656,159,,
11853,-11,63,41,6656,157,,
11857,-8,61,38,6688,156,,
11861,-14,64,39,6688,156,,
11865,-14,58,35,6739,155,,
11869,-18,56,32,6739,155,,
11873,-14,54,32,6745,154,,
11877,-11,57,35,6745,153,,
11881,-7,55,36,6757,151,,
11885,0,70,45,6757,152,,
11889,3,68,45,6747,152,,
11893,8,74,50,6747,153,,
11897,10,74,49,6692,154,,
11901,6,74,49,6692,155,,
11905,0,67,43,6662,155,,
11909,7,73,51,6662,154,,
11913,10,73,50,6673,154,,
11917,-3,67,43,6673,154,,
11921,-10,58,36,6645,153,,
11925,-15,57,33,6645,153,,
11929,3,65,43,6711,152,,
11933,-8,56,33,6711,152,,
11937,-23,45,26,6691,150,,
11941,-18,50,30,6691,149,,
11945,-6,56,34,6757,149,,
11949,-13,48,27,6757,149,,
11953,-6,57,33,6737,150,,
11957,7,62,42,6737,149,,
11961,8,69,44,6743,151,,
11965,-8,54,32,6743,151,,
11969,6,67,45,6682,151,,
11973,12,71,46,6682,152,,
11977,3,69,42,6690,154,,
11981,-2,61,38,6690,154,,
11985,4,70,44,6668,155,,
11989,1,61,35,6668,156,,
11993,-9,56,32,6681,156,,
11997,-14,51,25,6681,157,,
12001,-12,54,29,6722,157,,
12005,-3,58,32,6722,158,,
12009,0,62,37,6747,158,,
12013,-11,48,23,6747,158,,
12017,-2,51,30,6702,156,,
12021,-2,58,31,6702,157,,
12025,2,55,36,6740,154,,
12029,9,67,42,6740,155,,
12033,1,54,32,6723,154,,
12037,2,59,37,6723,153,,
12041,7,62,39,6722,153,,
12045,6,65,42,6722,153,,
12049,0,55,32,6673,153,,
12053,-8,50,25,6673,154,,
12057,8,64,41,6693,154,,
12061,1,59,34,6693,155,,
12065,-10,51,25,6681,156,,
12069,-3,53,29,6681,156,,
12073,7,64,40,6712,156,,
12077,8,60,35,6712,156,,
12081,-3,57,32,6681,156,,
12085,1,57,35,6681,155,,
12089,3,55,29,6683,156,,
12093,0,56,34,6683,155,,
12097,-4,52,30,6701,154,,
12101,5,58,35,6701,154,,
12105,5,58,35,6713,154,,
12109,-13,45,21,6713,154,,
12113,-8,48,24,6673,154,,
12117,2,55,30,6673,155,,
12121,-6,46,26,6749,153,,
12125,-4,54,29,6749,154,,
12129,0,51,27,6743,154,,
12133,8,61,38,6743,154,,
12137,3,53,29,6733,154,,
12141,-5,52,28,6733,154,,
12145,3,50,31,6710,152,,
12149,4,59,34,6710,153,,
12153,3,51,30,6724,152,,
12157,-2,54,31,6724,152,,
12161,-4,47,24,6713,152,,
12165,-4,52,29,6713,152,,
12169,-10,43,18,6732,153,,
12173,-8,43,20,6732,153,,
12177,-3,46,23,6767,153,,
12181,-9,47,24,6767,153,,
12185,-4,44,22,6764,152,,
12189,-6,43,20,6764,152,,
12193,1,48,26,6766,152,,
12197,3,45,24,6766,151,,
12201,4,52,30,6758,151,,
12205,11,54,30,6758,152,,
12209,4,44,24,6740,151,,
12213,2,51,27,6740,152,,
12217,4,47,26,6750,151,,
12221,6,47,22,6750,152,,
12225,1,48,27,6741,151,,
12229,-11,35,15,6741,150,,
12233,-6,34,14,6749,149,,
12237,-2,41,17,6749,150,,
12241,-6,39,15,6793,151,,
12245,-10,33,8,6793,152,,
12249,5,44,21,6795,152,,
12253,2,45,20,6795,153,,
12257,-1,39,16,6777,153,,
12261,9,48,25,6777,153,,
12265,16,51,27,6794,153,,
12269,13,48,23,6794,154,,
12273,14,51,28,6751,154,,
12277,20,55,29,6751,155,,
12281,16,50,26,6749,155,,
12285,12,51,27,6749,155,,
12289,7,51,26,6736,156,,
12293,6,46,24,6736,155,,
12297,9,48,22,6740,156,,
12301,3,41,17,6740,156,,
12305,-3,35,11,6740,156,,
12309,2,37,13,6740,156,,
12313,3,41,17,6779,156,,
12317,1,42,20,6779,155,,
12321,1,41,15,6773,156,,
12325,9,45,19,6773,157,,
12329,14,47,22,6785,157,,
12333,16,48,23,6785,157,,
12337,18,50,25,6748,157,,
12341,20,57,30,6748,158,,
12345,20,57,30,6740,159,,
12349,21,56,31,6740,159,,
12353,11,48,25,6684,158,,
12357,0,42,13,6684,160,,
12361,8,44,20,6711,159,,
12365,11,47,21,6711,159,,
12369,0,38,13,6742,159,,
12373,2,39,14,6742,159,,
12377,12,47,19,6749,160,,
12381,20,52,26,6749,160,,
12385,14,54,26,6741,161,,
12389,13,51,27,6741,160,,
12393,19,57,29,6697,161,,
12397,21,60,30,6697,163,,
12401,17,57,28,6661,164,,
12405,15,55,27,6661,164,,
12409,18,58,29,6647,165,,
12413,17,61,34,6647,165,,
12417,15,58,33,6637,164,,
12421,8,54,25,6637,165,,
12425,1,48,20,6608,165,,
12429,2,47,20,6608,165,,
12433,6,48,22,6682,164,,
12437,3,52,23,6682,165,,
12441,1,48,20,6686,165,,
12445,3,48,21,6686,165,,
12449,6,49,23,6683,164,,
12453,12,58,31,6683,164,,
12457,-1,48,19,6692,165,,
12461,6,52,23,6692,166,,
12465,11,55,25,6681,167,,
12469,8,57,28,6681,167,,
12473,0,50,21,6665,167,,
12477,-2,48,17,6665,168,,
12481,8,57,28,6681,168,,
12485,5,55,24,6681,169,,
12489,-4,46,17,6657,169,,
12493,3,52,18,6657,171,,
12497,11,64,34,6701,171,,
12501,9,56,26,6701,171,,
12505,2,55,25,6627,171,,
12509,3,53,25,6627,170,,
12513,8,59,32,6656,169,,
12517,7,59,27,6656,170,,
12521,-1,53,28,6632,168,,
12525,-7,47,20,6632,167,,
12529,1,51,22,6654,167,,
12533,1,54,26,6654,167,,
12537,-3,50,19,6676,168,,
12541,2,51,22,6676,168,,
12545,6,57,28,6678,168,,
12549,4,60,27,6678,170,,
12553,-8,48,18,6647,170,,
12557,2,59,25,6647,172,,
12561,3,56,24,6683,173,,
12565,0,52,20,6683,174,,
12569,-5,52,19,6647,175,,
12573,2,54,22,6647,175,,
12577,2,57,24,6665,176,,
12581,-13,42,12,6665,175,,
12585,-15,39,7,6664,175,,
12589,-6,47,16,6664,175,,
12593,-5,50,18,6740,175,,
12597,-11,38,7,6740,175,,
12601,-3,52,19,6711,176,,
12605,9,57,26,6711,176,,
12609,4,52,20,6711,176,,
12613,0,52,21,6711,176,,
12617,18,64,30,6694,177,,
12621,22,70,38,6694,177,,
12625,10,60,30,6653,176,,
12629,8,58,26,6653,176,,
12633,13,59,29,6639,175,,
12637,3,56,26,6639,174,,
12641,-7,45,17,6657,172,,
12645,-8,47,18,6657,171,,
12649,1,49,23,6712,169,,
12653,-4,45,16,6712,169,,
12657,-8,44,17,6691,168,,
12661,-1,45,20,6691,166,,
12665,3,49,19,6723,167,,
12669,5,54,24,6723,168,,
12673,2,48,21,6719,167,,
12677,3,49,19,6719,168,,
12681,10,58,27,6712,169,,
12685,11,56,28,6712,168,,
12689,9,55,24,6682,169,,
12693,13,61,32,6682,169,,
12697,17,64,33,6671,170,,
12701,8,57,25,6671,171,,
12705,0,47,21,6611,169,,
12709,3,55,24,6611,170,,
12713,9,55,29,6673,168,,
12717,4,56,27,6673,168,,
12721,0,55,28,6646,167,,
12725,4,57,26,6646,168,,
12729,11,58,31,6638,167,,
12733,6,54,26,6638,167,,
12737,-2,52,23,6621,167,,
12741,6,55,27,6621,167,,
12745,5,58,29,6650,167,,
12749,4,56,25,6650,168,,
12753,3,57,28,6625,168,,
12757,5,52,23,6625,168,,
12761,8,62,35,6621,167,,
12765,4,56,30,6621,166,,
12769,-2,55,27,6617,166,,
12773,6,57,31,6617,165,,
12777,3,53,26,6639,165,,
12781,3,55,30,6639,164,,
12785,-4,50,20,6650,165,,
12789,-6,55,26,6650,166,,
12793,0,55,27,6671,166,,
12797,-7,46,20,6671,165,,
12801,-12,45,18,6655,165,,
12805,-2,50,20,6655,166,,
12809,4,61,31,6702,167,,
12813,3,58,27,6702,168,,
12817,5,55,28,6645,167,,
12821,14,68,34,6645,170,,
12825,10,62,30,6647,171,,
12829,7,62,32,6647,171,,
12833,7,61,29,6638,172,,
12837,6,67,35,6638,173,,
12841,5,62,32,6646,173,,
12845,3,64,31,6646,174,,
12849,1,57,28,6633,173,,
12853,9,60,31,6633,172,,
12857,2,63,34,6649,171,,
12861,-1,56,28,6649,170,,
12865,0,59,31,6626,169,,
12869,-3,54,25,6626,169,,
12873,-3,58,33,6636,167,,
12877,-5,55,25,6636,168,,
12881,-3,56,29,6640,167,,
12885,-4,52,24,6640,167,,
12889,-5,54,23,6664,168,,
12893,-7,53,24,6664,168,,
12897,-6,56,23,6680,170,,
12901,0,59,31,6680,169,,
12905,3,61,26,6672,172,,
12909,2,60,29,6672,172,,
12913,2,57,25,6655,173,,
12917,-3,56,23,6655,174,,
12921,10,65,36,6656,173,,
12925,10,69,36,6656,174,,
12929,8,63,33,6627,173,,
12933,12,73,42,6627,173,,
12937,13,69,40,6637,172,,
12941,9,68,40,6637,171,,
12945,10,71,41,6607,171,,
12949,9,70,44,6607,169,,
12953,5,64,36,6605,168,,
12957,-1,67,36,6605,169,,
12961,-4,57,32,6611,167,,
12965,-4,60,30,6611,168,,
12969,-3,61,32,6636,168,,
12973,-9,56,28,6636,168,,
12977,-10,55,27,6653,168,,
12981,-6,58,29,6653,168,,
12985,-6,58,29,6673,168,,
12989,-6,54,23,6673,169,,
12993,1,62,37,6663,167,,
12997,6,63,34,6663,167,,
13001,4,67,40,6649,166,,
13005,-2,58,31,6649,165,,
13009,4,68,41,6626,165,,
13013,6,65,37,6626,165,,
13017,7,67,39,6621,165,,
13021,-1,62,34,6621,165,,
13025,4,72,42,6617,166,,
13029,-3,60,32,6617,166,,
13033,-16,53,21,6612,168,,
13037,-14,57,28,6612,168,,
13041,-6,61,30,6719,169,,
13045,-7,56,23,6719,171,,
13049,-10,59,26,6681,173,,
13053,-3,57,27,6681,173,,
13057,-6,63,26,6701,176,,
13061,4,63,31,6701,176,,
13065,13,72,36,6687,178,,
13069,13,78,43,6687,179,,
13073,11,75,44,6648,178,,
13077,10,71,38,6648,178,,
13081,10,71,40,6617,177,,
13085,6,74,43,6617,176,,
13089,4,71,42,6622,175,,
13093,7,68,39,6622,174,,
13097,3,72,41,6598,174,,
13101,0,63,34,6598,173,,
13105,0,67,40,6608,171,,
13109,3,71,39,6608,172,,
13113,4,70,41,6628,171,,
13117,-4,64,34,6628,171,,
13121,2,68,38,6614,171,,
13125,4,70,40,6614,171,,
13129,5,68,42,6634,169,,
13133,1,72,42,6634,169,,
13137,1,64,39,6606,167,,
13141,6,72,48,6606,165,,
13145,2,65,47,6631,160,,
13149,-6,57,43,6631,154,,
13153,-6,52,46,6595,145,,
13157,1,59,56,6595,136,,
13161,7,57,64,6643,124,,
13165,4,51,64,6643,111,,
13169,10,51,74,6550,95,,
13173,9,52,81,6550,79,,
13177,1,43,77,6515,64,,
13181,5,46,87,6515,48,,
13185,4,44,83,6551,36,,
13189,-2,37,79,6551,25,,
13193,-9,36,76,6553,17,,
13197,-5,38,74,6553,13,,
13201,-3,43,78,6592,10,,
13205,-7,39,71,6592,9,,
13209,-8,37,67,6576,9,,
13213,0,45,76,6576,9,,
13217,0,43,74,6623,9,,
13221,-2,40,71,6623,9,,
13225,-5,43,70,6581,11,,
13229,-7,47,69,6581,15,,
13233,-1,49,70,6588,19,,
13237,-5,51,67,6588,25,,
13241,-1,57,62,6590,35,,
13245,3,60,60,6590,46,,
13249,4,64,56,6585,59,,
13253,1,70,53,6585,74,,
13257,3,73,49,6563,90,,
13261,8,88,58,6563,106,,
13265,4,83,52,6558,119,,
13269,-6,76,39,6558,133,,
13273,1,84,47,6542,144,,
13277,-2,84,47,6542,153,,
13281,-8,79,44,6597,159,,
13285,-11,72,39,6597,163,,
13289,-11,67,38,6598,164,,
13293,-9,72,39,6598,167,,
13297,-14,68,38,6653,168,,
13301,-10,66,39,6653,167,,
13305,-7,74,48,6639,166,,
13309,-2,75,47,6639,166,,
13313,1,74,47,6617,165,,
13317,7,81,54,6617,165,,
13321,5,82,55,6608,165,,
13325,2,81,55,6608,164,,
13329,0,78,49,6585,165,,
13333,-2,78,50,6585,165,,
13337,-5,78,48,6605,166,,
13341,-7,73,43,6605,167,,
13345,-2,77,49,6607,167,,
13349,-11,74,42,6607,169,,
13353,-26,62,33,6616,169,,
13357,-18,62,33,6616,169,,
13361,-16,70,39,6691,170,,
13365,-18,64,32,6691,171,,
13369,-7,66,38,6671,170,,
13373,7,80,48,6671,171,,
13377,15,87,57,6673,171,,
13381,22,89,62,6673,169,,
13385,21,94,65,6607,169,,
13389,12,89,62,6607,168,,
13393,10,90,63,6580,167,,
13397,12,90,60,6580,168,,
13401,3,84,57,6556,167,,
13405,-8,77,51,6556,166,,
13409,-13,74,46,6579,166,,
13413,-12,68,44,6579,164,,
13417,-15,65,34,6635,166,,
13421,-21,66,36,6635,167,,
13425,-9,73,45,6683,167,,
13429,2,78,48,6683,168,,
13433,7,83,54,6655,168,,
13437,15,92,61,6655,169,,
13441,19,96,69,6616,168,,
13445,13,89,62,6616,167,,
13449,3,86,56,6552,168,,
13453,5,88,59,6552,168,,
13457,10,94,63,6605,169,,
13461,3,88,61,6605,168,,
13465,-6,84,53,6569,169,,
13469,2,85,55,6569,169,,
13473,-6,81,50,6599,170,,
13477,-18,73,41,6599,171,,
13481,-13,75,45,6610,171,,
13485,-3,88,56,6610,172,,
13489,-5,80,50,6653,172,,
13493,-9,79,46,6653,173,,
13497,11,94,61,6627,174,,
13501,6,91,60,6627,174,,
13505,0,82,53,6599,173,,
13509,12,99,66,6599,174,,
13513,14,98,71,6617,172,,
13517,10,92,64,6617,171,,
13521,0,91,65,6571,169,,
13525,-2,85,57,6571,168,,
13529,1,92,65,6582,167,,
13533,0,86,59,6582,166,,
13537,-12,78,51,6587,165,,
13541,-13,81,55,6587,164,,
13545,-11,76,50,6639,163,,
13549,-13,76,47,6639,164,,
13553,-4,83,53,6635,165,,
13557,0,92,60,6635,167,,
13561,-2,83,56,6636,166,,
13565,10,100,68,6636,168,,
13569,11,94,66,6627,168,,
13573,-2,86,57,6627,168,,
13577,4,92,62,6588,169,,
13581,13,98,71,6588,168,,
13585,5,98,71,6609,167,,
13589,-9,82,55,6609,166,,
13593,-5,89,63,6581,165,,
13597,-3,87,57,6581,166,,
13601,-11,85,56,6625,166,,
13605,-8,81,53,6625,166,,
13609,-5,85,53,6626,168,,
13613,-5,88,59,6626,168,,
13617,-5,89,57,6640,170,,
13621,-4,87,59,6640,169,,
13625,-4,87,58,6626,169,,
13629,6,95,65,6626,169,,
13633,14,100,73,6624,168,,
13637,9,98,69,6624,168,,
13641,3,94,67,6588,167,,
13645,-1,90,64,6588,166,,
13649,2,93,65,6597,166,,
13653,5,99,73,6597,165,,
13657,-8,84,58,6606,164,,
13661,-10,88,60,6606,164,,
13665,-5,88,63,6652,163,,
13669,-8,87,58,6652,164,,
13673,-17,78,53,6625,163,,
13677,-7,81,52,6625,164,,
13681,2,92,63,6669,165,,
13685,2,96,69,6669,165,,
13689,0,92,60,6626,167,,
13693,3,92,65,6626,166,,
13697,11,100,75,6612,166,,
13701,19,100,76,6612,166,,
13705,10,100,77,6597,165,,
13709,11,100,72,6597,165,,
13713,7,100,75,6596,165,,
13717,-1,100,74,6596,165,,
13721,3,98,70,6606,165,,
13725,-1,99,72,6606,165,,
13729,-10,87,59,6598,165,,
13733,-4,96,66,6598,166,,
13737,-6,92,64,6652,166,,
13741,-6,91,63,6652,166,,
13745,0,100,72,6620,166,,
13749,13,100,75,6620,166,,
13753,6,100,70,6616,167,,
13757,-4,96,69,6616,166,,
13761,13,100,79,6617,167,,
13765,13,100,81,6617,166,,
13769,5,100,78,6607,167,,
13773,-4,100,71,6607,167,,
13777,15,100,83,6607,168,,
13781,6,100,81,6607,169,,
13785,-5,97,67,6606,169,,
13789,6,100,76,6606,172,,
13793,8,100,72,6642,174,,
13797,4,100,75,6642,175,,
13801,3,100,74,6625,176,,
13805,12,100,80,6625,176,,
13809,6,100,82,6614,175,,
13813,4,100,80,6614,174,,
13817,16,100,84,6615,177,,
13821,12,100,86,6615,179,,
13825,6,100,82,6607,179,,
13829,7,100,82,6607,179,,
13833,10,100,89,6610,178,,
13837,4,100,79,6610,177,,
13841,-1,100,80,6619,176,,
13845,4,100,86,6619,176,,
13849,5,100,81,6636,175,,
13853,4,100,84,6636,174,,
13857,10,100,80,6627,176,,
13861,7,100,86,6627,175,,
13865,2,100,85,6616,175,,
13869,6,100,81,6616,176,,
13873,3,100,84,6621,176,,
13877,6,100,86,6621,175,,
13881,-3,100,78,6617,175,,
13885,4,100,88,6617,174,,
13889,2,100,83,6635,175,,
13893,-1,100,81,6635,174,,
13897,2,100,85,6626,175,,
13901,5,100,88,6626,174,,
13905,10,100,88,6634,175,,
13909,5,100,90,6634,175,,
13913,7,100,91,6626,174,,
13917,9,100,90,6626,175,,
13921,6,100,92,6630,175,,
13925,8,100,91,6630,176,,
13929,10,100,92,6626,177,,
13933,12,100,99,6626,176,,
13937,2,100,90,6617,176,,
13941,3,100,93,6617,177,,
13945,5,100,94,6643,176,,
13949,-2,100,84,6643,178,,
13953,4,100,94,6633,178,,
13957,12,100,98,6633,178,,
13961,10,100,93,6644,180,,
13965,15,100,100,6644,180,,
13969,14,100,100,6626,181,,
13973,15,100,99,6626,182,,
13977,17,100,100,6635,184,,
13981,16,100,100,6635,186,,
13985,12,100,98,6641,187,,
13989,3,100,95,6641,188,,
13993,9,100,100,6636,190,,
13997,21,100,100,6636,191,,
14001,19,100,100,6629,192,,
14005,22,100,100,6629,193,,
14009,24,100,100,6635,193,,
14013,26,100,100,6635,193,,
14017,30,100,100,6636,192,,
14021,25,100,100,6636,191,,
14025,15,100,100,6628,189,,
14029,12,100,100,6628,189,,
14033,17,100,100,6626,189,,
14037,14,100,100,6626,189,,
14041,13,100,100,6632,191,,
14045,8,100,100,6632,194,,
14049,13,100,100,6636,196,,
14053,12,100,100,6636,199,,
14057,2,100,100,6636,203,,
14061,22,100,100,6636,206,,
14065,33,100,100,6645,208,,
14069,37,100,100,6645,210,,
14073,40,100,100,6635,211,,
14077,55,100,100,6635,212,,
14081,47,100,100,6637,212,,
14085,49,100,100,6637,212,,
14089,45,100,100,6636,210,,
14093,31,100,100,6636,210,,
14097,24,100,100,6630,208,,
14101,30,100,100,6630,209,,
14105,24,100,100,6636,209,,
14109,12,100,100,6636,210,,
14113,17,100,100,6642,212,,
14117,24,100,100,6642,215,,
14121,25,100,100,6630,219,,
14125,32,100,100,6630,223,,
14129,49,100,100,6643,226,,
14133,55,100,100,6643,230,,
14137,58,100,100,6640,230,,
14141,63,100,100,6640,225,,
14145,63,100,100,6635,210,,
14149,55,100,100,6635,192,,
14153,53,100,100,6635,182,,
14157,53,100,100,6635,196,,
14161,33,100,100,6634,222,,
14165,24,100,100,6634,236,,
14169,37,100,100,6623,244,,
14173,43,100,100,6623,247,,
14177,39,100,100,6620,249,,
14181,42,100,100,6620,253,,
14185,54,100,100,6625,256,,
14189,55,100,100,6625,257,,
14193,69,100,100,6616,261,,
14197,87,100,100,6616,265,,
14201,81,100,100,6626,265,,
14205,79,100,100,6626,269,,
14209,85,100,100,6618,270,,
14213,84,100,100,6618,272,,
14217,76,100,100,6607,272,,
14221,70,100,100,6607,274,,
14225,70,100,100,6608,275,,
14229,72,100,100,6608,275,,
14233,66,100,100,6604,277,,
14237,81,100,100,6604,278,,
14241,83,100,100,6604,281,,
14245,84,100,100,6604,284,,
14249,90,100,100,6607,287,,
14253,112,100,100,6607,289,,
14257,121,100,100,6597,290,,
14261,115,100,100,6597,292,,
14265,120,100,100,6590,295,,
14269,121,100,100,6590,295,,
14273,115,100,100,6583,294,,
14277,121,100,100,6583,292,,
14281,112,100,100,6582,291,,
14285,108,100,100,6582,289,,
14289,114,100,100,6584,287,,
14293,130,100,100,6584,284,,
14297,129,100,100,6582,280,,
14301,121,100,100,6582,277,,
14305,137,100,100,6579,272,,
14309,143,100,100,6579,266,,
14313,149,100,100,6579,262,,
14317,172,100,100,6579,261,,
14321,167,100,100,6587,261,,
14325,189,100,100,6587,261,,
14329,195,100,100,6579,262,,
14333,193,100,100,6579,261,,
14337,215,100,100,6565,261,,
14341,209,100,100,6565,260,,
14345,206,100,100,6563,259,,
14349,209,100,100,6563,257,,
14353,220,100,100,6559,252,,
14357,217,100,100,6559,248,,
14361,240,100,100,6551,241,,
14365,250,100,100,6551,234,,
14369,263,100,100,6571,225,,
14373,307,100,100,6571,214,,
14377,315,100,100,6585,201,,
14381,349,100,100,6585,190,,
14385,394,100,100,6598,177,,
14389,401,100,100,6598,164,,
14393,407,100,100,6601,153,,
14397,400,100,100,6601,142,,
14401,399,100,100,6615,130,,
14405,402,100,100,6615,121,,
14409,405,100,100,6627,111,,
14413,402,100,100,6627,100,,
14417,414,100,100,6630,91,,
14421,414,100,100,6630,83,,
14425,421,100,100,6644,72,,
14429,437,100,100,6644,65,,
14433,452,100,100,6646,58,,
14437,470,100,100,6646,48,,
14441,470,100,100,6636,36,,
14445,470,100,100,6636,24,,
14449,498,100,100,6647,15,,
14453,498,100,100,6647,8,,
14457,498,100,100,6664,5,,
14461,498,100,100,6664,3,,
